#Reseller
INSERT INTO `users` (`id`, `username`   , `password`                               , `usertype`, `logged`, `first_name`, `last_name`, `calltime_normative`, `show_in_realtime_stats`, `balance`, `frozen_balance`, `lcr_id`, `postpaid`, `blocked`, `tariff_id`, `month_plan_perc`, `month_plan_updated`, `sales_this_month`, `sales_this_month_planned`, `show_billing_info`, `primary_device_id`, `credit`, `clientid`, `agreement_number`, `agreement_date`, `language`, `taxation_country`, `vat_number`, `vat_percent`, `address_id`, `accounting_number`, `owner_id`, `hidden`, `allow_loss_calls`, `vouchers_disabled_till`, `uniquehash`, `c2c_service_active`, `temporary_id`, `send_invoice_types`, `call_limit`, `c2c_call_price`, `sms_tariff_id`, `sms_lcr_id`, `sms_service_active`, `cyberplat_active`, `call_center_agent`, `generate_invoice`, `tax_1`, `tax_2`, `tax_3`, `tax_4`, `block_at` , `block_at_conditional`, `block_conditional_use`, `recording_enabled`, `recording_forced_enabled`, `recordings_email`, `recording_hdd_quota`, `warning_email_active`, `warning_email_balance`, `warning_email_sent`, `tax_id`, `invoice_zero_calls`, `acc_group_id`) 
VALUES              (6   ,'rspro'       ,'41cec86ba93d20b435a66a4804a25cb493012c4c','reseller' ,0        ,'Test'       ,'Rspro'     ,3                    ,0                        ,10.73     ,5.56             ,1        ,1          ,0         ,4           ,0                 ,NULL                 ,0                  ,0                          ,1                   ,0                   ,-1       ,''         ,'0000000001'       ,'2009-03-31'     ,''         ,123                ,''           ,19            ,2            ,''                  ,0          ,0        ,0                  ,'2000-01-01 00:00:00'    ,'qg2audn8qa' ,0                    ,NULL           ,0                    ,0            ,NULL             ,NULL            ,NULL         ,0                    ,0                  ,0                   ,1                  ,0       ,0       ,0       ,0       ,'2015-01-01',15                     ,0                       ,0                   ,0                          ,NULL               ,100                   ,0                      ,0                       ,0                    ,1        ,1                    ,6              );
#Reseller_Permissions - tik reikia patiem sudeti leidimus :)
INSERT INTO `acc_groups` (`id`,`name`                 ,`only_view`,`group_type`,`description`)
VALUES                   (6   ,'Resellers_Permissions',0          ,'reseller'  ,'Permissions');
#Card group
INSERT INTO `cardgroups` (`id`, `name`               , `description`              , `price`, `setup_fee`, `ghost_min_perc`, `daily_charge`, `tariff_id`, `lcr_id`, `created_at`        , `valid_from`        , `valid_till`        , `vat_percent`, `number_length`, `pin_length`, `dialplan_id`, `image`      , `location_id`, `owner_id`, `tax_id`)
VALUES                   (6   ,'Test_rspro_cardgroup','Test_cardgroup description',10.084  ,1           ,100              ,0.1            ,2           ,1        ,'2009-04-16 04:57:41','2009-04-16 00:00:00','2012-04-16 23:59:59',19            ,10              ,4            ,0             ,'example.jpg' ,1             ,0          ,6);
#Calling card write permission
INSERT INTO `acc_group_rights`(`id`,`acc_group_id`,`acc_right_id`,`value`) VALUES(1   ,          6   ,        31   ,   2   ),(2   ,          6   ,        32   ,   0   ),(3   ,          6   ,        33   ,   0   ),(4   ,          6   ,        34   ,   0   );
#Cards
INSERT INTO `cards` (`id`, `balance`, `cardgroup_id`, `sold`, `number`   , `pin`, `first_use`, `daily_charge_paid_till`, `frozen_balance`, `owner_id`, `callerid`)
VALUES              (111 ,11.384033 ,6              ,1      ,'8611111000','7856',NULL       ,NULL                      ,0                ,6          ,NULL),
                    (112 ,12.045033 ,6              ,1      ,'8611111001','9812',NULL       ,NULL                      ,0                ,6          ,NULL),
                    (113 ,14.034033 ,6              ,1      ,'8611111002','8722',NULL       ,NULL                      ,0                ,6          ,NULL),
                    (114 ,14.58103  ,6              ,1      ,'8611111003','1360',NULL       ,NULL                      ,0                ,6          ,NULL);
#Calls
INSERT INTO `calls` (`id` , `calldate`                        , `clid`               ,`src`        ,`dst`        ,`dcontext` ,`channel` , `dstchannel`, `lastapp`, `lastdata`, `duration`, `billsec`, `disposition`, `amaflags`, `accountcode`, `uniqueid`   , `userfield`, `src_device_id`, `dst_device_id`, `processed`, `did_price`, `card_id`, `provider_id`, `provider_rate`, `provider_billsec`, `provider_price`, `user_id`, `user_rate`, `user_billsec`, `user_price`, `reseller_id`, `reseller_rate`, `reseller_billsec`, `reseller_price`, `partner_id`, `partner_rate`,`partner_billsec`,`partner_price`, `prefix`, `server_id`, `hangupcause`, `callertype`, `peerip`, `recvip`, `sipfrom`, `uri`, `useragent`, `peername`, `t38passthrough`, `did_inc_price`, `did_prov_price`, `localized_dst`, `did_provider_id`, `did_id`, `originator_ip`, `terminator_ip`, `real_duration`, `real_billsec`, `did_billsec`)
VALUES              (226  ,DATE_SUB(NOW(), INTERVAL 50 SECOND),''                    ,'101'        ,'123123'     ,''         ,''        ,''           ,''        ,''         ,40         ,50        ,'ANSWERED'    ,0          ,'2'           ,'1232113379.3',''          ,2               ,0               ,0           ,0           ,111       ,1             ,0               ,0                  ,8                ,0        ,4            ,1              ,2            ,6             ,0               ,0                  ,3                ,0            ,0              ,0                 ,7               ,'1231'   ,1           ,16            ,'Outside'     ,''       ,''       ,''        ,''    ,''          ,''         ,0                ,6               ,3                ,'123123'        ,0                 ,0        ,''              ,''              ,0               ,0              ,0),
                    (227  ,DATE_SUB(NOW(), INTERVAL 45 MINUTE),''                    ,'101'        ,'123123'     ,''         ,''        ,''           ,''        ,''         ,40         ,50        ,'ANSWERED'    ,0          ,'2'           ,'1232113379.3',''          ,2               ,0               ,0           ,0           ,111       ,1             ,0               ,0                  ,8                ,2        ,4            ,1              ,2            ,6             ,0               ,0                  ,3                ,0            ,0              ,0                 ,7               ,'1231'   ,1           ,16            ,'Outside'     ,''       ,''       ,''        ,''    ,''          ,''         ,0                ,6               ,3                ,'123123'        ,0                 ,0        ,''              ,''              ,0               ,0              ,0),
                    (228  ,DATE_SUB(NOW(), INTERVAL 1  MINUTE),''                    ,'101'        ,'123123'     ,''         ,''        ,''           ,''        ,''         ,40         ,50        ,'ANSWERED'    ,0          ,'2'           ,'1232113379.3',''          ,2               ,0               ,0           ,0           ,111       ,1             ,0               ,0                  ,8                ,3        ,4            ,1              ,2            ,6             ,0               ,0                  ,3                ,0            ,0              ,0                 ,7               ,'1231'   ,1           ,16            ,'Outside'     ,''       ,''       ,''        ,''    ,''          ,''         ,0                ,6               ,3                ,'123123'        ,0                 ,0        ,''              ,''              ,0               ,0              ,0),
                    (229  ,DATE_SUB(NOW(), INTERVAL 15 SECOND),''                    ,'101'        ,'123123'     ,''         ,''        ,''           ,''        ,''         ,40         ,50        ,'ANSWERED'    ,0          ,'2'           ,'1232113379.3',''          ,2               ,0               ,0           ,0           ,112       ,1             ,0               ,0                  ,8                ,4        ,4            ,1              ,2            ,6             ,0               ,0                  ,3                ,0            ,0              ,0                 ,7               ,'1231'   ,1           ,16            ,'Outside'     ,''       ,''       ,''        ,''    ,''          ,''         ,0                ,6               ,3                ,'123123'        ,0                 ,0        ,''              ,''              ,0               ,0              ,0),
                    (230  ,DATE_SUB(NOW(), INTERVAL 35 MINUTE),''                    ,'101'        ,'123123'     ,''         ,''        ,''           ,''        ,''         ,40         ,50        ,'ANSWERED'    ,0          ,'2'           ,'1232113379.3',''          ,2               ,0               ,0           ,0           ,112       ,1             ,0               ,0                  ,8                ,0        ,4            ,1              ,2            ,6             ,0               ,0                  ,3                ,0            ,0              ,0                 ,7               ,'1231'   ,1           ,16            ,'Outside'     ,''       ,''       ,''        ,''    ,''          ,''         ,0                ,6               ,3                ,'123123'        ,0                 ,0        ,''              ,''              ,0               ,0              ,0),
                    (231  ,DATE_SUB(NOW(), INTERVAL 59 SECOND),''                    ,'101'        ,'123123'     ,''         ,''        ,''           ,''        ,''         ,40         ,50        ,'ANSWERED'    ,0          ,'2'           ,'1232113379.3',''          ,2               ,0               ,0           ,0           ,112       ,1             ,0               ,0                  ,8                ,2        ,4            ,1              ,2            ,6             ,0               ,0                  ,3                ,0            ,0              ,0                 ,7               ,'1231'   ,1           ,16            ,'Outside'     ,''       ,''       ,''        ,''    ,''          ,''         ,0                ,6               ,3                ,'123123'        ,0                 ,0        ,''              ,''              ,0               ,0              ,0),
                    (232  ,DATE_SUB(NOW(), INTERVAL 33 MINUTE),''                    ,'101'        ,'123123'     ,''         ,''        ,''           ,''        ,''         ,40         ,50        ,'ANSWERED'    ,0          ,'2'           ,'1232113379.3',''          ,2               ,0               ,0           ,0           ,113       ,1             ,0               ,0                  ,8                ,3        ,4            ,1              ,2            ,6             ,0               ,0                  ,3                ,0            ,0              ,0                 ,7               ,'1231'   ,1           ,16            ,'Outside'     ,''       ,''       ,''        ,''    ,''          ,''         ,0                ,6               ,3                ,'123123'        ,0                 ,0        ,''              ,''              ,0               ,0              ,0),
                    (233  ,DATE_SUB(NOW(), INTERVAL 1  MINUTE),''                    ,'101'        ,'123123'     ,''         ,''        ,''           ,''        ,''         ,40         ,50        ,'ANSWERED'    ,0          ,'2'           ,'1232113379.3',''          ,2               ,0               ,0           ,0           ,113       ,1             ,0               ,0                  ,8                ,4        ,4            ,1              ,2            ,6             ,0               ,0                  ,3                ,0            ,0              ,0                 ,7               ,'1231'   ,1           ,16            ,'Outside'     ,''       ,''       ,''        ,''    ,''          ,''         ,0                ,6               ,3                ,'123123'        ,0                 ,0        ,''              ,''              ,0               ,0              ,0),
                    (234  ,DATE_SUB(NOW(), INTERVAL 50 SECOND),''                    ,'101'        ,'123123'     ,''         ,''        ,''           ,''        ,''         ,40         ,50        ,'ANSWERED'    ,0          ,'2'           ,'1232113379.3',''          ,2               ,0               ,0           ,0           ,113       ,1             ,0               ,0                  ,8                ,5        ,4            ,1              ,2            ,6             ,0               ,0                  ,3                ,3            ,0              ,0                 ,7               ,'1231'   ,1           ,16            ,'Outside'     ,''       ,''       ,''        ,''    ,''          ,''         ,0                ,6               ,3                ,'123123'        ,0                 ,0        ,''              ,''              ,0               ,0              ,0),
                    (235  ,DATE_SUB(NOW(), INTERVAL 50 SECOND),''                    ,'101'        ,'123123'     ,''         ,''        ,''           ,''        ,''         ,40         ,50        ,'ANSWERED'    ,0          ,'2'           ,'1232113379.3',''          ,2               ,0               ,0           ,0           ,114       ,1             ,0               ,0                  ,8                ,5        ,4            ,1              ,2            ,6             ,0               ,0                  ,3                ,3            ,0              ,0                 ,7               ,'1231'   ,1           ,16            ,'Outside'     ,''       ,''       ,''        ,''    ,''          ,''         ,0                ,6               ,3                ,'123123'        ,0                 ,0        ,''              ,''              ,0               ,0              ,0),
                    (236  ,DATE_SUB(NOW(), INTERVAL 50 SECOND),''                    ,'101'        ,'123123'     ,''         ,''        ,''           ,''        ,''         ,40         ,50        ,'ANSWERED'    ,0          ,'2'           ,'1232113379.3',''          ,2               ,0               ,0           ,0           ,114       ,1             ,0               ,0                  ,8                ,0        ,4            ,1              ,2            ,6             ,0               ,0                  ,3                ,0            ,0              ,0                 ,7               ,'1231'   ,1           ,16            ,'Outside'     ,''       ,''       ,''        ,''    ,''          ,''         ,0                ,6               ,3                ,'123123'        ,0                 ,0        ,''              ,''              ,0               ,0              ,0),
                    (237  ,DATE_SUB(NOW(), INTERVAL 50 SECOND),''                    ,'101'        ,'123123'     ,''         ,''        ,''           ,''        ,''         ,40         ,50        ,'ANSWERED'    ,0          ,'2'           ,'1232113379.3',''          ,2               ,0               ,0           ,0           ,114       ,1             ,0               ,0                  ,8                ,5        ,4            ,1              ,2            ,6             ,0               ,0                  ,3                ,3            ,0              ,0                 ,7               ,'1231'   ,1           ,16            ,'Outside'     ,''       ,''       ,''        ,''    ,''          ,''         ,0                ,6               ,3                ,'123123'        ,0                 ,0        ,''              ,''              ,0               ,0              ,0),
                    (238  ,DATE_SUB(NOW(), INTERVAL 50 SECOND),''                    ,'101'        ,'123123'     ,''         ,''        ,''           ,''        ,''         ,40         ,50        ,'ANSWERED'    ,0          ,'2'           ,'1232113379.3',''          ,2               ,0               ,0           ,0           ,114       ,1             ,0               ,0                  ,8                ,3        ,4            ,1              ,2            ,6             ,0               ,0                  ,3                ,0            ,0              ,0                 ,7               ,'1231'   ,1           ,16            ,'Outside'     ,''       ,''       ,''        ,''    ,''          ,''         ,0                ,6               ,3                ,'123123'        ,0                 ,0        ,''              ,''              ,0               ,0              ,0);
