INSERT INTO `users` (`id`, `username`, `password`,`usertype`, `logged`, `first_name`, `last_name`, `calltime_normative`, `show_in_realtime_stats`, `balance`, `frozen_balance`, `lcr_id`, `postpaid`, `blocked`, `tariff_id`, `month_plan_perc`, `month_plan_updated`, `sales_this_month`, `sales_this_month_planned`, `show_billing_info`, `primary_device_id`, `credit`, `clientid`, `agreement_number`, `agreement_date`, `language`, `taxation_country`, `vat_number`, `vat_percent`, `address_id`, `accounting_number`, `owner_id`, `hidden`, `allow_loss_calls`, `vouchers_disabled_till`, `uniquehash`, `c2c_service_active`, `temporary_id`, `send_invoice_types`, `call_limit`, `c2c_call_price`, `sms_tariff_id`, `sms_lcr_id`, `sms_service_active`, `cyberplat_active`, `call_center_agent`, `generate_invoice`, `tax_1`, `tax_2`, `tax_3`, `tax_4`, `block_at`, `block_at_conditional`, `block_conditional_use`, `recording_enabled`, `recording_forced_enabled`, `recordings_email`, `recording_hdd_quota`, `warning_email_active`, `warning_email_balance`, `warning_email_sent`, `tax_id`, `invoice_zero_calls`, `acc_group_id`, `hide_destination_end`, `warning_email_hour`, `warning_balance_call`, `warning_balance_sound_file_id`, `own_providers`, `ignore_global_monitorings`, `currency_id`, `quickforwards_rule_id`, `spy_device_id`, `time_zone`, `minimal_charge`, `minimal_charge_start_at`, `webphone_allow_use`, `webphone_device_id`, `responsible_accountant_id`) VALUES
(6, 'rspro', '3fb748f090fb07345d547acd209f2380d23e6bda', 'reseller', 1, '', '', 3.000000000000000, 0, 0.000000000000000, 0.000000000000000, 1, 1, 0, 4, 0.000000000000000, NULL, 0, 0, 1, 0, -1.000000000000000, '', '0000000004', '2012-10-08', '', 123, '', 0.000000000000000, 5, '', 0, 0, 0, '2000-01-01 00:00:00', 'dh17ng60d2', 0, NULL, 0, 0, 0.000000000000000, NULL, NULL, 0, 0, 0, 1, 0.000000000000000, 0.000000000000000, 0.000000000000000, 0.000000000000000, '2008-01-01', 15, 0, 0, 0, '', 104, 0, 0.000000000000000, 0, 2, 1, 12, -1, -1, 0, 0, 1, 0, 1, 0, 0, 0.000000000000000, 0, NULL, 0, 0, -1),
(7, 'user_rspro', '581b476cac191591d67a7451b54f5a794ca913fa', 'user', 0, '', '', 3.000000000000000, 0, 0.000000000000000, 0.000000000000000, 2, 1, 0, 6, 0.000000000000000, NULL, 0, 0, 1, 9, -1.000000000000000, '', '0000000005', '2012-10-08', '', 123, '', 0.000000000000000, 6, '', 6, 0, 0, '2000-01-01 00:00:00', 'xundwf95s1', 0, NULL, 0, 0, 0.000000000000000, NULL, NULL, 0, 0, 0, 1, 0.000000000000000, 0.000000000000000, 0.000000000000000, 0.000000000000000, '2008-01-01', 15, 0, 0, 0, NULL, 0, 0, 0.000000000000000, 0, 3, 1, 0, -1, -1, 0, 0, 0, 0, 1, 0, 0, 0.000000000000000, 0, NULL, 0, 0, -1),
(8, 'wholesalereseller', '91dec0f4d00fadb39bf733c5418e9af2151624c6', 'reseller', 0, '', '', 3.000000000000000, 0, 0.000000000000000, 0.000000000000000, 1, 1, 0, 2, 0.000000000000000, NULL, 0, 0, 1, 0, -1.000000000000000, '', '0000000006', '2012-10-09', '', 123, '', 0.000000000000000, 7, '', 0, 0, 0, '2000-01-01 00:00:00', 'awevv0jht7', 0, NULL, 0, 0, 0.000000000000000, NULL, NULL, 0, 0, 0, 1, 0.000000000000000, 0.000000000000000, 0.000000000000000, 0.000000000000000, '2008-01-01', 15, 0, 0, 0, '', 104, 0, 0.000000000000000, 0, 6, 1, 12, -1, -1, 0, 0, 0, 0, 1, 0, 0, 0.000000000000000, 0, NULL, 0, 0, -1),
(9, 'retailreseller', '91dec0f4d00fadb39bf733c5418e9af2151624c6', 'reseller', 0, '', '', 3.000000000000000, 0, 0.000000000000000, 0.000000000000000, 1, 1, 0, 4, 0.000000000000000, NULL, 0, 0, 1, 0, -1.000000000000000, '', '0000000007', '2012-10-09', '', 123, '', 0.000000000000000, 8, '', 0, 0, 0, '2000-01-01 00:00:00', 'z4mdzc5kya', 0, NULL, 0, 0, 0.000000000000000, NULL, NULL, 0, 0, 0, 1, 0.000000000000000, 0.000000000000000, 0.000000000000000, 0.000000000000000, '2008-01-01', 15, 0, 0, 0, '', 104, 0, 0.000000000000000, 0, 7, 1, 12, -1, -1, 0, 0, 0, 0, 1, 0, 0, 0.000000000000000, 0, NULL, 0, 0, -1),
(10, 'retailuser1', 'd92bc3262a97e080fbf30c9f4b2b6a7549abd82e', 'user', 0, '', '', 3.000000000000000, 0, 0.000000000000000, 0.000000000000000, 1, 1, 0, 10, 0.000000000000000, NULL, 0, 0, 1, 10, -1.000000000000000, '', '0000000008', '2012-10-09', '', 123, '', 0.000000000000000, 9, '', 8, 0, 0, '2000-01-01 00:00:00', '1qjpdkh9z2', 0, NULL, 0, 0, 0.000000000000000, NULL, NULL, 0, 0, 0, 1, 0.000000000000000, 0.000000000000000, 0.000000000000000, 0.000000000000000, '2008-01-01', 15, 0, 0, 0, NULL, 0, 0, 0.000000000000000, 0, 8, 1, 0, -1, -1, 0, 0, 0, 0, 1, 0, 0, 0.000000000000000, 0, NULL, 0, 0, -1),
(11, 'wholesaleluser1', 'd92bc3262a97e080fbf30c9f4b2b6a7549abd82e', 'user', 0, '', '', 3.000000000000000, 0, 0.000000000000000, 0.000000000000000, 1, 1, 0, 11, 0.000000000000000, NULL, 0, 0, 1, 11, -1.000000000000000, '', '0000000009', '2012-10-09', '', 123, '', 0.000000000000000, 10, '', 8, 0, 0, '2000-01-01 00:00:00', 't7e3b7gyf3', 0, NULL, 0, 0, 0.000000000000000, NULL, NULL, 0, 0, 0, 1, 0.000000000000000, 0.000000000000000, 0.000000000000000, 0.000000000000000, '2008-01-01', 15, 0, 0, 0, NULL, 0, 0, 0.000000000000000, 0, 9, 1, 0, -1, -1, 0, 0, 0, 0, 1, 0, 0, 0.000000000000000, 0, NULL, 0, 0, -1),
(12, 'retailuser2', 'd92bc3262a97e080fbf30c9f4b2b6a7549abd82e', 'user', 0, '', '', 3.000000000000000, 0, 0.000000000000000, 0.000000000000000, 1, 1, 0, 12, 0.000000000000000, NULL, 0, 0, 1, 12, -1.000000000000000, '', '0000000010', '2012-10-09', '', 123, '', 0.000000000000000, 11, '', 9, 0, 0, '2000-01-01 00:00:00', '5tvcm1vjhy', 0, NULL, 0, 0, 0.000000000000000, NULL, NULL, 0, 0, 0, 1, 0.000000000000000, 0.000000000000000, 0.000000000000000, 0.000000000000000, '2008-01-01', 15, 0, 0, 0, NULL, 0, 0, 0.000000000000000, 0, 10, 1, 0, -1, -1, 0, 0, 0, 0, 1, 0, 0, 0.000000000000000, 0, NULL, 0, 0, -1),
(13, 'wholesaleluser2', 'd92bc3262a97e080fbf30c9f4b2b6a7549abd82e', 'user', 0, '', '', 3.000000000000000, 0, 0.000000000000000, 0.000000000000000, 1, 1, 0, 13, 0.000000000000000, NULL, 0, 0, 1, 13, -1.000000000000000, '', '0000000011', '2012-10-09', '', 123, '', 0.000000000000000, 12, '', 9, 0, 0, '2000-01-01 00:00:00', 'bj4mxc7agn', 0, NULL, 0, 0, 0.000000000000000, NULL, NULL, 0, 0, 0, 1, 0.000000000000000, 0.000000000000000, 0.000000000000000, 0.000000000000000, '2008-01-01', 15, 0, 0, 0, NULL, 0, 0, 0.000000000000000, 0, 11, 1, 0, -1, -1, 0, 0, 0, 0, 1, 0, 0, 0.000000000000000, 0, NULL, 0, 0, -1),
(14, 'aaaaaaaaaa', '755c001f4ae3c8843e5a50dd6aa2fa23893dd3ad', 'user', 0, 'aaaaaaaaaa', 'aaaaaaaaaaaa', 3.000000000000000, 0, 0.000000000000000, 0.000000000000000, 1, 1, 0, 8, 0.000000000000000, NULL, 0, 0, 1, 0, -1.000000000000000, '', '0000000012', '2012-10-09', '', 123, '', 0.000000000000000, 13, '', 0, 0, 0, '2000-01-01 00:00:00', '7yux9vj5b0', 0, NULL, 0, 0, 0.000000000000000, NULL, NULL, 0, 0, 0, 1, 0.000000000000000, 0.000000000000000, 0.000000000000000, 0.000000000000000, '2008-01-01', 15, 0, 0, 0, '', 104, 0, 0.000000000000000, 0, 12, 1, 0, -1, -1, 0, 0, 0, 0, 1, 0, 0, 0.000000000000000, 0, NULL, 0, 0, -1);

INSERT INTO `aratedetails` (`id`, `from`, `duration`, `artype`, `round`, `price`, `rate_id`, `start_time`, `end_time`, `daytype`) VALUES
(237, 1, -1, 'minute', 1, 2.000000000000000, 503, '00:00:00', '23:59:59', ''),
(238, 1, -1, 'minute', 1, 2.000000000000000, 504, '00:00:00', '23:59:59', ''),
(239, 1, -1, 'minute', 1, 2.000000000000000, 505, '00:00:00', '23:59:59', ''),
(240, 1, -1, 'minute', 1, 3.000000000000000, 506, '00:00:00', '23:59:59', ''),
(241, 1, -1, 'minute', 1, 3.000000000000000, 507, '00:00:00', '23:59:59', ''),
(242, 1, -1, 'minute', 1, 1.000000000000000, 508, '00:00:00', '23:59:59', ''),
(243, 1, -1, 'minute', 1, 1.000000000000000, 509, '00:00:00', '23:59:59', ''),
(244, 1, -1, 'minute', 1, 1.000000000000000, 510, '00:00:00', '23:59:59', ''),
(245, 1, -1, 'minute', 1, 3.000000000000000, 511, '00:00:00', '23:59:59', ''),
(246, 1, -1, 'minute', 1, 3.000000000000000, 512, '00:00:00', '23:59:59', ''),
(247, 1, -1, 'minute', 1, 1.000000000000000, 513, '00:00:00', '23:59:59', ''),
(248, 1, -1, 'minute', 1, 1.000000000000000, 514, '00:00:00', '23:59:59', ''),
(249, 1, -1, 'minute', 1, 2.000000000000000, 515, '00:00:00', '23:59:59', ''),
(250, 1, -1, 'minute', 1, 2.000000000000000, 516, '00:00:00', '23:59:59', ''),
(251, 1, -1, 'minute', 1, 2.000000000000000, 517, '00:00:00', '23:59:59', ''),
(252, 1, -1, 'minute', 1, 11.000000000000000, 519, '00:00:00', '23:59:59', ''),
(253, 1, -1, 'minute', 1, 3.000000000000000, 524, '00:00:00', '23:59:59', ''),
(254, 1, -1, 'minute', 1, 3.000000000000000, 525, '00:00:00', '23:59:59', ''),
(255, 1, -1, 'minute', 1, 1.000000000000000, 526, '00:00:00', '23:59:59', ''),
(256, 1, -1, 'minute', 1, 1.000000000000000, 527, '00:00:00', '23:59:59', ''),
(257, 1, -1, 'minute', 1, 1.000000000000000, 528, '00:00:00', '23:59:59', ''),
(258, 1, -1, 'minute', 1, 3.000000000000000, 529, '00:00:00', '23:59:59', ''),
(259, 1, -1, 'minute', 1, 3.000000000000000, 530, '00:00:00', '23:59:59', ''),
(260, 1, -1, 'minute', 1, 1.000000000000000, 531, '00:00:00', '23:59:59', ''),
(261, 1, -1, 'minute', 1, 1.000000000000000, 532, '00:00:00', '23:59:59', ''),
(262, 1, -1, 'minute', 1, 2.000000000000000, 533, '00:00:00', '23:59:59', ''),
(263, 1, -1, 'minute', 1, 2.000000000000000, 534, '00:00:00', '23:59:59', ''),
(264, 1, -1, 'minute', 1, 2.000000000000000, 535, '00:00:00', '23:59:59', ''),
(265, 1, -1, 'minute', 1, 2.000000000000000, 536, '00:00:00', '23:59:59', ''),
(266, 1, -1, 'minute', 1, 2.000000000000000, 537, '00:00:00', '23:59:59', ''),
(267, 1, -1, 'minute', 1, 3.000000000000000, 538, '00:00:00', '23:59:59', ''),
(268, 1, -1, 'minute', 1, 3.000000000000000, 539, '00:00:00', '23:59:59', ''),
(269, 1, -1, 'minute', 1, 3.000000000000000, 540, '00:00:00', '23:59:59', ''),
(270, 1, -1, 'minute', 1, 1.000000000000000, 541, '00:00:00', '23:59:59', ''),
(271, 1, -1, 'minute', 1, 1.000000000000000, 542, '00:00:00', '23:59:59', ''),
(272, 1, -1, 'minute', 1, 2.000000000000000, 543, '00:00:00', '23:59:59', ''),
(273, 1, -1, 'minute', 1, 2.000000000000000, 544, '00:00:00', '23:59:59', ''),
(274, 1, -1, 'minute', 1, 1.000000000000000, 545, '00:00:00', '23:59:59', ''),
(275, 1, -1, 'minute', 1, 1.000000000000000, 546, '00:00:00', '23:59:59', ''),
(276, 1, -1, 'minute', 1, 1.000000000000000, 547, '00:00:00', '23:59:59', ''),
(277, 1, -1, 'minute', 1, 3.000000000000000, 548, '00:00:00', '23:59:59', ''),
(278, 1, -1, 'minute', 1, 3.000000000000000, 549, '00:00:00', '23:59:59', ''),
(279, 1, -1, 'minute', 1, 3.000000000000000, 550, '00:00:00', '23:59:59', ''),
(280, 1, -1, 'minute', 1, 2.000000000000000, 557, '00:00:00', '23:59:59', ''),
(281, 1, -1, 'minute', 1, 2.000000000000000, 558, '00:00:00', '23:59:59', ''),
(282, 1, -1, 'minute', 1, 3.000000000000000, 559, '00:00:00', '23:59:59', ''),
(283, 1, -1, 'minute', 1, 3.000000000000000, 560, '00:00:00', '23:59:59', ''),
(284, 1, -1, 'minute', 1, 3.000000000000000, 561, '00:00:00', '23:59:59', ''),
(285, 1, -1, 'minute', 1, 1.000000000000000, 562, '00:00:00', '23:59:59', ''),
(286, 1, -1, 'minute', 1, 1.000000000000000, 563, '00:00:00', '23:59:59', ''),
(287, 1, -1, 'minute', 1, 2.000000000000000, 564, '00:00:00', '23:59:59', ''),
(288, 1, -1, 'minute', 1, 2.000000000000000, 565, '00:00:00', '23:59:59', ''),
(289, 1, -1, 'minute', 1, 1.000000000000000, 566, '00:00:00', '23:59:59', ''),
(290, 1, -1, 'minute', 1, 1.000000000000000, 567, '00:00:00', '23:59:59', ''),
(291, 1, -1, 'minute', 1, 1.000000000000000, 568, '00:00:00', '23:59:59', ''),
(292, 1, -1, 'minute', 1, 3.000000000000000, 569, '00:00:00', '23:59:59', ''),
(293, 1, -1, 'minute', 1, 3.000000000000000, 570, '00:00:00', '23:59:59', ''),
(294, 1, -1, 'minute', 1, 3.000000000000000, 571, '00:00:00', '23:59:59', ''),
(295, 1, -1, 'minute', 1, 2.000000000000000, 578, '00:00:00', '23:59:59', ''),
(296, 1, -1, 'minute', 1, 2.000000000000000, 579, '00:00:00', '23:59:59', ''),
(297, 1, -1, 'minute', 1, 2.000000000000000, 580, '00:00:00', '23:59:59', ''),
(298, 1, -1, 'minute', 1, 2.000000000000000, 578, '00:00:00', '23:59:59', ''),
(299, 1, -1, 'minute', 1, 2.000000000000000, 579, '00:00:00', '23:59:59', ''),
(300, 1, -1, 'minute', 1, 2.000000000000000, 580, '00:00:00', '23:59:59', ''),
(301, 1, -1, 'minute', 1, 2.000000000000000, 581, '00:00:00', '23:59:59', ''),
(302, 1, -1, 'minute', 1, 2.000000000000000, 582, '00:00:00', '23:59:59', ''),
(303, 1, -1, 'minute', 1, 2.000000000000000, 583, '00:00:00', '23:59:59', ''),
(304, 1, -1, 'minute', 1, 2.000000000000000, 581, '00:00:00', '23:59:59', ''),
(305, 1, -1, 'minute', 1, 2.000000000000000, 582, '00:00:00', '23:59:59', ''),
(306, 1, -1, 'minute', 1, 2.000000000000000, 583, '00:00:00', '23:59:59', ''),
(307, 1, -1, 'minute', 1, 0.200000000000000, 585, '00:00:00', '23:59:59', ''),
(308, 1, -1, 'minute', 1, 0.200000000000000, 586, '00:00:00', '23:59:59', ''),
(309, 1, -1, 'minute', 1, 0.200000000000000, 587, '00:00:00', '23:59:59', ''),
(310, 1, -1, 'minute', 1, 0.200000000000000, 588, '00:00:00', '23:59:59', ''),
(311, 1, -1, 'minute', 1, 0.200000000000000, 589, '00:00:00', '23:59:59', ''),
(312, 1, -1, 'minute', 1, 0.200000000000000, 590, '00:00:00', '23:59:59', ''),
(313, 1, -1, 'minute', 1, 0.200000000000000, 591, '00:00:00', '23:59:59', ''),
(314, 1, -1, 'minute', 1, 0.200000000000000, 592, '00:00:00', '23:59:59', ''),
(315, 1, -1, 'minute', 1, 2.000000000000000, 593, '00:00:00', '23:59:59', ''),
(316, 1, -1, 'minute', 1, 2.000000000000000, 594, '00:00:00', '23:59:59', ''),
(317, 1, -1, 'minute', 1, 2.000000000000000, 595, '00:00:00', '23:59:59', ''),
(318, 1, -1, 'minute', 1, 22.000000000000000, 596, '00:00:00', '23:59:59', ''),
(319, 1, -1, 'minute', 1, 22.000000000000000, 597, '00:00:00', '23:59:59', ''),
(320, 1, -1, 'minute', 1, 11.000000000000000, 598, '00:00:00', '23:59:59', '');

update `ratedetails` set connection_fee=2.000000000000000 where id=1;
update `ratedetails` set connection_fee=2.000000000000000 where id=12;
update `ratedetails` set connection_fee=2.000000000000000 where id=14;
update `ratedetails` set rate=1.000000000000000 where id=1;
update `ratedetails` set rate=1.000000000000000 where id=2;
update `ratedetails` set rate=2.000000000000000 where id=3;
update `ratedetails` set rate=2.000000000000000 where id=5;
update `ratedetails` set rate=3.000000000000000 where id=6;
update `ratedetails` set rate=3.000000000000000 where id=7;
update `ratedetails` set rate=0.100000000000000 where id=11;
update `ratedetails` set rate=0.100000000000000 where id=12;
update `ratedetails` set rate=0.100000000000000 where id=14;
update `ratedetails` set rate=1.000000000000000 where id=15;
update `ratedetails` set rate=1.000000000000000 where id=16;
update `ratedetails` set rate=2.000000000000000 where id=252;
update `ratedetails` set rate=3.000000000000000 where id=253;
update `ratedetails` set rate=1.000000000000000 where id=254;
update `ratedetails` set rate=3.000000000000000 where id=256;
update `ratedetails` set rate=1.000000000000000 where id=257;
update `ratedetails` set rate=2.000000000000000 where id=258;
INSERT INTO `ratedetails` (`id`, `start_time`, `end_time`, `rate`, `connection_fee`, `rate_id`, `increment_s`, `min_time`, `daytype`) VALUES
(503, '00:00:00', '23:59:59', 2.000000000000000, 0.000000000000000, 511, 1, 0, ''),
(504, '00:00:00', '23:59:59', 3.000000000000000, 0.000000000000000, 512, 1, 0, ''),
(505, '00:00:00', '23:59:59', 4.000000000000000, 0.000000000000000, 513, 1, 0, ''),
(506, '00:00:00', '23:59:59', 5.000000000000000, 0.000000000000000, 514, 1, 0, ''),
(507, '00:00:00', '23:59:59', 6.000000000000000, 0.000000000000000, 515, 1, 0, ''),
(508, '00:00:00', '23:59:59', 7.000000000000000, 0.000000000000000, 516, 1, 0, ''),
(509, '00:00:00', '23:59:59', 8.000000000000000, 0.000000000000000, 517, 1, 0, ''),
(510, '00:00:00', '23:59:59', 9.000000000000000, 0.000000000000000, 518, 1, 0, ''),
(511, '00:00:00', '23:59:59', 9.000000000000000, 0.000000000000000, 519, 1, 0, ''),
(512, '00:00:00', '23:59:59', 2.000000000000000, 0.000000000000000, 520, 0, 0, 'WD'),
(513, '00:00:00', '23:59:59', 6.000000000000000, 0.000000000000000, 521, 0, 0, 'WD'),
(514, '00:00:00', '23:59:59', 7.000000000000000, 0.000000000000000, 522, 0, 0, 'WD'),
(515, '00:00:00', '23:59:59', 11.000000000000000, 0.000000000000000, 523, 0, 0, 'WD'),
(516, '00:00:00', '23:59:59', 3.000000000000000, 0.000000000000000, 551, 1, 0, ''),
(517, '00:00:00', '23:59:59', 2.000000000000000, 0.000000000000000, 552, 1, 0, ''),
(518, '00:00:00', '23:59:59', 3.000000000000000, 0.000000000000000, 553, 1, 0, ''),
(519, '00:00:00', '23:59:59', 1.000000000000000, 0.000000000000000, 554, 1, 0, ''),
(520, '00:00:00', '23:59:59', 2.000000000000000, 0.000000000000000, 555, 1, 0, ''),
(521, '00:00:00', '23:59:59', 1.000000000000000, 0.000000000000000, 556, 1, 0, ''),
(522, '00:00:00', '23:59:59', 3.000000000000000, 0.000000000000000, 572, 1, 0, ''),
(523, '00:00:00', '23:59:59', 2.000000000000000, 0.000000000000000, 573, 1, 0, ''),
(524, '00:00:00', '23:59:59', 3.000000000000000, 0.000000000000000, 574, 1, 0, ''),
(525, '00:00:00', '23:59:59', 1.000000000000000, 0.000000000000000, 575, 1, 0, ''),
(526, '00:00:00', '23:59:59', 2.000000000000000, 0.000000000000000, 576, 1, 0, ''),
(527, '00:00:00', '23:59:59', 1.000000000000000, 0.000000000000000, 577, 1, 0, ''),
(528, '00:00:00', '23:59:59', 0.100000000000000, 0.000000000000000, 584, 1, 0, ''),
(529, '00:00:00', '23:59:59', 2.000000000000000, 0.000000000000000, 602, 1, 0, '');

INSERT INTO `lcrs` (`id`, `name`, `order`, `user_id`, `first_provider_percent_limit`, `failover_provider_id`, `no_failover`) VALUES
(2, 'speclcr', 'price', 6, 0.000000000000000, NULL, 0),
(3, 'speclcr2', 'price', 6, 0.000000000000000, NULL, 0),
(4, 'speclcr', 'price', 0, 0.000000000000000, NULL, 0);

INSERT INTO `providers` (`id`, `name`, `tech`, `channel`, `login`, `password`, `server_ip`, `port`, `priority`, `quality`, `tariff_id`, `cut_a`, `cut_b`, `add_a`, `add_b`, `device_id`, `ani`, `timeout`, `call_limit`, `interpret_noanswer_as_failed`, `interpret_busy_as_failed`, `register`, `reg_extension`, `terminator_id`, `reg_line`, `hidden`, `use_p_asserted_identity`, `user_id`, `common_use`, `balance`) VALUES
(2, 'specpro', 'SIP', '', 'specpro', '', '0.0.0.0', '5060', 1, 1, 7, 0, 0, '', '', 8, 0, 60, 0, 0, 0, 0, '', 0, '', 0, 0, 6, 0, 0.000000000000000),
(3, 'specpro', 'SIP', '', 'specpro', 'please_change', '0.0.0.0', '5060', 1, 1, 7, 0, 0, '', '', 8, 0, 60, 0, 0, 0, 0, '', 0, '', 0, 0, 0, 0, 0.000000000000000);

INSERT INTO `lcrproviders` (`id`, `lcr_id`, `provider_id`, `active`, `priority`, `percent`) VALUES
(2, 2, 2, 1, 1, 0);

INSERT INTO `tariffs` (`id`, `name`, `purpose`, `owner_id`, `currency`) VALUES
(6, 'spectariffre', 'user', 6, 'USD'),
(7, 'spectariffpro', 'provider', 6, 'USD'),
(8, 'spectariffre', 'user', 0, 'USD'),
(9, 'spectariffpro', 'provider', 0, 'USD'),
(10, 'Test_tariff', 'user', 8, 'USD'),
(11, 'test_tariff2', 'user_wholesale', 8, 'USD'),
(12, 'Test_tariff3', 'user', 9, 'USD'),
(13, 'test_tariff4', 'user_wholesale', 9, 'USD');

INSERT INTO `rates` (`id`, `tariff_id`, `destination_id`, `destinationgroup_id`, `ghost_min_perc`) VALUES
(503, 4, 0, 1, 0.000000000000000),
(504, 4, 0, 2, 0.000000000000000),
(505, 4, 0, 473, 0.000000000000000),
(506, 4, 0, 3, 0.000000000000000),
(507, 4, 0, 4, 0.000000000000000),
(508, 4, 0, 5, 0.000000000000000),
(509, 4, 0, 6, 0.000000000000000),
(510, 4, 0, 474, 0.000000000000000),
(511, 4, 0, 9, 0.000000000000000),
(512, 4, 0, 10, 0.000000000000000),
(513, 4, 0, 11, 0.000000000000000),
(514, 4, 0, 12, 0.000000000000000),
(515, 4, 0, 13, 0.000000000000000),
(516, 4, 0, 14, 0.000000000000000),
(517, 4, 0, 475, 0.000000000000000),
(518, 6, 0, 25, 0.000000000000000),
(519, 6, 0, 478, 0.000000000000000),
(520, 7, 16726, NULL, NULL),
(521, 7, 136, NULL, NULL),
(522, 7, 11366, NULL, NULL),
(523, 7, 272, NULL, NULL),
(524, 4, 0, 3, 0.000000000000000),
(525, 4, 0, 4, 0.000000000000000),
(526, 4, 0, 5, 0.000000000000000),
(527, 4, 0, 6, 0.000000000000000),
(528, 4, 0, 474, 0.000000000000000),
(529, 4, 0, 9, 0.000000000000000),
(530, 4, 0, 10, 0.000000000000000),
(531, 4, 0, 11, 0.000000000000000),
(532, 4, 0, 12, 0.000000000000000),
(533, 4, 0, 13, 0.000000000000000),
(534, 4, 0, 14, 0.000000000000000),
(535, 4, 0, 475, 0.000000000000000),
(536, 10, 0, 3, 0.000000000000000),
(537, 10, 0, 4, 0.000000000000000),
(538, 10, 0, 5, 0.000000000000000),
(539, 10, 0, 6, 0.000000000000000),
(540, 10, 0, 474, 0.000000000000000),
(541, 10, 0, 9, 0.000000000000000),
(542, 10, 0, 10, 0.000000000000000),
(543, 10, 0, 11, 0.000000000000000),
(544, 10, 0, 12, 0.000000000000000),
(545, 10, 0, 13, 0.000000000000000),
(546, 10, 0, 14, 0.000000000000000),
(547, 10, 0, 475, 0.000000000000000),
(548, 10, 0, 15, 0.000000000000000),
(549, 10, 0, 16, 0.000000000000000),
(550, 10, 0, 31, 0.000000000000000),
(551, 11, 15, NULL, NULL),
(552, 11, 18, NULL, NULL),
(553, 11, 28, NULL, NULL),
(554, 11, 45, NULL, NULL),
(555, 11, 50, NULL, NULL),
(556, 11, 54, NULL, NULL),
(557, 12, 0, 3, 0.000000000000000),
(558, 12, 0, 4, 0.000000000000000),
(559, 12, 0, 5, 0.000000000000000),
(560, 12, 0, 6, 0.000000000000000),
(561, 12, 0, 474, 0.000000000000000),
(562, 12, 0, 9, 0.000000000000000),
(563, 12, 0, 10, 0.000000000000000),
(564, 12, 0, 11, 0.000000000000000),
(565, 12, 0, 12, 0.000000000000000),
(566, 12, 0, 13, 0.000000000000000),
(567, 12, 0, 14, 0.000000000000000),
(568, 12, 0, 475, 0.000000000000000),
(569, 12, 0, 15, 0.000000000000000),
(570, 12, 0, 16, 0.000000000000000),
(571, 12, 0, 31, 0.000000000000000),
(572, 13, 16, NULL, NULL),
(573, 13, 18, NULL, NULL),
(574, 13, 28, NULL, NULL),
(575, 13, 45, NULL, NULL),
(576, 13, 50, NULL, NULL),
(577, 13, 54, NULL, NULL),
(578, 10, 0, 1, 0.000000000000000),
(579, 10, 0, 2, 0.000000000000000),
(580, 10, 0, 473, 0.000000000000000),
(581, 12, 0, 1, 0.000000000000000),
(582, 12, 0, 2, 0.000000000000000),
(583, 12, 0, 473, 0.000000000000000),
(584, 1, 16726, NULL, NULL),
(585, 4, 0, 19, 0.000000000000000),
(586, 4, 0, 20, 0.000000000000000),
(587, 4, 0, 477, 0.000000000000000),
(588, 4, 0, 21, 0.000000000000000),
(589, 4, 0, 22, 0.000000000000000),
(590, 4, 0, 26, 0.000000000000000),
(591, 4, 0, 27, 0.000000000000000),
(592, 4, 0, 28, 0.000000000000000),
(593, 6, 0, 19, 0.000000000000000),
(594, 6, 0, 20, 0.000000000000000),
(595, 6, 0, 477, 0.000000000000000),
(596, 6, 0, 21, 0.000000000000000),
(597, 6, 0, 22, 0.000000000000000),
(598, 6, 0, 24, 0.000000000000000),
(602, 7, 16726, NULL, NULL);

INSERT INTO `locations` (`id`, `name`, `user_id`) VALUES
(2, 'Default location', 6),
(3, 'SpecRules', 6),
(4, 'SpecRules', 0),
(5, 'Default location', 8),
(6, 'Default location', 9);

INSERT INTO `locationrules` (`id`, `location_id`, `name`, `enabled`, `cut`, `add`, `minlen`, `maxlen`, `lr_type`, `lcr_id`, `tariff_id`, `did_id`, `device_id`) VALUES
(2, 2, 'Int. prefix', 1, '00', '', 10, 20, 'dst', NULL, NULL, NULL, NULL),
(3, 3, 'destrules', 1, '80', '3741', 9, 9, 'dst', 2, 6, NULL, NULL),
(4, 3, 'destrulesfree', 1, '90', '6140', 9, 9, 'dst', NULL, NULL, NULL, NULL),
(5, 4, 'destrules', 1, '80', '3741', 9, 9, 'dst', 2, 6, NULL, NULL),
(6, 4, 'destrulesfree', 1, '90', '6140', 9, 9, 'dst', NULL, NULL, NULL, NULL),
(7, 4, 'cellrules', 1, '80', '3741', 9, 9, 'src', NULL, NULL, NULL, NULL),
(8, 5, 'Int. prefix', 1, '00', '', 10, 20, 'dst', NULL, NULL, NULL, NULL),
(9, 6, 'Int. prefix', 1, '00', '', 10, 20, 'dst', NULL, NULL, NULL, NULL);

INSERT INTO `devices` (`id`, `name`, `host`, `secret`, `context`, `ipaddr`, `port`, `regseconds`, `accountcode`, `callerid`, `extension`, `voicemail_active`, `username`, `device_type`, `user_id`, `primary_did_id`, `works_not_logged`, `forward_to`, `record`, `transfer`, `disallow`, `allow`, `deny`, `permit`, `nat`, `qualify`, `fullcontact`, `canreinvite`, `devicegroup_id`, `dtmfmode`, `callgroup`, `pickupgroup`, `fromuser`, `fromdomain`, `trustrpid`, `sendrpid`, `insecure`, `progressinband`, `videosupport`, `location_id`, `description`, `istrunk`, `cid_from_dids`, `pin`, `tell_balance`, `tell_time`, `tell_rtime_when_left`, `repeat_rtime_every`, `t38pt_udptl`, `regserver`, `ani`, `promiscredir`, `timeout`, `process_sipchaninfo`, `temporary_id`, `allow_duplicate_calls`, `call_limit`, `lastms`, `faststart`, `h245tunneling`, `latency`, `grace_time`, `recording_to_email`, `recording_keep`, `recording_email`, `record_forced`, `fake_ring`, `save_call_log`, `mailbox`, `server_id`, `enable_mwi`, `authuser`, `requirecalltoken`, `language`, `use_ani_for_cli`, `calleridpres`, `change_failed_code_to`, `reg_status`, `max_timeout`, `forward_did_id`, `anti_resale_auto_answer`, `qf_tell_balance`, `qf_tell_time`, `time_limit_per_day`, `control_callerid_by_cids`, `callerid_advanced_control`, `transport`, `subscribemwi`, `encryption`, `block_callerid`) VALUES
(8, 'prov8', '0.0.0.0', 'please_change', 'mor', '0.0.0.0', 5060, 0, 8, NULL, 'eyymvq89fc', 0, 'specpro', 'SIP', -1, 0, 1, 0, 0, 'no', 'all', 'alaw;g729', '0.0.0.0/0.0.0.0', '0.0.0.0/0.0.0.0', 'no', '2000', '', 'no', NULL, 'rfc2833', NULL, NULL, NULL, NULL, 'yes', 'no', 'port,invite', 'never', 'no', 3, NULL, 1, 0, NULL, 0, 0, 60, 60, 'no', NULL, 0, 'no', 60, 0, NULL, 0, 0, 0, 'yes', 'yes', 0.000000000000000, 0, 0, 0, NULL, 0, 0, 0, '', 1, 0, '', 'no', 'en', 0, NULL, 0, NULL, 0, 0, 0, 0, 0, 0, NULL, 0, 'udp', NULL, 'no', 0),
(9, '1001', 'dynamic', '1m38mpdpdf0t', 'mor_local', '0.0.0.0', 5060, 0, 9, NULL, '1001', 0, '1001', 'SIP', 7, 0, 1, 0, 0, 'no', 'all', 'alaw;g729', '0.0.0.0/0.0.0.0', '0.0.0.0/0.0.0.0', 'yes', '1000', NULL, 'no', 5, 'rfc2833', NULL, NULL, NULL, NULL, 'no', 'no', NULL, 'no', 'no', 3, 'specdevice', 0, 0, '350513', 0, 0, 60, 60, 'no', NULL, 0, 'no', 60, 0, NULL, 0, 0, 0, 'yes', 'yes', 0.000000000000000, NULL, 0, 0, '', 0, 0, 0, '', 1, 0, '', 'no', 'en', 0, '', 0, NULL, 0, -1, 0, 0, 0, 0, 0, 0, 'udp', NULL, 'no', 0),
(10, '1003', 'dynamic', 'a4f2egwa8usw', 'mor_local', '', 5060, 0, 10, NULL, '1003', 0, '1003', 'SIP', 10, 0, 1, 0, 0, 'no', 'all', 'alaw;g729', '0.0.0.0/0.0.0.0', '0.0.0.0/0.0.0.0', 'yes', '1000', NULL, 'no', 8, 'rfc2833', NULL, NULL, '', '', 'no', 'no', '', 'no', 'no', 5, 'retailuserdevice1', 0, 0, '731476', 0, 0, 60, 60, 'no', NULL, 0, 'no', 60, 0, NULL, 0, 0, 0, 'yes', 'yes', 0.000000000000000, NULL, 0, 0, '', 0, 0, 0, '', 1, 0, '', 'no', 'en', NULL, '', 0, NULL, 0, 0, 0, 0, 0, 0, 0, 0, 'udp', NULL, '', 0),
(11, '1004', 'dynamic', 'eps7da2cdgqp', 'mor_local', '', 5060, 0, 11, NULL, '1004', 0, '1004', 'SIP', 11, 0, 1, 0, 0, 'no', 'all', 'alaw;g729', '0.0.0.0/0.0.0.0', '0.0.0.0/0.0.0.0', 'yes', '1000', NULL, 'no', 9, 'rfc2833', NULL, NULL, '', '', 'no', 'no', '', 'no', 'no', 5, 'wholesaleuserdevice1', 0, 0, '035784', 0, 0, 60, 60, 'no', NULL, 0, 'no', 60, 0, NULL, 0, 0, 0, 'yes', 'yes', 0.000000000000000, NULL, 0, 0, '', 0, 0, 0, '', 1, 0, '', 'no', 'en', NULL, '', 0, NULL, 0, 0, 0, 0, 0, 0, 0, 0, 'udp', NULL, '', 0),
(12, '1005', 'dynamic', '7vfwcs31cp47', 'mor_local', '', 5060, 0, 12, NULL, '1005', 0, '1005', 'SIP', 12, 0, 1, 0, 0, 'no', 'all', 'alaw;g729', '0.0.0.0/0.0.0.0', '0.0.0.0/0.0.0.0', 'yes', '1000', NULL, 'no', 10, 'rfc2833', NULL, NULL, '', '', 'no', 'no', '', 'no', 'no', 6, 'retailuserdevice2', 0, 0, '374131', 0, 0, 60, 60, 'no', NULL, 0, 'no', 60, 0, NULL, 0, 0, 0, 'yes', 'yes', 0.000000000000000, NULL, 0, 0, '', 0, 0, 0, '', 1, 0, '', 'no', 'en', NULL, '', 0, NULL, 0, 0, 0, 0, 0, 0, 0, 0, 'udp', NULL, '', 0),
(13, '1006', 'dynamic', 'he65yuscyb5a', 'mor_local', '', 5060, 0, 13, NULL, '1006', 0, '1006', 'SIP', 13, 0, 1, 0, 0, 'no', 'all', 'alaw;g729', '0.0.0.0/0.0.0.0', '0.0.0.0/0.0.0.0', 'yes', '1000', NULL, 'no', 11, 'rfc2833', NULL, NULL, '', '', 'no', 'no', '', 'no', 'no', 6, 'wholesaleuserdevice2', 0, 0, '503225', 0, 0, 60, 60, 'no', NULL, 0, 'no', 60, 0, NULL, 0, 0, 0, 'yes', 'yes', 0.000000000000000, NULL, 0, 0, '', 0, 0, 0, '', 1, 0, '', 'no', 'en', NULL, '', 0, NULL, 0, 0, 0, 0, 0, 0, 0, 0, 'udp', NULL, '', 0);

INSERT INTO `conflines` (`id`, `name`, `value`, `owner_id`, `value2`) VALUES
(403, 'Default_device_location_id', '3', 3, NULL);

INSERT INTO `devicegroups` (`id`, `user_id`, `address_id`, `name`, `added`, `primary`) VALUES
(4, 6, 5, 'primary', '2012-10-07 11:33:52', 1),
(5, 7, 6, 'primary', '2012-10-08 09:10:59', 1),
(6, 8, 7, 'primary', '2012-10-09 10:38:56', 1),
(7, 9, 8, 'primary', '2012-10-09 10:38:59', 1),
(8, 10, 9, 'primary', '2012-10-09 10:42:00', 1),
(9, 11, 10, 'primary', '2012-10-09 10:42:02', 1),
(10, 12, 11, 'primary', '2012-10-09 10:44:58', 1),
(11, 13, 12, 'primary', '2012-10-09 10:45:18', 1),
(12, 14, 13, 'primary', '2012-10-09 10:46:04', 1);