#active_calls
INSERT INTO `activecalls` 
 (`id`, `server_id`, `uniqueid`,         `start_time`                        , `answer_time`                     ,`transfer_time`, `src`,       `dst`,       `src_device_id`, `dst_device_id`, `channel`,                   `dstchannel`, `prefix`, `provider_id`, `did_id`, `user_id`, `owner_id`      , `localized_dst`,`card_id`) VALUES
 (10,    1,           '1249298495.111727',DATE_SUB(NOW(), INTERVAL 20 SECOND),DATE_SUB(NOW(), INTERVAL 10 SECOND),           NULL,'37060011221','123123'     ,5,              0,             'SIP/10.219.62.200-c40daf10'   ,'',           '1231',    1,              0,        -1,          0,          '123123'      ,121),
 (11,    1,           '1249298495.111727',DATE_SUB(NOW(), INTERVAL 60 SECOND),DATE_SUB(NOW(), INTERVAL 50 SECOND),           NULL,'37060011225','37060011242',4,              9,             'SIP/10.219.62.200-c40daf10'   ,'',           '370',     1,              0,        -1,          0,          '37060011242' ,125),
 (12,    1,           '1249298495.111727',DATE_SUB(NOW(), INTERVAL 100 SECOND),DATE_SUB(NOW(), INTERVAL 90 SECOND),           NULL,'37060011238','37060011226',9,              4,             'SIP/10.219.62.200-c40daf10'   ,'',           '370',     1,              0,        -1,          0,          '37060011226' ,138),
 (13,    1,           '1249298495.111727',DATE_SUB(NOW(), INTERVAL 140 SECOND),DATE_SUB(NOW(), INTERVAL 130 SECOND),           NULL,'37060011234','123123'     ,7,              0,             'SIP/10.219.62.200-c40daf10'   ,'',           '1231',    11,             0,        -1,          3,          '123123'      ,134),
 (14,    1,           '1249298495.111727',DATE_SUB(NOW(), INTERVAL 180 SECOND),DATE_SUB(NOW(), INTERVAL 170 SECOND),           NULL,'37060011233','37060011223',8,              5,             'SIP/10.219.62.200-c40daf10'   ,'',           '370',     12,             0,        -1,          3,          '37060011223' ,133);
#calls
INSERT INTO `calls`
     (`id` , `calldate`               , `clid`                        , `src`       , `dst`       , `duration`, `billsec`, `disposition`, `amaflags`, `accountcode`, `uniqueid`   , `userfield`, `src_device_id`, `dst_device_id`, `user_id`, `user_rate`, `user_billsec`, `user_price`, `reseller_id`, `reseller_rate`, `reseller_billsec`, `reseller_price`, `prefix`, `server_id`, `hangupcause`,`callertype`, `localized_dst`, `did_provider_id`, `did_id`, `originator_ip`, `terminator_ip`, `real_duration`, `real_billsec`, `did_billsec`,`card_id`,`provider_id`,`provider_price`)VALUES 
     (211  ,'2011-11-01 07:00:01'     ,'\"37060011221\" <37060011221>','37060011221','37060011224',60         ,50        ,'ANSWERED'    ,0          ,'2'           ,'1232113379.3',''          ,5               ,4               ,0        ,3            ,1              ,5            ,0             ,0               ,0                  ,4                ,'3706'   ,1           ,16            ,'Local'     ,'37060011224'   ,0                 ,0        ,''              ,''              ,0               ,0              ,0             ,121      , 1           , 14             ),
     (212  ,'2011-11-02 07:00:01'     ,'\"37060011221\" <37060011221>','37060011221','37060011225',60         ,50        ,'ANSWERED'    ,0          ,'2'           ,'1232113379.3',''          ,5               ,4               ,0        ,4            ,1              ,2            ,0             ,0               ,0                  ,4                ,'3706'   ,1           ,16            ,'Local'     ,'37060011224'   ,0                 ,0        ,''              ,''              ,0               ,0              ,0             ,121      , 1           , 14             ),
     (213  ,'2011-11-02 14:00:01'     ,'\"37060011221\" <37060011221>','37060011221','37060011226',60         ,50        ,'ANSWERED'    ,0          ,'2'           ,'1232113379.3',''          ,5               ,4               ,0        ,5            ,1              ,4            ,0             ,0               ,0                  ,4                ,'3706'   ,1           ,16            ,'Local'     ,'37060011224'   ,0                 ,0        ,''              ,''              ,0               ,0              ,0             ,121      , 1           , 14             ),
     (214  ,'2011-11-03 05:00:01'     ,'\"37060011221\" <37060011221>','37060011221','37060011242',60         ,50        ,'ANSWERED'    ,0          ,'2'           ,'1232113379.3',''          ,5               ,9               ,0        ,3            ,1              ,9            ,0             ,0               ,0                  ,4                ,'3706'   ,1           ,16            ,'Local'     ,'37060011224'   ,0                 ,0        ,''              ,''              ,0               ,0              ,0             ,121      , 1           , 14             ),
     (215  ,'2011-11-03 09:00:01'     ,'\"37060011221\" <37060011221>','37060011221','37060011238',60         ,50        ,'ANSWERED'    ,0          ,'2'           ,'1232113379.3',''          ,5               ,9               ,0        ,4            ,1              ,7            ,0             ,0               ,0                  ,4                ,'3706'   ,1           ,16            ,'Local'     ,'37060011224'   ,0                 ,0        ,''              ,''              ,0               ,0              ,0             ,121      , 1           , 14             ),
     (216  ,'2011-11-03 22:00:01'     ,'\"37060011221\" <37060011221>','37060011221','37060011239',60         ,50        ,'ANSWERED'    ,0          ,'2'           ,'1232113379.3',''          ,5               ,9               ,0        ,5            ,1              ,11           ,0             ,0               ,0                  ,4                ,'3706'   ,1           ,16            ,'Local'     ,'37060011224'   ,0                 ,0        ,''              ,''              ,0               ,0              ,0             ,121      , 1           , 14             ),
     (217  ,'2011-11-04 12:00:01'     ,'\"37060011221\" <37060011221>','37060011221','37060011240',60         ,50        ,'ANSWERED'    ,0          ,'2'           ,'1232113379.3',''          ,5               ,9               ,0        ,7            ,1              ,5            ,0             ,0               ,0                  ,8                ,'3706'   ,1           ,16            ,'Local'     ,'37060011224'   ,0                 ,0        ,''              ,''              ,0               ,0              ,0             ,121      , 1           , 14             ),
     (218  ,'2011-11-05 08:00:01'     ,'\"37060011221\" <37060011221>','37060011221','37060011230',60         ,50        ,'ANSWERED'    ,0          ,'2'           ,'1232113379.3',''          ,5               ,7               ,0        ,4            ,1              ,2            ,0             ,0               ,0                  ,3                ,'3706'   ,1           ,16            ,'Local'     ,'37060011224'   ,0                 ,0        ,''              ,''              ,0               ,0              ,0             ,121      , 1           , 14             ),
     (219  ,'2011-11-05 13:00:01'     ,'\"123123\" <123123>'          ,'123123'     ,'37060011221',60         ,50        ,'ANSWERED'    ,0          ,'2'           ,'1232113379.3',''          ,0               ,5               ,NULL     ,9            ,1              ,4            ,0             ,0               ,0                  ,9                ,'1231'   ,1           ,16            ,'Outside'   ,'37060011224'   ,0                 ,0        ,''              ,''              ,0               ,0              ,0             ,0, 1           , 14             ),
     (220  ,'2011-11-05 16:00:01'     ,'\"123123\" <123123>'          ,'123123'     ,'37060011221',60         ,50        ,'ANSWERED'    ,0          ,'2'           ,'1232113379.3',''          ,0               ,5               ,NULL     ,3            ,1              ,9            ,0             ,0               ,0                  ,2                ,'1231'   ,1           ,16            ,'Outside'   ,'37060011224'   ,0                 ,0        ,''              ,''              ,0               ,0              ,0             ,0, 1           , 14             ),    
     (221  ,'2011-11-06 15:00:01'     ,'\"37060011221\" <37060011221>','37060011221','37060011234',60         ,50        ,'ANSWERED'    ,0          ,'2'           ,'1232113379.3',''          ,5               ,7               ,0        ,4            ,1              ,2            ,0             ,0               ,0                  ,3                ,'3706'   ,1           ,16            ,'Local'     ,'37060011224'   ,0                 ,0        ,''              ,''              ,0               ,0              ,0             ,121      , 1           , 14             ),
     (222  ,'2011-11-07 14:00:01'     ,'\"37060011221\" <37060011221>','37060011221','37060011233',60         ,50        ,'ANSWERED'    ,0          ,'2'           ,'1232113379.3',''          ,5               ,8               ,0        ,4            ,1              ,2            ,0             ,0               ,0                  ,3                ,'3706'   ,1           ,16            ,'Local'     ,'37060011224'   ,0                 ,0        ,''              ,''              ,0               ,0              ,0             ,121      , 1           , 14             ),
     (223  ,'2011-11-08 11:00:01'     ,'\"37060011226\" <37060011226>','37060011226','37060011221',60         ,50        ,'ANSWERED'    ,0          ,'2'           ,'1232113379.3',''          ,4               ,5               ,2        ,4            ,1              ,2            ,0             ,0               ,0                  ,3                ,'3706'   ,1           ,16            ,'Local'     ,'37060011224'   ,0                 ,0        ,''              ,''              ,0               ,0              ,0             ,126      , 1           , 14             ),
     (224  ,'2011-11-08 23:00:01'     ,'\"37060011226\" <37060011226>','37060011226','37060011223',60         ,50        ,'ANSWERED'    ,0          ,'2'           ,'1232113379.3',''          ,4               ,5               ,2        ,4            ,1              ,2            ,0             ,0               ,0                  ,3                ,'3706'   ,1           ,16            ,'Local'     ,'37060011224'   ,0                 ,0        ,''              ,''              ,0               ,0              ,0             ,126      , 1           , 14             ),
     (225  ,'2011-11-09 09:00:01'     ,'\"123123\" <123123>'          ,'123123'     ,'37060011221',60         ,50        ,'ANSWERED'    ,0          ,'2'           ,'1232113379.3',''          ,0               ,5               ,NULL     ,4            ,1              ,2            ,0             ,0               ,0                  ,3                ,'1231'   ,1           ,16            ,'Outside'   ,'37060011224'   ,0                 ,0        ,''              ,''              ,0               ,0              ,0             ,0, 1           , 14             ),
     (226  ,'2011-11-09 12:00:01'     ,'\"37060011226\" <37060011226>','37060011226','37060011242',60         ,50        ,'ANSWERED'    ,0          ,'2'           ,'1232113379.3',''          ,4               ,9               ,2        ,4            ,1              ,2            ,0             ,0               ,0                  ,3                ,'3706'   ,1           ,16            ,'Local'     ,'37060011224'   ,0                 ,0        ,''              ,''              ,0               ,0              ,0             ,126      , 1           , 14             ),
     (227  ,'2011-11-09 15:00:01'     ,'\"37060011226\" <37060011226>','37060011226','37060011238',60         ,50        ,'ANSWERED'    ,0          ,'2'           ,'1232113379.3',''          ,4               ,9               ,2        ,4            ,1              ,2            ,0             ,0               ,0                  ,3                ,'3706'   ,1           ,16            ,'Local'     ,'37060011224'   ,0                 ,0        ,''              ,''              ,0               ,0              ,0             ,126      , 1           , 14             ),
     (228  ,'2011-11-09 17:00:01'     ,'\"123123\" <123123>'          ,'123123'     ,'37060011223',60         ,50        ,'ANSWERED'    ,0          ,'2'           ,'1232113379.3',''          ,0               ,5               ,NULL     ,4            ,1              ,2            ,0             ,0               ,0                  ,3                ,'1231'   ,1           ,16            ,'Outside'   ,'37060011224'   ,0                 ,0        ,''              ,''              ,0               ,0              ,0             ,0, 1           , 14             ),
     (229  ,'2011-11-09 22:00:01'     ,'\"37060011226\" <37060011226>','37060011226','37060011239',60         ,50        ,'ANSWERED'    ,0          ,'2'           ,'1232113379.3',''          ,4               ,9               ,2        ,4            ,1              ,2            ,0             ,0               ,0                  ,3                ,'3706'   ,1           ,16            ,'Local'     ,'37060011224'   ,0                 ,0        ,''              ,''              ,0               ,0              ,0             ,126      , 1           , 14             ),
     (230  ,'2011-11-10 13:00:01'     ,'\"37060011226\" <37060011226>','37060011226','37060011240',60         ,50        ,'ANSWERED'    ,0          ,'2'           ,'1232113379.3',''          ,4               ,9               ,2        ,4            ,1              ,2            ,0             ,0               ,0                  ,3                ,'3706'   ,1           ,16            ,'Local'     ,'37060011224'   ,0                 ,0        ,''              ,''              ,0               ,0              ,0             ,126      , 1           , 14             ),
     (231  ,'2011-11-11 11:00:01'     ,'\"123123\" <123123>'          ,'123123'     ,'37060011225',60         ,50        ,'ANSWERED'    ,0          ,'2'           ,'1232113379.3',''          ,0               ,4               ,NULL     ,4            ,1              ,2            ,0             ,0               ,0                  ,3                ,'1231'   ,1           ,16            ,'Outside'   ,'37060011224'   ,0                 ,0        ,''              ,''              ,0               ,0              ,0             ,0, 1           , 14             ),
     (232  ,'2011-11-11 15:00:01'     ,'\"37060011226\" <37060011226>','37060011226','37060011230',60         ,50        ,'ANSWERED'    ,0          ,'2'           ,'1232113379.3',''          ,4               ,7               ,2        ,4            ,1              ,2            ,0             ,0               ,0                  ,3                ,'3706'   ,1           ,16            ,'Local'     ,'37060011224'   ,0                 ,0        ,''              ,''              ,0               ,0              ,0             ,126      , 1           , 14             ),
     (233  ,'2011-11-11 17:00:01'     ,'\"123123\" <123123>'          ,'123123'     ,'37060011225',60         ,50        ,'ANSWERED'    ,0          ,'2'           ,'1232113379.3',''          ,0               ,4               ,NULL     ,4            ,1              ,2            ,0             ,0               ,0                  ,3                ,'1231'   ,1           ,16            ,'Outside'   ,'37060011224'   ,0                 ,0        ,''              ,''              ,0               ,0              ,0             ,0, 1           , 14             ),
     (234  ,'2011-11-11 23:00:01'     ,'\"37060011226\" <37060011226>','37060011226','37060011234',60         ,50        ,'ANSWERED'    ,0          ,'2'           ,'1232113379.3',''          ,4               ,7               ,2        ,4            ,1              ,2            ,0             ,0               ,0                  ,3                ,'3706'   ,1           ,16            ,'Local'     ,'37060011224'   ,0                 ,0        ,''              ,''              ,0               ,0              ,0             ,126      , 1           , 14             ),
     (235  ,'2011-11-12 06:00:01'     ,'\"37060011226\" <37060011226>','37060011226','37060011233',60         , 0        ,'FAILED'      ,0          ,'2'           ,'1232113379.3',''          ,4               ,8               ,2        ,4            ,1              ,2            ,0             ,0               ,0                  ,3                ,'3706'   ,1           ,16            ,'Local'     ,'37060011224'   ,0                 ,0        ,''              ,''              ,0               ,0              ,0             ,126      , 12          , 0              ),
     (236  ,'2011-11-12 12:00:01'     ,'\"37060011238\" <37060011238>','37060011238','123123'     ,60         , 0        ,'FAILED'      ,0          ,'2'           ,'1232113379.3',''          ,9               ,0               ,NULL     ,4            ,1              ,2            ,0             ,0               ,0                  ,3                ,'3706'   ,1           ,16            ,'Outside'   ,'123123'        ,0                 ,0        ,''              ,''              ,0               ,0              ,0             ,138      , 1           , 0              ),
     (237  ,'2011-11-12 14:00:01'     ,'\"37060011233\" <37060011233>','37060011233','123123'     ,60         ,50        ,'ANSWERED'    ,0          ,'2'           ,'1232113379.3',''          ,8               ,0               ,4        ,4            ,1              ,2            ,3             ,0               ,0                  ,3                ,'3706'   ,1           ,16            ,'Outside'   ,'123123'        ,0                 ,0        ,''              ,''              ,0               ,0              ,0             ,133      , 1           , 14             ),
     (238  ,'2011-11-12 16:00:01'     ,'\"37060011221\" <37060011221>','37060011221','123123'     ,60         , 0        ,'BUSY'        ,0          ,'2'           ,'1232113379.3',''          ,5               ,0               ,NULL     ,4            ,1              ,2            ,0             ,0               ,0                  ,3                ,'3706'   ,1           ,16            ,'Outside'   ,'123123'        ,0                 ,0        ,''              ,''              ,0               ,0              ,0             ,122      , 1           , 0              ),
     (239  ,'2011-11-13 11:00:01'     ,'\"37060011221\" <37060011221>','37060011221','37060011223',60         ,50        ,'ANSWERED'    ,0          ,'2'           ,'1232113379.3',''          ,5               ,5               ,2        ,4            ,1              ,2            ,0             ,0               ,0                  ,3                ,'3706'   ,1           ,16            ,'Local'     ,'37060011224'   ,0                 ,0        ,''              ,''              ,0               ,0              ,0             ,122      , 12          , 16             ),
     (240  ,'2011-11-13 15:00:01'     ,'\"37060011238\" <37060011238>','37060011238','37060011221',60         , 0        ,'FAILED'      ,0          ,'2'           ,'1232113379.3',''          ,9               ,5               ,NULL     ,4            ,1              ,2            ,0             ,0               ,0                  ,3                ,'3706'   ,1           ,16            ,'Local'     ,'37060011224'   ,0                 ,0        ,''              ,''              ,0               ,0              ,0             ,138      , 1           , 0              ),
     (241  ,'2011-11-13 17:00:01'     ,'\"37060011233\" <37060011233>','37060011233','37060011221',60         , 0        ,'FAILED'      ,0          ,'2'           ,'1232113379.3',''          ,8               ,5               ,NULL     ,4            ,1              ,2            ,0             ,0               ,0                  ,3                ,'3706'   ,1           ,16            ,'Local'     ,'37060011224'   ,0                 ,0        ,''              ,''              ,0               ,0              ,0             ,133      , 11          , 0              ),
     (242  ,'2011-11-13 21:00:01'     ,'\"37060011230\" <37060011230>','37060011230','37060011221',60         , 0        ,'FAILED'      ,0          ,'2'           ,'1232113379.3',''          ,7               ,5               ,5        ,4            ,1              ,2            ,0             ,0               ,0                  ,3                ,'3706'   ,1           ,16            ,'Local'     ,'37060011224'   ,0                 ,0        ,''              ,''              ,0               ,0              ,0             ,130      , 1           , 0              ),
     (243  ,'2011-11-14 07:00:01'     ,'\"37060011230\" <37060011230>','37060011230','123123'     ,60         , 0        ,'BUSY'        ,0          ,'2'           ,'1232113379.3',''          ,7               ,0               ,NULL     ,4            ,1              ,2            ,0             ,0               ,0                  ,3                ,'3706'   ,1           ,16            ,'Outside'   ,'123123'        ,0                 ,0        ,''              ,''              ,0               ,0              ,0             ,130      , 11          , 0              ),
     (244  ,'2011-11-14 13:00:01'     ,'\"37060011223\" <37060011223>','37060011223','123123'     ,60         , 0        ,'BUSY'        ,0          ,'2'           ,'1232113379.3',''          ,5               ,0               ,NULL     ,4            ,1              ,2            ,0             ,0               ,0                  ,3                ,'3706'   ,1           ,16            ,'Outside'   ,'123123'        ,0                 ,0        ,''              ,''              ,0               ,0              ,0             ,123      , 1           , 0              ),
     (245  ,'2011-11-14 14:00:01'     ,'\"37060011221\" <37060011221>','37060011221','37060011221',60         , 0        ,'FAILED'      ,0          ,'2'           ,'1232113379.3',''          ,7               ,5               ,NULL     ,4            ,1              ,2            ,0             ,0               ,0                  ,3                ,'3706'   ,1           ,16            ,'Local'     ,'37060011224'   ,0                 ,0        ,''              ,''              ,0               ,0              ,0             ,121      , 11          , 0              ),
     (246  ,'2011-11-14 15:00:01'     ,'\"37060011221\" <37060011221>','37060011221','37060011223',60         , 0        ,'BUSY'        ,0          ,'2'           ,'1232113379.3',''          ,5               ,5               ,NULL     ,4            ,1              ,2            ,0             ,0               ,0                  ,3                ,'3706'   ,1           ,16            ,'Local'     ,'37060011224'   ,0                 ,0        ,''              ,''              ,0               ,0              ,0             ,121      , 1           , 0              ),
     (247  ,'2011-11-14 16:00:01'     ,'\"37060011224\" <37060011224>','37060011224','37060011221',60         , 0        ,'FAILED'      ,0          ,'2'           ,'1232113379.3',''          ,4               ,5               ,NULL     ,4            ,1              ,2            ,0             ,0               ,0                  ,3                ,'3706'   ,1           ,16            ,'Local'     ,'37060011224'   ,0                 ,0        ,''              ,''              ,0               ,0              ,0             ,124      , 1           , 0              ),
     (248  ,'2011-11-14 23:00:01'     ,'\"37060011225\" <37060011225>','37060011225','37060011221',60         , 0        ,'BUSY'        ,0          ,'2'           ,'1232113379.3',''          ,4               ,5               ,2        ,4            ,1              ,2            ,0             ,0               ,0                  ,3                ,'3706'   ,1           ,16            ,'Local'     ,'37060011224'   ,0                 ,0        ,''              ,''              ,0               ,0              ,0             ,125      , 1           , 0              ),
     (249  ,'2011-11-15 02:00:01'     ,'\"37060011221\" <37060011221>','37060011221','37060011223',60         , 0        ,'BUSY'        ,0          ,'2'           ,'1232113379.3',''          ,5               ,5               ,NULL     ,4            ,1              ,2            ,0             ,0               ,0                  ,3                ,'3706'   ,1           ,16            ,'Local'     ,'37060011224'   ,0                 ,0        ,''              ,''              ,0               ,0              ,0             ,121      , 1           , 0              ),
     (250  ,'2011-11-15 12:00:01'     ,'\"37060011239\" <37060011239>','37060011239','37060011221',60         ,50        ,'ANSWERED'    ,0          ,'2'           ,'1232113379.3',''          ,9               ,5               ,5        ,4            ,1              ,2            ,0             ,0               ,0                  ,3                ,'3706'   ,1           ,16            ,'Local'     ,'37060011224'   ,0                 ,0        ,''              ,''              ,0               ,0              ,0             ,139      , 1           , 14             ),
     (251  ,'2011-11-15 12:50:01'     ,'\"37060011239\" <37060011239>','37060011239','37060011223',60         ,50        ,'ANSWERED'    ,0          ,'2'           ,'1232113379.3',''          ,9               ,5               ,5        ,4            ,1              ,2            ,0             ,0               ,0                  ,3                ,'3706'   ,1           ,16            ,'Local'     ,'37060011224'   ,0                 ,0        ,''              ,''              ,0               ,0              ,0             ,139      , 1           , 14             ),
     (252  ,'2011-11-15 14:00:01'     ,'\"37060011239\" <37060011239>','37060011239','37060011224',60         ,50        ,'ANSWERED'    ,0          ,'2'           ,'1232113379.3',''          ,9               ,4               ,5        ,4            ,1              ,2            ,0             ,0               ,0                  ,3                ,'3706'   ,1           ,16            ,'Local'     ,'37060011224'   ,0                 ,0        ,''              ,''              ,0               ,0              ,0             ,139      , 1           , 14             ),
     (253  ,'2011-11-16 15:00:01'     ,'\"37060011225\" <37060011225>','37060011225','123123'     ,60         ,50        ,'ANSWERED'    ,0          ,'2'           ,'1232113379.3',''          ,4               ,0               ,5        ,4            ,1              ,2            ,0             ,0               ,0                  ,3                ,'3706'   ,1           ,16            ,'Outside'   ,'123123'        ,0                 ,0        ,''              ,''              ,0               ,0              ,0             ,125      , 1           , 14             ),
     (254  ,'2011-11-16 16:00:01'     ,'\"37060011242\" <37060011242>','37060011242','37060011225',60         ,5         ,'ANSWERED'    ,0          ,'2'           ,'1232113379.3',''          ,9               ,4               ,6        ,3            ,1              ,5            ,0             ,3               ,0                  ,4                ,'3706'   ,1           ,16            ,'Local'     ,'37060011224'   ,0                 ,0        ,''              ,''              ,0               ,0              ,0             ,142      , 1           , 14             ),
     (255  ,'2011-11-16 17:00:01'     ,'\"37060011242\" <37060011242>','37060011242','37060011226',60         ,5         ,'ANSWERED'    ,0          ,'2'           ,'1232113379.3',''          ,9               ,4               ,0        ,3            ,1              ,5            ,0             ,3               ,0                  ,4                ,'3706'   ,1           ,16            ,'Local'     ,'37060011224'   ,0                 ,0        ,''              ,''              ,0               ,0              ,0             ,142      , 1           , 14             ),
     (256  ,'2011-11-17 12:00:01'     ,'\"37060011226\" <37060011226>','37060011226','123123'     ,60         ,5         ,'ANSWERED'    ,0          ,'2'           ,'1232113379.3',''          ,4               ,0               ,0        ,3            ,1              ,5            ,0             ,3               ,0                  ,4                ,'3706'   ,1           ,16            ,'Outside'   ,'123123'        ,0                 ,0        ,''              ,''              ,0               ,0              ,0             ,126      , 1           , 14             ),
     (257  ,'2011-11-17 21:00:01'     ,'\"37060011240\" <37060011240>','37060011240','37060011233',60         ,5         ,'ANSWERED'    ,0          ,'2'           ,'1232113379.3',''          ,9               ,8               ,0        ,3            ,1              ,5            ,0             ,3               ,0                  ,4                ,'3706'   ,1           ,16            ,'Local'     ,'37060011224'   ,0                 ,0        ,''              ,''              ,0               ,0              ,0             ,140      , 1           , 14             ),
     (258  ,'2011-11-18 09:00:01'     ,'\"123123\" <123123>'          ,'123123'     ,'37060011240',60         ,5         ,'ANSWERED'    ,0          ,'2'           ,'1232113379.3',''          ,0               ,5               ,6        ,3            ,1              ,5            ,0             ,3               ,0                  ,4                ,'1231'   ,1           ,16            ,'Outside'   ,'37060011224'   ,0                 ,0        ,''              ,''              ,0               ,0              ,0             ,0, 1           , 14             ),
     (259  ,'2011-11-19 07:00:01'     ,'\"123123\" <123123>'          ,'123123'     ,'37060011233',60         ,5         ,'ANSWERED'    ,0          ,'2'           ,'1232113379.3',''          ,0               ,8               ,6        ,3            ,1              ,5            ,0             ,3               ,0                  ,4                ,'1231'   ,1           ,16            ,'Outside'   ,'37060011224'   ,0                 ,0        ,''              ,''              ,0               ,0              ,0             ,0, 1           , 14             ),
     (260  ,'2011-11-20 04:00:01'     ,'\"37060011239\" <37060011239>','37060011239','37060011226',60         ,50        ,'ANSWERED'    ,0          ,'2'           ,'1232113379.3',''          ,9               ,4               ,3        ,4            ,1              ,2            ,0             ,0               ,0                  ,3                ,'3706'   ,1           ,16            ,'Local'     ,'37060011224'   ,0                 ,0        ,''              ,''              ,0               ,0              ,0             ,139      , 1           , 14             ),
     (261  ,'2011-11-22 09:00:01'     ,'\"37060011242\" <37060011242>','37060011242','37060011225',60         ,50        ,'ANSWERED'    ,0          ,'2'           ,'1232113379.3',''          ,9               ,4               ,11       ,4            ,1              ,2            ,0             ,0               ,0                  ,3                ,'3706'   ,1           ,16            ,'Local'     ,'37060011224'   ,0                 ,0        ,''              ,''              ,0               ,0              ,0             ,142      , 1           , 14             ),
     (262  ,'2011-11-22 11:00:01'     ,'\"37060011242\" <37060011242>','37060011242','37060011224',60         ,50        ,'ANSWERED'    ,0          ,'2'           ,'1232113379.3',''          ,9               ,4               ,3        ,4            ,1              ,9            ,0             ,0               ,0                  ,3                ,'3706'   ,1           ,16            ,'Local'     ,'37060011224'   ,0                 ,0        ,''              ,''              ,0               ,0              ,0             ,142      , 1           , 14             ),
     (263  ,'2011-11-22 12:00:01'     ,'\"37060011240\" <37060011240>','37060011240','37060011230',60         ,50        ,'ANSWERED'    ,0          ,'2'           ,'1232113379.3',''          ,9               ,7               ,12       ,4            ,1              ,2            ,0             ,0               ,0                  ,45               ,'3706'   ,1           ,16            ,'Local'     ,'37060011224'   ,0                 ,0        ,''              ,''              ,0               ,0              ,0             ,140      , 1           , 14             ),
     (264  ,'2011-11-22 13:00:01'     ,'\"37060011240\" <37060011240>','37060011240','37060011233',60         ,50        ,'ANSWERED'    ,0          ,'2'           ,'1232113379.3',''          ,9               ,8               ,11       ,4            ,1              ,2            ,0             ,0               ,0                  ,3                ,'3706'   ,1           ,16            ,'Local'     ,'37060011224'   ,0                 ,0        ,''              ,''              ,0               ,0              ,0             ,140      , 1           , 14             ),
     (265  ,'2011-11-22 15:00:01'     ,'\"37060011238\" <37060011238>','37060011238','37060011230',60         ,50        ,'ANSWERED'    ,0          ,'2'           ,'1232113379.3',''          ,9               ,7               ,14       ,4            ,1              ,9            ,0             ,0               ,0                  ,3                ,'3706'   ,1           ,16            ,'Local'     ,'37060011224'   ,0                 ,0        ,''              ,''              ,0               ,0              ,0             ,138      , 1           , 14             ),
     (266  ,'2011-11-22 17:00:01'     ,'\"37060011221\" <37060011221>','37060011221','123123'     ,60         ,50        ,'ANSWERED'    ,0          ,'2'           ,'1232113379.3',''          ,5               ,0               ,3        ,4            ,1              ,2            ,0             ,0               ,0                  ,3                ,'3706'   ,1           ,16            ,'Outside'   ,'123123'        ,0                 ,0        ,''              ,''              ,0               ,0              ,0             ,121      , 1           , 14             ),
     (267  ,'2011-11-22 19:00:01'     ,'\"37060011238\" <37060011238>','37060011238','37060011221',60         ,50        ,'ANSWERED'    ,0          ,'2'           ,'1232113379.3',''          ,9               ,5               ,14       ,4            ,1              ,2            ,0             ,0               ,0                  ,34               ,'3706'   ,1           ,16            ,'Local'     ,'37060011224'   ,0                 ,0        ,''              ,''              ,0               ,0              ,0             ,138      , 1           , 14             ),
     (268  ,'2011-11-22 20:00:01'     ,'\"37060011239\" <37060011239>','37060011239','123123'     ,60         ,50        ,'ANSWERED'    ,0          ,'2'           ,'1232113379.3',''          ,9               ,0               ,15       ,4            ,1              ,12           ,0             ,0               ,0                  ,3                ,'3706'   ,1           ,16            ,'Outside'   ,'123123'        ,0                 ,0        ,''              ,''              ,0               ,0              ,0             ,139      , 1           , 14             ),
     (269  ,'2011-11-22 21:00:01'     ,'\"37060011238\" <37060011238>','37060011238','37060011223',60         ,50        ,'ANSWERED'    ,0          ,'2'           ,'1232113379.3',''          ,9               ,5               ,15       ,4            ,1              ,2            ,0             ,0               ,0                  ,3                ,'3706'   ,1           ,16            ,'Local'     ,'37060011224'   ,0                 ,0        ,''              ,''              ,0               ,0              ,0             ,138      , 1           , 14             ),
     (270  ,'2011-11-22 22:00:01'     ,'\"37060011238\" <37060011238>','37060011238','37060011221',60         ,50        ,'ANSWERED'    ,0          ,'2'           ,'1232113379.3',''          ,9               ,5               ,3        ,4            ,1              ,13           ,0             ,0               ,0                  ,9                ,'3706'   ,1           ,16            ,'Local'     ,'37060011224'   ,0                 ,0        ,''              ,''              ,0               ,0              ,0             ,138      , 1           , 14             ),
     (271  ,'2011-11-23 09:00:01'     ,'\"123123\" <123123>'          ,'123123'     ,'37060011225',60         ,50        ,'ANSWERED'    ,0          ,'2'           ,'1232113379.3',''          ,0               ,4               ,11       ,4            ,1              ,2            ,0             ,0               ,0                  ,12               ,'1231'   ,1           ,16            ,'Outside'   ,'37060011224'   ,0                 ,0        ,''              ,''              ,0               ,0              ,0             ,0, 1           , 14             ),
     (272  ,'2011-11-23 12:00:01'     ,'\"37060011233\" <37060011233>','37060011233','37060011221',60         ,50        ,'ANSWERED'    ,0          ,'2'           ,'1232113379.3',''          ,8               ,5               ,6        ,4            ,1              ,14           ,3             ,0               ,0                  ,3                ,'3706'   ,1           ,16            ,'Local'     ,'37060011224'   ,0                 ,0        ,''              ,''              ,0               ,0              ,0             ,133      , 12          , 16             ),
     (273  ,'2011-11-23 07:00:01'     ,'\"37060011233\" <37060011233>','37060011233','37060011224',60         ,50        ,'ANSWERED'    ,0          ,'2'           ,'1232113379.3',''          ,8               ,4               ,6        ,4            ,1              ,2            ,3             ,0               ,0                  ,3                ,'3706'   ,1           ,16            ,'Local'     ,'37060011224'   ,0                 ,0        ,''              ,''              ,0               ,0              ,0             ,133      , 12          , 16             ),
     (274  ,'2011-11-23 13:00:01'     ,'\"123123\" <123123>'          ,'123123'     ,'37060011242',60         ,50        ,'ANSWERED'    ,0          ,'2'           ,'1232113379.3',''          ,0               ,9               ,NULL     ,4            ,1              ,11           ,0             ,0               ,0                  ,13               ,'1231'   ,1           ,16            ,'Outside'   ,'37060011224'   ,0                 ,0        ,''              ,''              ,0               ,0              ,0             ,0, 1           , 14             ),
     (275  ,'2011-11-23 15:00:01'     ,'\"37060011233\" <37060011233>','37060011233','37060011225',60         ,50        ,'ANSWERED'    ,0          ,'2'           ,'1232113379.3',''          ,8               ,4               ,6        ,4            ,1              ,13           ,3             ,0               ,0                  ,3                ,'3706'   ,1           ,16            ,'Local'     ,'37060011224'   ,0                 ,0        ,''              ,''              ,0               ,0              ,0             ,133      , 12          , 16             ),
     (276  ,'2011-11-23 16:00:01'     ,'\"123123\" <123123>'          ,'123123'     ,'37060011221',60         ,50        ,'ANSWERED'    ,0          ,'2'           ,'1232113379.3',''          ,0               ,5               ,NULL     ,4            ,1              ,2            ,0             ,0               ,0                  ,17               ,'1231'   ,1           ,16            ,'Outside'   ,'37060011224'   ,0                 ,0        ,''              ,''              ,0               ,0              ,0             ,0, 1           , 14             ),
     (277  ,'2011-11-23 16:30:01'     ,'\"37060011233\" <37060011233>','37060011233','37060011226',60         ,50        ,'ANSWERED'    ,0          ,'2'           ,'1232113379.3',''          ,8               ,4               ,6        ,4            ,1              ,17           ,3             ,0               ,0                  ,3                ,'3706'   ,1           ,16            ,'Local'     ,'37060011224'   ,0                 ,0        ,''              ,''              ,0               ,0              ,0             ,133      , 12          , 16             );
#Device
INSERT INTO `devices` (`id`, `name`, `host`  , `secret`, `context` , `ipaddr`, `port`     , `regseconds`, `accountcode` , `callerid`    , `extension`, `voicemail_active`, `username`       , `device_type`, `user_id`, `primary_did_id`, `works_not_logged`, `forward_to`, `record`, `transfer`, `disallow`, `allow`         , `deny`          , `permit`, `nat`, `qualify`, `fullcontact`, `canreinvite`, `devicegroup_id`, `dtmfmode`, `callgroup`, `pickupgroup`, `fromuser`, `fromdomain`, `trustrpid`, `sendrpid`, `insecure`, `progressinband`, `videosupport`, `location_id`                  , `description`, `istrunk`, `cid_from_dids`, `pin`, `tell_balance`, `tell_time`, `tell_rtime_when_left`, `repeat_rtime_every`, `t38pt_udptl`, `regserver`, `ani`, `promiscredir`, `timeout`, `process_sipchaninfo`, `temporary_id`, `allow_duplicate_calls`, `call_limit`, `faststart`, `h245tunneling`, `latency`, `grace_time`, `recording_to_email`, `recording_keep`, `recording_email`)
VALUES                (8   ,'108'  ,'dynamic','108'    ,'mor_local','0.0.0.0',0           ,1175892667   ,2              ,'\"108\" <108>','108'       ,0                  ,'User_RSPRO'      ,'IAX2'        ,6         ,0               ,1                ,0                  ,0            ,'no'     ,'all'      ,'all'      ,'0.0.0.0/0.0.0.0','0.0.0.0/0.0.0.0','yes'    ,'yes' ,''        ,'no'          ,NULL          ,'rfc2833'        ,NULL       ,NULL        ,NULL          ,NULL       ,'no'         ,'no'        ,'no'       ,'never'    ,'no'             ,1              ,'Test Device for Resellers User',0             ,0         ,NULL            ,0     ,0              ,60          ,60                     ,'no'                 ,NULL          ,0           ,'no'  ,60             ,0         ,NULL                  ,0              ,0                       ,'yes'        ,'yes'       ,0               ,0         ,0            ,0                    ,NULL),
                      (9   ,'109'  ,'dynamic','109'    ,'mor_local','0.0.0.0',0           ,1175892667   ,2              ,'\"109\" <109>','109'       ,0                  ,'User_Resellers'  ,'SIP'         ,4         ,0               ,1                ,0                  ,0            ,'no'     ,'all'      ,'all'      ,'0.0.0.0/0.0.0.0','0.0.0.0/0.0.0.0','yes'    ,'yes' ,''        ,'no'          ,NULL          ,'rfc2833'        ,NULL       ,NULL        ,NULL          ,NULL       ,'no'         ,'no'        ,'no'       ,'never'    ,'no'             ,1              ,'Test Device for Accountant'    ,0             ,0         ,NULL            ,0     ,0              ,60          ,60                     ,'no'                 ,NULL          ,0           ,'no'  ,60             ,0         ,NULL                  ,0              ,0                       ,'yes'        ,'yes'       ,0               ,0         ,0            ,0                    ,NULL);
#conflines
INSERT INTO `conflines` (`id`,`value2`,`name`                            ,`value`,`owner_id`) VALUES
                        (1000,NULL    ,'Resellers_can_add_their_own_DIDs', 1     ,0         );
#permissions group for reseller
INSERT INTO `acc_groups`(`id`,`name`                 ,`only_view`,`group_type`,`description`) VALUES
                        ( 1  ,'Reseller_permissions' ,         0 , 'reseller' , ''           ); 
#update permisions
UPDATE acc_group_rights set value =2 where acc_group_id =1;
UPDATE users set acc_group_id =1 where id=3;
#cards group
INSERT INTO `cardgroups` 
(`id`, `name`                      , `description`              , `price`, `setup_fee`, `ghost_min_perc`, `daily_charge`, `tariff_id`, `lcr_id`, `created_at`         , `valid_from`       , `valid_till`        , `vat_percent`, `number_length`, `pin_length`, `dialplan_id`, `image`     , `location_id`, `owner_id`, `tax_id`)
VALUES
(111 ,'Test_cardgroup_for_reseller','Test_cardgroup description',15      ,1           ,100              ,0.1            ,2           ,1        ,'2011-04-16 04:57:41','2011-04-16 00:00:00','2013-04-16 23:59:59',19            ,10              ,4            ,0             ,'example.jpg',1             ,0           ,6),
(112 ,'Reseller_Test_cardgroup'    ,'Test_cardgroup description',25      ,1           ,100              ,0.1            ,2           ,1        ,'2011-09-09 00:00:00','2012-09-09 00:00:00','2013-04-16 23:59:59',19            ,10              ,4            ,0             ,'example.jpg',1             ,3           ,6);
#cards
INSERT INTO `cards` 
(`id` ,`balance`         ,`cardgroup_id`,`sold`,`number`    ,`pin` ,`first_use`,`daily_charge_paid_till`,`frozen_balance`,`owner_id`,`callerid`,`language`,`name`,`user_id`)
VALUES
( 121 ,               15 ,          111 ,    1 ,'3706001121','3619', NULL      , NULL                   ,              0 ,        0 , NULL     ,'en'      ,  ''  ,      0 ),
( 122 ,               15 ,          111 ,    0 ,'3706001122','3699', NULL      , NULL                   ,              0 ,        0 , NULL     ,'en'      ,  ''  ,      0 ),
( 123 ,               15 ,          111 ,    1 ,'3706001123','3020', NULL      , NULL                   ,              0 ,        0 , NULL     ,'en'      ,  ''  ,      0 ),
( 124 ,               15 ,          111 ,    1 ,'3706001124','6465', NULL      , NULL                   ,              0 ,        0 , NULL     ,'en'      ,  ''  ,      2 ),
( 125 ,               15 ,          111 ,    1 ,'3706001125','3495', NULL      , NULL                   ,              0 ,        0 , NULL     ,'en'      ,  ''  ,      2 ),
( 126 ,               15 ,          111 ,    1 ,'3706001126','1173', NULL      , NULL                   ,              0 ,        0 , NULL     ,'en'      ,  ''  ,      2 ),
( 127 ,               15 ,          111 ,    0 ,'3706001127','4892', NULL      , NULL                   ,              0 ,        0 , NULL     ,'en'      ,  ''  ,      0 ),
( 128 ,               15 ,          111 ,    1 ,'3706001128','2795', NULL      , NULL                   ,              0 ,        0 , NULL     ,'en'      ,  ''  ,      2 ),
( 129 ,               15 ,          111 ,    1 ,'3706001129','7274', NULL      , NULL                   ,              0 ,        0 , NULL     ,'en'      ,  ''  ,      2 ),
( 130 ,               15 ,          112 ,    1 ,'3706001130','6800', NULL      , NULL                   ,              0 ,        3 , NULL     ,'en'      ,  ''  ,      5 ),
( 131 ,               15 ,          111 ,    1 ,'3706001131','4648', NULL      , NULL                   ,              0 ,        0 , NULL     ,'en'      ,  ''  ,      3 ),
( 132 ,               15 ,          111 ,    1 ,'3706001132','9393', NULL      , NULL                   ,              0 ,        0 , NULL     ,'en'      ,  ''  ,      3 ),
( 133 ,               15 ,          112 ,    1 ,'3706001133','3346', NULL      , NULL                   ,              0 ,        3 , NULL     ,'en'      ,  ''  ,      6 ),
( 134 ,               15 ,          112 ,    1 ,'3706001134','0253', NULL      , NULL                   ,              0 ,        3 , NULL     ,'en'      ,  ''  ,      5 ),
( 135 ,               15 ,          111 ,    0 ,'3706001135','1525', NULL      , NULL                   ,              0 ,        0 , NULL     ,'en'      ,  ''  ,      0 ),
( 136 ,               15 ,          111 ,    0 ,'3706001136','3789', NULL      , NULL                   ,              0 ,        0 , NULL     ,'en'      ,  ''  ,      0 ),
( 137 ,               15 ,          111 ,    0 ,'3706001137','5783', NULL      , NULL                   ,              0 ,        0 , NULL     ,'en'      ,  ''  ,      0 ),
( 138 ,               15 ,          111 ,    1 ,'3706001138','5935', NULL      , NULL                   ,              0 ,        0 , NULL     ,'en'      ,  ''  ,      4 ),
( 139 ,               15 ,          111 ,    1 ,'3706001139','9458', NULL      , NULL                   ,              0 ,        0 , NULL     ,'en'      ,  ''  ,      4 ),
( 140 ,               15 ,          111 ,    1 ,'3706001140','1445', NULL      , NULL                   ,              0 ,        0 , NULL     ,'en'      ,  ''  ,      4 ),
( 141 ,               15 ,          111 ,    0 ,'3706001141','1650', NULL      , NULL                   ,              0 ,        0 , NULL     ,'en'      ,  ''  ,      0 ),
( 142 ,               15 ,          111 ,    1 ,'3706001142','5824', NULL      , NULL                   ,              0 ,        0 , NULL     ,'en'      ,  ''  ,      4 ),
( 143 ,               15 ,          111 ,    1 ,'3706001143','5771', NULL      , NULL                   ,              0 ,        0 , NULL     ,'en'      ,  ''  ,      3 ),
( 144 ,               15 ,          111 ,    1 ,'3706001144','6805', NULL      , NULL                   ,              0 ,        0 , NULL     ,'en'      ,  ''  ,      3 ),
( 145 ,               15 ,          111 ,    1 ,'3706001145','3039', NULL      , NULL                   ,              0 ,        0 , NULL     ,'en'      ,  ''  ,      0 ),
( 146 ,               15 ,          111 ,    1 ,'3706001146','2191', NULL      , NULL                   ,              0 ,        0 , NULL     ,'en'      ,  ''  ,      0 ),
( 147 ,               15 ,          111 ,    1 ,'3706001147','8271', NULL      , NULL                   ,              0 ,        0 , NULL     ,'en'      ,  ''  ,      3 ),
( 148 ,               15 ,          111 ,    1 ,'3706001148','8472', NULL      , NULL                   ,              0 ,        0 , NULL     ,'en'      ,  ''  ,      3 ),
( 149 ,               15 ,          111 ,    0 ,'3706001149','5882', NULL      , NULL                   ,              0 ,        0 , NULL     ,'en'      ,  ''  ,      0 ),
( 150 ,               15 ,          111 ,    1 ,'3706001150','1138', NULL      , NULL                   ,              0 ,        0 , NULL     ,'en'      ,  ''  ,      2 ),
( 151 ,               15 ,          111 ,    1 ,'3706001151','2604', NULL      , NULL                   ,              0 ,        0 , NULL     ,'en'      ,  ''  ,      3 ),
( 152 ,               15 ,          111 ,    1 ,'3706001152','7774', NULL      , NULL                   ,              0 ,        0 , NULL     ,'en'      ,  ''  ,      4 ),
( 153 ,               15 ,          112 ,    1 ,'3706001153','7922', NULL      , NULL                   ,              0 ,        3 , NULL     ,'en'      ,  ''  ,      5 );
#providers
INSERT INTO `providers` 
(`id`,`name`                ,`tech`,`channel`,`login`               ,`password`     ,`server_ip`  ,`port` ,`priority`,`quality`,`tariff_id`,`cut_a`,`cut_b`,`add_a`,`add_b`,`device_id`,`ani` ,`timeout`,`call_limit`,`interpret_noanswer_as_failed`,`interpret_busy_as_failed`,`register`,`reg_extension`,`terminator_id`,`reg_line`,`hidden`,`use_p_asserted_identity`,`user_id`,`common_use`)
VALUES
( 11 ,'common_use_provider' ,'SIP' ,''       ,'common_use_provider' ,'please_change','0.0.0.0'    ,'5060' ,        1 ,       1 ,         1 ,     0 ,     0 ,  ''   ,  ''   ,        2 ,    0 ,      60 ,          0 ,                            0 ,                        0 ,        0 ,''             ,             0 , ''       ,      0 ,                       0 ,       0 ,          1 ), 
( 12 ,'RSPRO_provider'      ,'SIP' ,''       ,'RSPRO_provider'      ,'please_change','0.0.0.0'    ,'5060' ,        1 ,       1 ,         6 ,     0 ,     0 ,  ''   ,   ''  ,        3 ,    0 ,      60 ,          0 ,                            0 ,                        0 ,        0 , NULL          ,             0 , NULL     ,      0 ,                       0 ,       3 ,          0 ); 
#tariff for reseller provider
INSERT INTO `tariffs`
(`id`,`name`                    ,`purpose`       ,`owner_id`,`currency`)
VALUES
( 16 ,'RSPRO_provider_tariff'   ,'provider'      ,        3 ,'USD'     );
#lcr for reseller
INSERT INTO `lcrs`
(`id`,`name`            ,`order`,`user_id`,`first_provider_percent_limit`)
VALUES
( 11 ,'RSPRO_lcr'       ,'price',       0 ,                            0),
( 12 ,'RSPRO_lcr_common','price',       3 ,                            0);
#user_reseller
INSERT INTO `users` 
(`id`, `username` , `password`                               , `usertype`, `logged`, `first_name`, `last_name`, `calltime_normative`, `show_in_realtime_stats`, `balance`, `frozen_balance`, `lcr_id`, `postpaid`, `blocked`, `tariff_id`, `month_plan_perc`, `month_plan_updated`, `sales_this_month`, `sales_this_month_planned`, `show_billing_info`, `primary_device_id`, `credit`, `clientid`, `agreement_number`, `agreement_date`, `language`, `taxation_country`, `vat_number`, `vat_percent`, `address_id`, `accounting_number`, `owner_id`, `hidden`, `allow_loss_calls`, `vouchers_disabled_till`, `uniquehash`, `temporary_id`, `send_invoice_types`, `call_limit`, `sms_tariff_id`, `sms_lcr_id`, `sms_service_active`, `cyberplat_active`, `call_center_agent`, `generate_invoice`, `tax_1`, `tax_2`, `tax_3`, `tax_4`, `block_at`, `block_at_conditional`, `block_conditional_use`, `recording_enabled`, `recording_forced_enabled`, `recordings_email`, `recording_hdd_quota`, `warning_email_active`, `warning_email_balance`, `warning_email_sent`, `tax_id`, `invoice_zero_calls`, `acc_group_id`) VALUES 
(6   ,'user_rspro','6a9f8db8df3143d212fe44572d51576c66b0dca7','user'     ,0        ,'User'       ,'RSPRO'     ,3                    ,0                        ,0         ,0                , 12      ,1          ,0         ,3           ,0                 ,NULL                 ,0                  ,0                          ,1                   ,0                   ,-1       ,''         ,'0000000004'       ,'2011-03-31'     ,''         ,1                  ,''           ,19            ,4            ,''                  ,3          ,0        ,0                 ,  '20011-01-01 00:00:00'  ,NULL         ,NULL           ,0                    ,0            ,NULL           ,NULL          ,0                   ,0                  ,0                        ,1               ,0         ,0         ,0    ,0    ,'2009-01-01',15                    ,0                       ,0                   ,0                          ,NULL               ,100                   ,0                      ,0                        ,0                   ,3           ,1                          ,0);
UPDATE users SET lcr_id=11 where id=5;
#update call_count for cards
UPDATE cards SET call_count = 14 where id = 121;
UPDATE cards SET call_count = 2 where id = 122;
UPDATE cards SET call_count = 1 where id = 123;
UPDATE cards SET call_count = 1 where id = 124;
UPDATE cards SET call_count = 2 where id = 125;
UPDATE cards SET call_count = 10 where id = 126;
UPDATE cards SET call_count = 2 where id = 130;
UPDATE cards SET call_count = 6 where id = 133;
UPDATE cards SET call_count = 6 where id = 138;
UPDATE cards SET call_count = 5 where id = 139;
UPDATE cards SET call_count = 3 where id = 140;
UPDATE cards SET call_count = 4 where id = 142;
