delete from users where id>0;
/* callshop manager and edited users*/
INSERT INTO `users` (`id`, `username`, `password`, `usertype`, `logged`, `first_name`, `last_name`, `calltime_normative`, `show_in_realtime_stats`, `balance`, `frozen_balance`, `lcr_id`, `postpaid`, `blocked`, `tariff_id`, `month_plan_perc`, `month_plan_updated`, `sales_this_month`, `sales_this_month_planned`, `show_billing_info`, `primary_device_id`, `credit`, `clientid`, `agreement_number`, `agreement_date`, `language`, `taxation_country`, `vat_number`, `vat_percent`, `address_id`, `accounting_number`, `owner_id`, `hidden`, `allow_loss_calls`, `vouchers_disabled_till`, `uniquehash`, `c2c_service_active`, `temporary_id`, `send_invoice_types`, `call_limit`, `c2c_call_price`, `sms_tariff_id`, `sms_lcr_id`, `sms_service_active`, `cyberplat_active`, `call_center_agent`, `generate_invoice`, `tax_1`, `tax_2`, `tax_3`, `tax_4`, `block_at`, `block_at_conditional`, `block_conditional_use`, `recording_enabled`, `recording_forced_enabled`, `recordings_email`, `recording_hdd_quota`, `warning_email_active`, `warning_email_balance`, `warning_email_sent`, `tax_id`, `invoice_zero_calls`, `acc_group_id`, `hide_destination_end`, `warning_email_hour`, `warning_balance_call`, `warning_balance_sound_file_id`, `own_providers`, `ignore_global_monitorings`, `currency_id`, `quickforwards_rule_id`, `spy_device_id`, `time_zone`, `minimal_charge`, `minimal_charge_start_at`, `webphone_allow_use`, `webphone_device_id`, `responsible_accountant_id`) VALUES
(2, '101', 'dd2dfa50dc8feca1e5303a87b2c6a42db3ebe102', 'user', 0, 'Test User', '#1', 3.000000000000000, 1, 0.050000000000000, 0.000000000000000, 2, 1, 1, 2, 0.000000000000000, '2000-01-01 00:00:00', 0, 0, 1, 2, -1.000000000000000, '', '', '2013-03-26', '', 1, '', 18.000000000000000, 5, '', 0, 0, 0, '2000-01-01 00:00:00', '4cu3skrdd2', 0, NULL, 0, 0, 0.000000000000000, NULL, NULL, 0, 0, 0, 1, 0.000000000000000, 0.000000000000000, 0.000000000000000, 0.000000000000000, '2013-01-01', 15, 0, 0, 0, '', 104, 0, 0.000000000000000, 0, 2, 1, 0, -1, -1, 0, 0, 0, 0, 1, 0, 0, 'Vilnius', 0, NULL, 1, 0, -1),
(3, 'reseller', '91dec0f4d00fadb39bf733c5418e9af2151624c6', 'reseller', 0, 'Test', 'Reseller', 3.000000000000000, 0, 0.000000000000000, 0.000000000000000, 2, 1, 0, 2, 0.000000000000000, NULL, 0, 0, 1, 6, -1.000000000000000, '', '0000000001', '2009-03-31', '', 123, '', 19.000000000000000, 2, '', 0, 0, 0, '2000-01-01 00:00:00', 'qg2audn8qa', 0, NULL, 0, 0, 0.000000000000000, NULL, NULL, 0, 0, 0, 1, 0.000000000000000, 0.000000000000000, 0.000000000000000, 0.000000000000000, '2013-01-01', 15, 0, 0, 0, '', 104, 0, 0.000000000000000, 0, 1, 1, 12, -1, -1, 0, 0, 0, 0, 1, 0, 0, 'Vilnius', 0, NULL, 0, 0, -1),
(4, 'accountant', 'ed05464507ccc00676ed0b32267ad4ece385c119', 'accountant', 0, 'Test', 'Accountant', 3.000000000000000, 0, 0.000000000000000, 0.000000000000000, 1, 1, 0, 2, 0.000000000000000, NULL, 0, 0, 1, 0, -1.000000000000000, '', '0000000002', '2009-03-31', '', 123, '', 0.000000000000000, 3, '', 0, 0, 0, '2000-01-01 00:00:00', NULL, 0, NULL, 1, 0, 0.000000000000000, NULL, NULL, 0, 0, 0, 1, 0.000000000000000, 0.000000000000000, 0.000000000000000, 0.000000000000000, '2008-01-01', 15, 0, 0, 0, NULL, 100, 0, 0.000000000000000, 0, 2, 1, 0, -1, -1, 0, 0, 0, 0, 1, 0, 0, 'Vilnius', 0, NULL, 0, 0, -1),
(5, 'user_reseller', '6a9f8db8df3143d212fe44572d51576c66b0dca7', 'user', 0, 'User', 'Resellers', 3.000000000000000, 0, 0.000000000000000, 0.000000000000000, 2, 1, 0, 3, 0.000000000000000, NULL, 0, 0, 1, 0, -1.000000000000000, '', '0000000003', '2009-03-31', '', 1, '', 19.000000000000000, 4, '', 3, 0, 0, '2000-01-01 00:00:00', '3x1cjeez7k', 0, NULL, 0, 0, 0.000000000000000, NULL, NULL, 0, 0, 0, 1, 0.000000000000000, 0.000000000000000, 0.000000000000000, 0.000000000000000, '2009-01-01', 15, 0, 0, 0, NULL, 100, 0, 0.000000000000000, 0, 3, 1, 0, -1, -1, 0, 0, 0, 0, 1, 0, 0, 'Vilnius', 0, NULL, 0, 0, -1),
(6, 'manager', 'a5c297c15e40ac3881db51277613aea3731b673a', 'user', 1, '', '', 3.000000000000000, 0, 0.000000000000000, 0.000000000000000, 1, 1, 0, 4, 0.000000000000000, NULL, 0, 0, 1, 0, -1.000000000000000, '', '0000000004', '2013-03-26', '', 123, '', 0.000000000000000, 6, '', 0, 0, 0, '2000-01-01 00:00:00', 'egc3buqzbk', 0, NULL, 0, 0, 0.000000000000000, NULL, NULL, 0, 0, 0, 1, 0.000000000000000, 0.000000000000000, 0.000000000000000, 0.000000000000000, '2008-01-01', 15, 0, 0, 0, '', 104, 0, 0.000000000000000, 0, 3, 1, 0, -1, -1, 0, 0, 0, 0, 1, 0, 0, 'Vilnius', 0, NULL, 0, 0, -1);
INSERT INTO `taxes` (`id`, `tax1_enabled`, `tax2_enabled`, `tax3_enabled`, `tax4_enabled`, `tax1_name`, `tax2_name`, `tax3_name`, `tax4_name`, `total_tax_name`, `tax1_value`, `tax2_value`, `tax3_value`, `tax4_value`, `compound_tax`) VALUES
(1, 0, 0, 0, 0, 'Tax', '', '', '', 'Tax', 0.000000000000000, 0.000000000000000, 0.000000000000000, 0.000000000000000, 1),
(2, 0, 0, 0, 0, 'Tax', '', '', '', 'Tax', 0.000000000000000, 0.000000000000000, 0.000000000000000, 0.000000000000000, 1),
(3, 0, 0, 0, 0, 'TAX', '', '', '', 'TAX', 0.000000000000000, 0.000000000000000, 0.000000000000000, 0.000000000000000, 1),
(4, 0, 0, 0, 0, 'Tax', '', '', '', 'Tax', 0.000000000000000, 0.000000000000000, 0.000000000000000, 0.000000000000000, 1),
(5, 0, 0, 0, 0, 'Tax', '', '', '', 'Tax', 0.000000000000000, 0.000000000000000, 0.000000000000000, 0.000000000000000, 1),
(6, 0, 0, 0, 0, 'Tax', '', '', '', 'Tax', 0.000000000000000, 0.000000000000000, 0.000000000000000, 0.000000000000000, 1),
(7, 0, 0, 0, 0, 'Tax', '', '', '', 'Tax', 0.000000000000000, 0.000000000000000, 0.000000000000000, 0.000000000000000, 1),
(8, 0, 0, 0, 0, 'Tax', '', '', '', 'Tax', 0.000000000000000, 0.000000000000000, 0.000000000000000, 0.000000000000000, 1),
(9, 0, 0, 0, 0, 'Tax', '', '', '', 'Tax', 0.000000000000000, 0.000000000000000, 0.000000000000000, 0.000000000000000, 1),
(10, 0, 0, 0, 0, 'Tax', '', '', '', 'Tax', 0.000000000000000, 0.000000000000000, 0.000000000000000, 0.000000000000000, 1),
(11, 0, 0, 0, 0, 'Tax', '', '', '', 'Tax', 0.000000000000000, 0.000000000000000, 0.000000000000000, 0.000000000000000, 1);
INSERT INTO `groups` (`id`, `name`, `grouptype`, `owner_id`, `description`, `translation_id`) VALUES
(1, 'Test', 'callshop', 0, '', 1);
INSERT INTO `usergroups` (`id`, `user_id`, `group_id`, `gusertype`, `position`) VALUES
(5, 6, 1, 'manager', 0),
(7, 2, 1, 'user', 1);
delete from voicemail_boxes;
INSERT INTO `voicemail_boxes` (`uniqueid`, `context`, `mailbox`, `password`, `fullname`, `email`, `pager`, `tz`, `attach`, `saycid`, `dialout`, `callback`, `review`, `operator`, `envelope`, `sayduration`, `saydurationm`, `sendvoicemail`, `delete`, `nextaftercmd`, `forcename`, `forcegreetings`, `hidefromdir`, `stamp`, `device_id`) VALUES
(1, 'default', '101', '', 'Test User #1', '', '', 'central', 'yes', 'yes', '', '', 'no', 'no', 'no', 'no', 1, 'no', 'no', 'yes', 'no', 'no', 'yes', '2013-03-26 13:00:52', 2),
(2, 'default', '102', '', 'Test User #1', '', '', 'central', 'yes', 'yes', '', '', 'no', 'no', 'no', 'no', 1, 'no', 'no', 'yes', 'no', 'no', 'yes', '2013-03-26 13:00:52', 3),
(3, 'default', '1002', '', 'Test User #1', '', '', 'central', 'yes', 'yes', '', '', 'no', 'no', 'no', 'no', 1, 'no', 'no', 'yes', 'no', 'no', 'yes', '2013-03-26 13:00:52', 4),
(4, 'default', '103', '', 'System Admin', '', '', 'central', 'yes', 'yes', '', '', 'no', 'no', 'no', 'no', 1, 'no', 'no', 'yes', 'no', 'no', 'yes', '2013-03-26 13:00:52', 5),
(5, 'default', '104', '', 'Test Reseller', 'test_reseller@email.test', '', 'central', 'yes', 'yes', '', '', 'no', 'no', 'no', 'no', 1, 'no', 'no', 'yes', 'no', 'no', 'yes', '2013-03-26 13:00:52', 6),
(6, 'default', '105', '', 'User Resellers', '', '', 'central', 'yes', 'yes', '', '', 'no', 'no', 'no', 'no', 1, 'no', 'no', 'yes', 'no', 'no', 'yes', '2013-03-26 13:00:52', 7),
(8, 'default', '1003', '', 'Test User #1', '', '', 'central', 'yes', 'yes', '', '', 'no', 'no', 'no', 'no', 1, 'no', 'no', 'yes', 'no', 'no', 'yes', '2013-03-26 13:04:44', 9),
(9, 'default', '40070', '', 'Test User #1', '', '', 'central', 'yes', 'yes', '', '', 'no', 'no', 'no', 'no', 1, 'no', 'no', 'yes', 'no', 'no', 'yes', '2013-03-26 13:04:47', 10),
(10, 'default', '1004', '', 'User Resellers', '', '', 'central', 'yes', 'yes', '', '', 'no', 'no', 'no', 'no', 1, 'no', 'no', 'yes', 'no', 'no', 'yes', '2013-03-26 13:05:17', 11),
(11, 'default', '1010', '', 'User Resellers', '', '', 'central', 'yes', 'yes', '', '', 'no', 'no', 'no', 'no', 1, 'no', 'no', 'yes', 'no', 'no', 'yes', '2013-03-26 13:05:19', 12);
Update users set time_zone = 'Vilnius';
/* devices for cs_users */
INSERT INTO `devices` (`id`, `name`, `host`, `secret`, `context`, `ipaddr`, `port`, `regseconds`, `accountcode`, `callerid`, `extension`, `voicemail_active`, `username`, `device_type`, `user_id`, `primary_did_id`, `works_not_logged`, `forward_to`, `record`, `transfer`, `disallow`, `allow`, `deny`, `permit`, `nat`, `qualify`, `fullcontact`, `canreinvite`, `devicegroup_id`, `dtmfmode`, `callgroup`, `pickupgroup`, `fromuser`, `fromdomain`, `trustrpid`, `sendrpid`, `insecure`, `progressinband`, `videosupport`, `location_id`, `description`, `istrunk`, `cid_from_dids`, `pin`, `tell_balance`, `tell_time`, `tell_rtime_when_left`, `repeat_rtime_every`, `t38pt_udptl`, `regserver`, `ani`, `promiscredir`, `timeout`, `process_sipchaninfo`, `temporary_id`, `allow_duplicate_calls`, `call_limit`, `lastms`, `faststart`, `h245tunneling`, `latency`, `grace_time`, `recording_to_email`, `recording_keep`, `recording_email`, `record_forced`, `fake_ring`, `save_call_log`, `mailbox`, `server_id`, `enable_mwi`, `authuser`, `requirecalltoken`, `language`, `use_ani_for_cli`, `calleridpres`, `change_failed_code_to`, `reg_status`, `max_timeout`, `forward_did_id`, `anti_resale_auto_answer`, `qf_tell_balance`, `qf_tell_time`, `time_limit_per_day`, `control_callerid_by_cids`, `callerid_advanced_control`, `transport`, `subscribemwi`, `encryption`, `block_callerid`, `tell_rate`, `trunk`, `proxy_port`, `defaultuser`, `useragent`, `type`, `md5secret`, `remotesecret`, `directmedia`, `useclientcode`, `setvar`, `amaflags`, `callcounter`, `busylevel`, `allowoverlap`, `allowsubscribe`, `maxcallbitrate`, `rfc2833compensate`, `session-timers`, `session-expires`, `session-minse`, `session-refresher`, `t38pt_usertpsource`, `regexten`, `defaultip`, `rtptimeout`, `rtpholdtimeout`, `outboundproxy`, `callbackextension`, `timert1`, `timerb`, `qualifyfreq`, `constantssrc`, `contactpermit`, `contactdeny`, `usereqphone`, `textsupport`, `faxdetect`, `buggymwi`, `auth`, `fullname`, `trunkname`, `cid_number`, `callingpres`, `mohinterpret`, `mohsuggest`, `parkinglot`, `hasvoicemail`, `vmexten`, `autoframing`, `rtpkeepalive`, `call-limit`, `g726nonstandard`, `ignoresdpversion`, `allowtransfer`, `dynamic`) VALUES
(8, 'prov8', 'sip.kolmisoft.com', 'rq71j44087x2', 'mor', '', 5060, 0, 8, '"cli" <37060011111>', 'dyavdq3j8c', 0, '40060', 'SIP', -1, 0, 1, 0, 0, 'no', 'all', 'alaw;g729', '0.0.0.0/0.0.0.0', '0.0.0.0/0.0.0.0', 'no', '2000', '', 'no', NULL, 'rfc2833', NULL, NULL, NULL, NULL, 'yes', 'no', 'port,invite', 'never', 'no', 1, NULL, 1, 0, NULL, 0, 0, 60, 60, 'no', NULL, 0, 'no', 60, 0, NULL, 0, 0, 0, 'yes', 'yes', 0.000000000000000, 0, 0, 0, NULL, 0, 0, 0, '', 1, 0, '', 'no', 'en', 0, NULL, 0, NULL, 0, 0, 0, 0, 0, 0, NULL, 0, 'udp', 'no', 'no', 0, 0, 'no', 5060, '40060', NULL, 'friend', NULL, NULL, NULL, NULL, NULL, NULL, NULL, NULL, NULL, NULL, NULL, NULL, NULL, NULL, NULL, NULL, NULL, NULL, NULL, NULL, NULL, NULL, NULL, NULL, NULL, NULL, NULL, NULL, NULL, NULL, NULL, NULL, NULL, NULL, NULL, NULL, NULL, NULL, NULL, NULL, NULL, NULL, NULL, NULL, NULL, NULL, NULL, NULL, NULL, NULL),
(9, '1003', 'dynamic', '7uhsp0spe25q', 'mor_local', '', 5060, 0, 9, NULL, '1003', 0, '1003', 'SIP', 2, 0, 1, 0, 0, 'no', 'all', 'alaw;g729', '0.0.0.0/0.0.0.0', '0.0.0.0/0.0.0.0', 'yes', '1000', NULL, 'no', 0, 'rfc2833', NULL, NULL, '', '', 'no', 'no', '', 'no', 'no', 1, 'Netinkamas', 0, 0, '776166', 0, 0, 60, 60, 'no', NULL, 0, 'no', 60, 0, NULL, 0, 0, 0, 'yes', 'yes', 0.000000000000000, NULL, 0, 0, '', 0, 0, 0, '', 1, 0, '', 'no', 'en', NULL, '', 0, NULL, 0, 0, 0, 0, 0, 0, 0, 0, 'udp', 'no', '', 0, 0, 'no', 5060, '1003', NULL, 'friend', NULL, NULL, NULL, NULL, NULL, NULL, NULL, NULL, NULL, NULL, NULL, NULL, NULL, NULL, NULL, NULL, NULL, NULL, NULL, NULL, NULL, NULL, NULL, NULL, NULL, NULL, NULL, NULL, NULL, NULL, NULL, NULL, NULL, NULL, NULL, NULL, NULL, NULL, NULL, NULL, NULL, NULL, NULL, NULL, NULL, NULL, NULL, NULL, NULL, NULL),
(10, '40070', 'dynamic', '123123123123', 'mor_local', '192.168.0.126', 5061, 1364300112, 10, '"370600" <370600>', '40070', 0, '40070', 'SIP', 2, 2, 1, 0, 0, 'no', 'all', 'alaw;g729', '0.0.0.0/0.0.0.0', '0.0.0.0/0.0.0.0', 'yes', '1000', 'sip:40070@192.168.0.126:5061^3Brinstance=f3981c7a0303755b^3Btransport=UDP', 'no', 0, 'rfc2833', NULL, NULL, NULL, NULL, 'no', 'no', NULL, 'no', 'no', 1, 'SIP_device', 0, 0, '489997', 0, 0, 60, 60, 'no', NULL, 0, 'no', 60, 0, NULL, 0, 0, 6, 'yes', 'yes', 0.000000000000000, NULL, 0, 0, '', 0, 0, 0, '', 1, 0, '', 'no', 'en', 0, '', 0, NULL, 0, -1, 0, 0, 0, 0, 0, 0, 'udp', 'no', 'no', 0, 0, 'no', 5060, '40070', 'Zoiper rev.14736', 'friend', NULL, NULL, NULL, NULL, NULL, NULL, NULL, NULL, NULL, NULL, NULL, NULL, NULL, NULL, NULL, NULL, NULL, NULL, NULL, NULL, NULL, NULL, NULL, NULL, NULL, NULL, NULL, NULL, NULL, NULL, NULL, NULL, NULL, NULL, NULL, NULL, NULL, NULL, NULL, NULL, NULL, NULL, NULL, NULL, NULL, NULL, NULL, NULL, NULL, NULL),
(11, '1004', 'dynamic', 'ysjta33tew3s', 'mor_local', '', 5060, 0, 11, NULL, '1004', 0, '1004', 'SIP', 5, 0, 1, 0, 0, 'no', 'all', 'alaw;g729', '0.0.0.0/0.0.0.0', '0.0.0.0/0.0.0.0', 'yes', '1000', NULL, 'no', 3, 'rfc2833', NULL, NULL, '', '', 'no', 'no', '', 'no', 'no', 2, 'Nereikalingas_re', 0, 0, '574985', 0, 0, 60, 60, 'no', NULL, 0, 'no', 60, 0, NULL, 0, 0, 0, 'yes', 'yes', 0.000000000000000, NULL, 0, 0, '', 0, 0, 0, '', 1, 0, '', 'no', 'en', NULL, '', 0, NULL, 0, 0, 0, 0, 0, 0, 0, 0, 'udp', 'no', '', 0, 0, 'no', 5060, '1004', NULL, 'friend', NULL, NULL, NULL, NULL, NULL, NULL, NULL, NULL, NULL, NULL, NULL, NULL, NULL, NULL, NULL, NULL, NULL, NULL, NULL, NULL, NULL, NULL, NULL, NULL, NULL, NULL, NULL, NULL, NULL, NULL, NULL, NULL, NULL, NULL, NULL, NULL, NULL, NULL, NULL, NULL, NULL, NULL, NULL, NULL, NULL, NULL, NULL, NULL, NULL, NULL),
(12, '1010', 'dynamic', '456456456456', 'mor_local', '192.168.0.126', 5060, 1364299604, 12, '"40060" <40060>', '1010', 0, '1010', 'SIP', 5, 0, 1, 0, 0, 'no', 'all', 'alaw;g729', '0.0.0.0/0.0.0.0', '0.0.0.0/0.0.0.0', 'yes', '1000', 'sip:1010@192.168.0.126:5060^3Brinstance=26f7f98a71db1d1c^3Btransport=UDP', 'no', 3, 'rfc2833', NULL, NULL, NULL, NULL, 'no', 'no', NULL, 'no', 'no', 2, 'SIP_device_re', 0, 0, '194183', 0, 0, 60, 60, 'no', NULL, 0, 'no', 60, 0, NULL, 0, 0, 1, 'yes', 'yes', 0.000000000000000, NULL, 0, 0, '', 0, 0, 0, '', 1, 0, '', 'no', 'en', 0, '', 0, NULL, 0, -1, 0, 0, 0, 0, 0, 0, 'udp', 'no', 'no', 0, 0, 'no', 5060, '1010', 'Zoiper rev.14736', 'friend', NULL, NULL, NULL, NULL, NULL, NULL, NULL, NULL, NULL, NULL, NULL, NULL, NULL, NULL, NULL, NULL, NULL, NULL, NULL, NULL, NULL, NULL, NULL, NULL, NULL, NULL, NULL, NULL, NULL, NULL, NULL, NULL, NULL, NULL, NULL, NULL, NULL, NULL, NULL, NULL, NULL, NULL, NULL, NULL, NULL, NULL, NULL, NULL, NULL, NULL);
