INSERT INTO `actions` (`id`, `user_id`, `date`, `action`, `data`, `data2`, `processed`, `target_type`, `target_id`, `data3`, `data4`) VALUES
(1, 0, '2010-01-01 00:00:01', 'test_time', '', '', 0, 'user', 0, NULL, NULL),
(2, 0, '2010-01-01 23:59:58', 'test_time', '', '', 0, 'user', 0, NULL, NULL),
(3, 0, '2012-10-08 15:02:35', 'login', '192.168.0.100', NULL, 0, '', NULL, NULL, NULL),
(4, 0, '2012-10-08 15:02:40', 'Confline changed', '', '1', 0, 'confline', 372, 'value2', 'Email_Login'),
(5, 0, '2012-10-08 15:02:40', 'Confline changed', '', '1', 0, 'confline', 373, 'value2', 'Email_Password'),
(6, 0, '2012-10-08 15:02:40', 'user_edited', '', '', 0, 'user', 3, NULL, NULL),
(7, 0, '2012-10-08 15:02:44', 'logout', '', NULL, 0, '', NULL, NULL, NULL),
(8, 3, '2012-10-08 15:02:45', 'login', '192.168.0.100', NULL, 0, '', NULL, NULL, NULL),
(9, 3, '2012-10-08 15:02:57', 'user_created', '', '', 0, 'user', 6, NULL, NULL),
(10, 3, '2012-10-08 15:03:02', 'device_created', '', '', 0, 'device', 9, NULL, NULL),
(11, 3, '2012-10-08 15:03:03', 'Device sent to Asterisk', '6', '', 0, 'device', 9, NULL, NULL);

DELETE FROM `emails`;
INSERT INTO `emails` (`id`, `name`, `subject`, `date_created`, `body`, `template`, `format`, `owner_id`, `callcenter`) VALUES
(1, 'registration_confirmation_for_user', 'Thank you for registering!', '2007-10-29 16:55:22', 0x596f7572206465766963652073657474696e67733a200d0a0d0a5365727665722049503a203c253d207365727665725f697020253e0d0a44657669636520747970653a203c253d206465766963655f7479706520253e0d0a557365726e616d653a203c253d206465766963655f757365726e616d6520253e0d0a50617373776f72643a203c253d206465766963655f70617373776f726420253e0d0a0d0a2d2d2d2d0d0a0d0a53657474696e677320746f206c6f67696e20746f204d4f5220696e746572666163653a0d0a0d0a4c6f67696e2055524c3a203c253d206c6f67696e5f75726c20253e0d0a557365726e616d653a203c253d206c6f67696e5f757365726e616d6520253e0d0a50617373776f72643a203c253d206c6f67696e5f70617373776f726420253e0d0a0d0a5468616e6b20796f7520666f72207265676973746572696e6721, 1, 'html', 0, 0),
(2, 'registration_confirmation_for_admin', 'New user registered', '2007-10-29 16:55:51', 0x557365722073657474696e67733a200d0a0d0a557365723a0d0a4669727374204e616d652f436f6d70616e793a203c253d2066697273745f6e616d6520253e0d0a4c617374204e616d653a203c253d206c6173745f6e616d6520253e0d0a0d0a4465766963652073657474696e67730d0a0d0a44657669636520747970653a203c253d206465766963655f7479706520253e0d0a557365726e616d653a203c253d206465766963655f757365726e616d6520253e0d0a50617373776f72643a203c253d206465766963655f70617373776f726420253e0d0a0d0a53657474696e677320746f206c6f67696e20746f204d4f5220696e746572666163650d0a0d0a557365726e616d653a203c253d206c6f67696e5f757365726e616d6520253e0d0a50617373776f72643a203c253d206c6f67696e5f70617373776f726420253e, 1, 'html', 0, 0),
(3, 'cyberplat_announce', 'Cyberplat payment announce', '2008-07-03 17:32:14', 0x5468616e6b20796f7520666f72207573696e67206379626572706c61742e3c6272202f3e0d0a436f6d70616e79206e616d653a203c253d20636f6d70616e795f6e616d6520253e3c6272202f3e0d0a44657369676e6174696f6e3a20566f49503c6272202f3e0d0a55524c3a203c253d2075726c20253e3c6272202f3e0d0a436f6d70616e795f456d61696c3a203c253d20656d61696c253e3c6272202f3e0d0a416d6f756e742b5641543a203c253d20616d6f756e7420253e203c253d2063757272656e637920253e3c6272202f3e0d0a5472616e73616374696f6e20646174653a203c253d206461746520253e3c6272202f3e0d0a417574686f72697a6174696f6e20436f64653a203c253d20617574685f636f646520253e3c6272202f3e0d0a5472616e73616374696f6e204964656e746966696572203c253d207472616e735f696420253e3c6272202f3e0d0a437573746f6d6572204e616d65203c253d20637573746f6d65725f6e616d6520253e3c6272202f3e0d0a4f7065726174696f6e20547970653a2042616c616e6365205570646174653c6272202f3e0d0a4465736372697074696f6e3a203c253d206465736372697074696f6e20253e, 1, 'html', 0, 0),
(4, 'invoices', 'Invoices', '2009-04-21 11:42:43', 0x496e766f69636573206172652061747461636865642e, 1, 'html', 0, 0),
(5, 'c2c_invoices', 'Invoices', '2009-04-21 11:42:43', 0x496e766f69636573206172652061747461636865642e, 1, 'html', 0, 0),
(6, 'calling_cards_data_to_paypal', 'Calling Card purchase', '2009-04-21 11:42:50', 0x3c253d2063635f70757263686173655f64657461696c7320253e, 1, 'html', 0, 0),
(7, 'warning_balance_email', 'Warning', '2009-04-21 11:42:50', 0x42616c616e63653a203c253d62616c616e636520253e, 1, 'html', 0, 0),
(8, 'recording_new', 'New recording', '2012-10-08 14:35:38', 0x4e6577207265636f7264696e672061747461636865642e0a0a43616c6c20646f6e65206f6e203c252063616c6c6461746520253e0a536f75726365206e756d6265722843616c6c65724944293a203c2520736f7572636520253e0a4469616c656420746f3a203c252064657374696e6174696f6e20253e0a43616c6c206475726174696f6e3a203c252062696c6c73656320253e207365636f6e64730a0a52656761726473, 1, 'plain', 0, 0),
(9, 'recording_delete', 'Recording deleted', '2012-10-08 14:35:38', 0x5265636f7264696e67207761732064656c657465642066726f6d20746865207365727665722062656361757365207468657265206973206e6f7420656e6f75676820737061636520746f2073746f72652069742e0a0a5265636f7264696e6720646f6e6520666f72207468652063616c6c206f6e3a203c252063616c6c6461746520253e0a536f75726365206e756d6265722843616c6c65724944293a203c2520736f7572636520253e0a4469616c656420746f3a203c252064657374696e6174696f6e20253e0a43616c6c206475726174696f6e3a203c252062696c6c73656320253e207365636f6e64730a0a52656761726473, 1, 'plain', 0, 0),
(10, 'block_when_no_balance', 'Account blocked', '2012-10-08 14:35:38', 0x4163636f756e742077617320626c6f636b65642062656361757365206f6620696e73756666696369656e742062616c616e63650a557365723a203c253d2066756c6c5f6e616d6520253e0a42616c616e63653a203c253d2062616c616e636520253e, 1, 'plain', 0, 0),
(11, 'monitoring_activation', 'Monitoring was activated', '2012-10-08 14:35:40', 0x4d6f6e69746f72696e672064657461696c733a6e6e547970653a203c253d6d6f6e69746f72696e675f74797065253e6e42616c616e63653a203c253d6d6f6e69746f72696e675f616d6f756e74253e6e426c6f636b3a203c253d6d6f6e69746f72696e675f626c6f636b253e6e6e41666665637465642075736572733a6e6e3c253d6d6f6e69746f72696e675f7573657273253e6e3c253d2063616c6c5f6c69737420253e, 1, 'plain', 0, 0),
(12, 'payment_notification_integrations', 'Payment notification', '2012-10-08 14:35:40', 0x4d4f52206861732072656365697665642061207061796d656e74206e6f74696669636174696f6e20776869636820726571756972657320796f757220636f6e6669726d6174696f6e20696e206f7264657220746f20636f6d706c65746520746865207472616e73616374696f6e2e3c62722f3e3c62722f3e0a0a5061796d656e742064657461696c733a3c62722f3e3c62722f3e0a0a547970653a203c253d207061796d656e745f7479706520253e3c62722f3e0a416d6f756e743a203c253d207061796d656e745f616d6f756e7420253e3c62722f3e0a4665653a203c253d207061796d656e745f66656520253e3c62722f3e0a50617965723a203c253d207061796d656e745f70617965725f66697273745f6e616d6520253e203c253d207061796d656e745f70617965725f6c6173745f6e616d6520253e203c253d207061796d656e745f70617965725f656d61696c20253e3c62722f3e0a4d6f6e65792073686f756c642062652073656e7420746f2028796f757220656d61696c20696e204d4f52293a203c253d207061796d656e745f73656c6c65725f656d61696c20253e3c62722f3e0a4d6f6e6579207761732073656e7420746f20286163636f7264696e6720746f2067617465776179293a203c253d207061796d656e745f72656365697665725f656d61696c20253e3c62722f3e0a446174653a203c253d207061796d656e745f6461746520253e3c62722f3e3c62722f3e0a0a3c253d206c6f67696e5f75726c20253e2f7061796d656e74732f6c697374, 1, 'html', 0, 0),
(13, 'payment_notification_regular', 'Payment notification', '2012-10-08 14:35:40', 0x4d4f52206861732072656365697665642061207061796d656e74206e6f74696669636174696f6e20776869636820726571756972657320796f757220636f6e6669726d6174696f6e20696e206f7264657220746f20636f6d706c65746520746865207472616e73616374696f6e2e3c62722f3e3c62722f3e0a0a5061796d656e742064657461696c733a3c62722f3e3c62722f3e0a0a547970653a203c253d207061796d656e745f7479706520253e3c62722f3e0a416d6f756e743a203c253d207061796d656e745f616d6f756e7420253e3c62722f3e0a4665653a203c253d207061796d656e745f66656520253e3c62722f3e0a50617965723a203c253d207061796d656e745f70617965725f66697273745f6e616d6520253e203c253d207061796d656e745f70617965725f6c6173745f6e616d6520253e0a3c62722f3e446174653a203c253d207061796d656e745f6461746520253e3c62722f3e3c62722f3e0a0a3c253d206c6f67696e5f75726c20253e2f7061796d656e74732f6c697374, 1, 'html', 0, 0),
(14, 'password_reminder', 'password_reminder', '2012-10-08 14:35:40', 0x53657474696e677320746f206c6f67696e20746f204d4f5220696e746572666163653a20204c6f67696e2055524c3a203c253d206c6f67696e5f75726c20253e20557365726e616d653a203c253d206c6f67696e5f757365726e616d6520253e2050617373776f72643a203c253d206c6f67696e5f70617373776f726420253e, 1, 'html', 0, 0),
(15, 'callerid_blocked', 'Callerid blocked', '2012-10-08 14:35:44', 0x4174203c253d206461746520253e20557365722077697468204944203d203c253d20757365725f696420253e2c207769746820446576696365204944203d203c253d206465766963655f696420253e20616e642043616c6c65724944203d203c253d2063616c6c65725f696420253e2077617320626c6f636b656420626563617573652069742073656e74207365766572616c2073696d756c74616e656f75732063616c6c7320696e2073616d652074696d652e, 1, 'html', 0, 0),
(16, 'registration_confirmation_for_user', 'Thank you for registering!', '2012-10-08 14:40:11', 0x596f7572206465766963652073657474696e67733a200d0a0d0a5365727665722049503a203c253d207365727665725f697020253e0d0a44657669636520747970653a203c253d206465766963655f7479706520253e0d0a557365726e616d653a203c253d206465766963655f757365726e616d6520253e0d0a50617373776f72643a203c253d206465766963655f70617373776f726420253e0d0a0d0a2d2d2d2d0d0a0d0a53657474696e677320746f206c6f67696e20746f204d4f5220696e746572666163653a0d0a0d0a4c6f67696e2055524c3a203c253d206c6f67696e5f75726c20253e0d0a557365726e616d653a203c253d206c6f67696e5f757365726e616d6520253e0d0a50617373776f72643a203c253d206c6f67696e5f70617373776f726420253e0d0a0d0a5468616e6b20796f7520666f72207265676973746572696e6721, 1, 'html', 3, 0),
(17, 'registration_confirmation_for_admin', 'New user registered', '2012-10-08 14:40:11', 0x557365722073657474696e67733a200d0a0d0a557365723a0d0a4669727374204e616d652f436f6d70616e793a203c253d2066697273745f6e616d6520253e0d0a4c617374204e616d653a203c253d206c6173745f6e616d6520253e0d0a0d0a4465766963652073657474696e67730d0a0d0a44657669636520747970653a203c253d206465766963655f7479706520253e0d0a557365726e616d653a203c253d206465766963655f757365726e616d6520253e0d0a50617373776f72643a203c253d206465766963655f70617373776f726420253e0d0a0d0a53657474696e677320746f206c6f67696e20746f204d4f5220696e746572666163650d0a0d0a557365726e616d653a203c253d206c6f67696e5f757365726e616d6520253e0d0a50617373776f72643a203c253d206c6f67696e5f70617373776f726420253e, 1, 'html', 3, 0),
(18, 'cyberplat_announce', 'Cyberplat payment announce', '2012-10-08 14:40:11', 0x5468616e6b20796f7520666f72207573696e67206379626572706c61742e3c6272202f3e0d0a436f6d70616e79206e616d653a203c253d20636f6d70616e795f6e616d6520253e3c6272202f3e0d0a44657369676e6174696f6e3a20566f49503c6272202f3e0d0a55524c3a203c253d2075726c20253e3c6272202f3e0d0a436f6d70616e795f456d61696c3a203c253d20656d61696c253e3c6272202f3e0d0a416d6f756e742b5641543a203c253d20616d6f756e7420253e203c253d2063757272656e637920253e3c6272202f3e0d0a5472616e73616374696f6e20646174653a203c253d206461746520253e3c6272202f3e0d0a417574686f72697a6174696f6e20436f64653a203c253d20617574685f636f646520253e3c6272202f3e0d0a5472616e73616374696f6e204964656e746966696572203c253d207472616e735f696420253e3c6272202f3e0d0a437573746f6d6572204e616d65203c253d20637573746f6d65725f6e616d6520253e3c6272202f3e0d0a4f7065726174696f6e20547970653a2042616c616e6365205570646174653c6272202f3e0d0a4465736372697074696f6e3a203c253d206465736372697074696f6e20253e, 1, 'html', 3, 0),
(19, 'invoices', 'Invoices', '2012-10-08 14:40:11', 0x496e766f69636573206172652061747461636865642e, 1, 'html', 3, 0),
(20, 'c2c_invoices', 'Invoices', '2012-10-08 14:40:11', 0x496e766f69636573206172652061747461636865642e, 1, 'html', 3, 0),
(21, 'calling_cards_data_to_paypal', 'Calling Card purchase', '2012-10-08 14:40:11', 0x3c253d2063635f70757263686173655f64657461696c7320253e, 1, 'html', 3, 0),
(22, 'warning_balance_email', 'Warning', '2012-10-08 14:40:11', 0x42616c616e63653a203c253d62616c616e636520253e, 1, 'html', 3, 0),
(23, 'block_when_no_balance', 'Account blocked', '2012-10-08 14:40:11', 0x4163636f756e742077617320626c6f636b65642062656361757365206f6620696e73756666696369656e742062616c616e63650a557365723a203c253d2066756c6c5f6e616d6520253e0a42616c616e63653a203c253d2062616c616e636520253e, 1, 'html', 3, 0),
(24, 'monitoring_activation', 'Monitoring was activated', '2012-10-08 14:40:11', 0x4d6f6e69746f72696e672064657461696c733a6e6e547970653a203c253d6d6f6e69746f72696e675f74797065253e6e42616c616e63653a203c253d6d6f6e69746f72696e675f616d6f756e74253e6e426c6f636b3a203c253d6d6f6e69746f72696e675f626c6f636b253e6e6e41666665637465642075736572733a6e6e3c253d6d6f6e69746f72696e675f7573657273253e6e3c253d2063616c6c5f6c69737420253e, 1, 'html', 3, 0),
(25, 'payment_notification_integrations', 'Payment notification', '2012-10-08 14:40:11', 0x4d4f52206861732072656365697665642061207061796d656e74206e6f74696669636174696f6e20776869636820726571756972657320796f757220636f6e6669726d6174696f6e20696e206f7264657220746f20636f6d706c65746520746865207472616e73616374696f6e2e3c62722f3e3c62722f3e0a0a5061796d656e742064657461696c733a3c62722f3e3c62722f3e0a0a547970653a203c253d207061796d656e745f7479706520253e3c62722f3e0a416d6f756e743a203c253d207061796d656e745f616d6f756e7420253e3c62722f3e0a4665653a203c253d207061796d656e745f66656520253e3c62722f3e0a50617965723a203c253d207061796d656e745f70617965725f66697273745f6e616d6520253e203c253d207061796d656e745f70617965725f6c6173745f6e616d6520253e203c253d207061796d656e745f70617965725f656d61696c20253e3c62722f3e0a4d6f6e65792073686f756c642062652073656e7420746f2028796f757220656d61696c20696e204d4f52293a203c253d207061796d656e745f73656c6c65725f656d61696c20253e3c62722f3e0a4d6f6e6579207761732073656e7420746f20286163636f7264696e6720746f2067617465776179293a203c253d207061796d656e745f72656365697665725f656d61696c20253e3c62722f3e0a446174653a203c253d207061796d656e745f6461746520253e3c62722f3e3c62722f3e0a0a3c253d206c6f67696e5f75726c20253e2f7061796d656e74732f6c697374, 1, 'html', 3, 0),
(26, 'payment_notification_regular', 'Payment notification', '2012-10-08 14:40:11', 0x4d4f52206861732072656365697665642061207061796d656e74206e6f74696669636174696f6e20776869636820726571756972657320796f757220636f6e6669726d6174696f6e20696e206f7264657220746f20636f6d706c65746520746865207472616e73616374696f6e2e3c62722f3e3c62722f3e0a0a5061796d656e742064657461696c733a3c62722f3e3c62722f3e0a0a547970653a203c253d207061796d656e745f7479706520253e3c62722f3e0a416d6f756e743a203c253d207061796d656e745f616d6f756e7420253e3c62722f3e0a4665653a203c253d207061796d656e745f66656520253e3c62722f3e0a50617965723a203c253d207061796d656e745f70617965725f66697273745f6e616d6520253e203c253d207061796d656e745f70617965725f6c6173745f6e616d6520253e0a3c62722f3e446174653a203c253d207061796d656e745f6461746520253e3c62722f3e3c62722f3e0a0a3c253d206c6f67696e5f75726c20253e2f7061796d656e74732f6c697374, 1, 'html', 3, 0),
(27, 'password_reminder', 'password_reminder', '2012-10-08 14:40:11', 0x53657474696e677320746f206c6f67696e20746f204d4f5220696e746572666163653a20204c6f67696e2055524c3a203c253d206c6f67696e5f75726c20253e20557365726e616d653a203c253d206c6f67696e5f757365726e616d6520253e2050617373776f72643a203c253d206c6f67696e5f70617373776f726420253e, 1, 'html', 3, 0),
(28, 'callerid_blocked', 'Callerid blocked', '2012-10-08 14:40:11', 0x4174203c253d206461746520253e20557365722077697468204944203d203c253d20757365725f696420253e2c207769746820446576696365204944203d203c253d206465766963655f696420253e20616e642043616c6c65724944203d203c253d2063616c6c65725f696420253e2077617320626c6f636b656420626563617573652069742073656e74207365766572616c2073696d756c74616e656f75732063616c6c7320696e2073616d652074696d652e, 1, 'html', 3, 0),
(29, 'registration_confirmation_for_user', 'Thank you for registering!', '2012-10-08 14:40:11', 0x596f7572206465766963652073657474696e67733a200d0a0d0a5365727665722049503a203c253d207365727665725f697020253e0d0a44657669636520747970653a203c253d206465766963655f7479706520253e0d0a557365726e616d653a203c253d206465766963655f757365726e616d6520253e0d0a50617373776f72643a203c253d206465766963655f70617373776f726420253e0d0a0d0a2d2d2d2d0d0a0d0a53657474696e677320746f206c6f67696e20746f204d4f5220696e746572666163653a0d0a0d0a4c6f67696e2055524c3a203c253d206c6f67696e5f75726c20253e0d0a557365726e616d653a203c253d206c6f67696e5f757365726e616d6520253e0d0a50617373776f72643a203c253d206c6f67696e5f70617373776f726420253e0d0a0d0a5468616e6b20796f7520666f72207265676973746572696e6721, 1, 'html', 3, 0),
(30, 'registration_confirmation_for_admin', 'New user registered', '2012-10-08 14:40:11', 0x557365722073657474696e67733a200d0a0d0a557365723a0d0a4669727374204e616d652f436f6d70616e793a203c253d2066697273745f6e616d6520253e0d0a4c617374204e616d653a203c253d206c6173745f6e616d6520253e0d0a0d0a4465766963652073657474696e67730d0a0d0a44657669636520747970653a203c253d206465766963655f7479706520253e0d0a557365726e616d653a203c253d206465766963655f757365726e616d6520253e0d0a50617373776f72643a203c253d206465766963655f70617373776f726420253e0d0a0d0a53657474696e677320746f206c6f67696e20746f204d4f5220696e746572666163650d0a0d0a557365726e616d653a203c253d206c6f67696e5f757365726e616d6520253e0d0a50617373776f72643a203c253d206c6f67696e5f70617373776f726420253e, 1, 'html', 3, 0),
(31, 'cyberplat_announce', 'Cyberplat payment announce', '2012-10-08 14:40:11', 0x5468616e6b20796f7520666f72207573696e67206379626572706c61742e3c6272202f3e0d0a436f6d70616e79206e616d653a203c253d20636f6d70616e795f6e616d6520253e3c6272202f3e0d0a44657369676e6174696f6e3a20566f49503c6272202f3e0d0a55524c3a203c253d2075726c20253e3c6272202f3e0d0a436f6d70616e795f456d61696c3a203c253d20656d61696c253e3c6272202f3e0d0a416d6f756e742b5641543a203c253d20616d6f756e7420253e203c253d2063757272656e637920253e3c6272202f3e0d0a5472616e73616374696f6e20646174653a203c253d206461746520253e3c6272202f3e0d0a417574686f72697a6174696f6e20436f64653a203c253d20617574685f636f646520253e3c6272202f3e0d0a5472616e73616374696f6e204964656e746966696572203c253d207472616e735f696420253e3c6272202f3e0d0a437573746f6d6572204e616d65203c253d20637573746f6d65725f6e616d6520253e3c6272202f3e0d0a4f7065726174696f6e20547970653a2042616c616e6365205570646174653c6272202f3e0d0a4465736372697074696f6e3a203c253d206465736372697074696f6e20253e, 1, 'html', 3, 0),
(32, 'invoices', 'Invoices', '2012-10-08 14:40:11', 0x496e766f69636573206172652061747461636865642e, 1, 'html', 3, 0),
(33, 'c2c_invoices', 'Invoices', '2012-10-08 14:40:11', 0x496e766f69636573206172652061747461636865642e, 1, 'html', 3, 0),
(34, 'calling_cards_data_to_paypal', 'Calling Card purchase', '2012-10-08 14:40:11', 0x3c253d2063635f70757263686173655f64657461696c7320253e, 1, 'html', 3, 0),
(35, 'warning_balance_email', 'Warning', '2012-10-08 14:40:11', 0x42616c616e63653a203c253d62616c616e636520253e, 1, 'html', 3, 0),
(36, 'block_when_no_balance', 'Account blocked', '2012-10-08 14:40:11', 0x4163636f756e742077617320626c6f636b65642062656361757365206f6620696e73756666696369656e742062616c616e63650a557365723a203c253d2066756c6c5f6e616d6520253e0a42616c616e63653a203c253d2062616c616e636520253e, 1, 'html', 3, 0),
(37, 'monitoring_activation', 'Monitoring was activated', '2012-10-08 14:40:11', 0x4d6f6e69746f72696e672064657461696c733a6e6e547970653a203c253d6d6f6e69746f72696e675f74797065253e6e42616c616e63653a203c253d6d6f6e69746f72696e675f616d6f756e74253e6e426c6f636b3a203c253d6d6f6e69746f72696e675f626c6f636b253e6e6e41666665637465642075736572733a6e6e3c253d6d6f6e69746f72696e675f7573657273253e6e3c253d2063616c6c5f6c69737420253e, 1, 'html', 3, 0),
(38, 'payment_notification_integrations', 'Payment notification', '2012-10-08 14:40:11', 0x4d4f52206861732072656365697665642061207061796d656e74206e6f74696669636174696f6e20776869636820726571756972657320796f757220636f6e6669726d6174696f6e20696e206f7264657220746f20636f6d706c65746520746865207472616e73616374696f6e2e3c62722f3e3c62722f3e0a0a5061796d656e742064657461696c733a3c62722f3e3c62722f3e0a0a547970653a203c253d207061796d656e745f7479706520253e3c62722f3e0a416d6f756e743a203c253d207061796d656e745f616d6f756e7420253e3c62722f3e0a4665653a203c253d207061796d656e745f66656520253e3c62722f3e0a50617965723a203c253d207061796d656e745f70617965725f66697273745f6e616d6520253e203c253d207061796d656e745f70617965725f6c6173745f6e616d6520253e203c253d207061796d656e745f70617965725f656d61696c20253e3c62722f3e0a4d6f6e65792073686f756c642062652073656e7420746f2028796f757220656d61696c20696e204d4f52293a203c253d207061796d656e745f73656c6c65725f656d61696c20253e3c62722f3e0a4d6f6e6579207761732073656e7420746f20286163636f7264696e6720746f2067617465776179293a203c253d207061796d656e745f72656365697665725f656d61696c20253e3c62722f3e0a446174653a203c253d207061796d656e745f6461746520253e3c62722f3e3c62722f3e0a0a3c253d206c6f67696e5f75726c20253e2f7061796d656e74732f6c697374, 1, 'html', 3, 0),
(39, 'payment_notification_regular', 'Payment notification', '2012-10-08 14:40:11', 0x4d4f52206861732072656365697665642061207061796d656e74206e6f74696669636174696f6e20776869636820726571756972657320796f757220636f6e6669726d6174696f6e20696e206f7264657220746f20636f6d706c65746520746865207472616e73616374696f6e2e3c62722f3e3c62722f3e0a0a5061796d656e742064657461696c733a3c62722f3e3c62722f3e0a0a547970653a203c253d207061796d656e745f7479706520253e3c62722f3e0a416d6f756e743a203c253d207061796d656e745f616d6f756e7420253e3c62722f3e0a4665653a203c253d207061796d656e745f66656520253e3c62722f3e0a50617965723a203c253d207061796d656e745f70617965725f66697273745f6e616d6520253e203c253d207061796d656e745f70617965725f6c6173745f6e616d6520253e0a3c62722f3e446174653a203c253d207061796d656e745f6461746520253e3c62722f3e3c62722f3e0a0a3c253d206c6f67696e5f75726c20253e2f7061796d656e74732f6c697374, 1, 'html', 3, 0),
(40, 'password_reminder', 'password_reminder', '2012-10-08 14:40:11', 0x53657474696e677320746f206c6f67696e20746f204d4f5220696e746572666163653a20204c6f67696e2055524c3a203c253d206c6f67696e5f75726c20253e20557365726e616d653a203c253d206c6f67696e5f757365726e616d6520253e2050617373776f72643a203c253d206c6f67696e5f70617373776f726420253e, 1, 'html', 3, 0),
(41, 'callerid_blocked', 'Callerid blocked', '2012-10-08 14:40:11', 0x4174203c253d206461746520253e20557365722077697468204944203d203c253d20757365725f696420253e2c207769746820446576696365204944203d203c253d206465766963655f696420253e20616e642043616c6c65724944203d203c253d2063616c6c65725f696420253e2077617320626c6f636b656420626563617573652069742073656e74207365766572616c2073696d756c74616e656f75732063616c6c7320696e2073616d652074696d652e, 1, 'html', 3, 0),
(42, 'registration_confirmation_for_user', 'Thank you for registering!', '2012-10-08 14:40:11', 0x596f7572206465766963652073657474696e67733a200d0a0d0a5365727665722049503a203c253d207365727665725f697020253e0d0a44657669636520747970653a203c253d206465766963655f7479706520253e0d0a557365726e616d653a203c253d206465766963655f757365726e616d6520253e0d0a50617373776f72643a203c253d206465766963655f70617373776f726420253e0d0a0d0a2d2d2d2d0d0a0d0a53657474696e677320746f206c6f67696e20746f204d4f5220696e746572666163653a0d0a0d0a4c6f67696e2055524c3a203c253d206c6f67696e5f75726c20253e0d0a557365726e616d653a203c253d206c6f67696e5f757365726e616d6520253e0d0a50617373776f72643a203c253d206c6f67696e5f70617373776f726420253e0d0a0d0a5468616e6b20796f7520666f72207265676973746572696e6721, 1, 'html', 3, 0),
(43, 'registration_confirmation_for_admin', 'New user registered', '2012-10-08 14:40:11', 0x557365722073657474696e67733a200d0a0d0a557365723a0d0a4669727374204e616d652f436f6d70616e793a203c253d2066697273745f6e616d6520253e0d0a4c617374204e616d653a203c253d206c6173745f6e616d6520253e0d0a0d0a4465766963652073657474696e67730d0a0d0a44657669636520747970653a203c253d206465766963655f7479706520253e0d0a557365726e616d653a203c253d206465766963655f757365726e616d6520253e0d0a50617373776f72643a203c253d206465766963655f70617373776f726420253e0d0a0d0a53657474696e677320746f206c6f67696e20746f204d4f5220696e746572666163650d0a0d0a557365726e616d653a203c253d206c6f67696e5f757365726e616d6520253e0d0a50617373776f72643a203c253d206c6f67696e5f70617373776f726420253e, 1, 'html', 3, 0),
(44, 'cyberplat_announce', 'Cyberplat payment announce', '2012-10-08 14:40:11', 0x5468616e6b20796f7520666f72207573696e67206379626572706c61742e3c6272202f3e0d0a436f6d70616e79206e616d653a203c253d20636f6d70616e795f6e616d6520253e3c6272202f3e0d0a44657369676e6174696f6e3a20566f49503c6272202f3e0d0a55524c3a203c253d2075726c20253e3c6272202f3e0d0a436f6d70616e795f456d61696c3a203c253d20656d61696c253e3c6272202f3e0d0a416d6f756e742b5641543a203c253d20616d6f756e7420253e203c253d2063757272656e637920253e3c6272202f3e0d0a5472616e73616374696f6e20646174653a203c253d206461746520253e3c6272202f3e0d0a417574686f72697a6174696f6e20436f64653a203c253d20617574685f636f646520253e3c6272202f3e0d0a5472616e73616374696f6e204964656e746966696572203c253d207472616e735f696420253e3c6272202f3e0d0a437573746f6d6572204e616d65203c253d20637573746f6d65725f6e616d6520253e3c6272202f3e0d0a4f7065726174696f6e20547970653a2042616c616e6365205570646174653c6272202f3e0d0a4465736372697074696f6e3a203c253d206465736372697074696f6e20253e, 1, 'html', 3, 0),
(45, 'invoices', 'Invoices', '2012-10-08 14:40:11', 0x496e766f69636573206172652061747461636865642e, 1, 'html', 3, 0),
(46, 'c2c_invoices', 'Invoices', '2012-10-08 14:40:11', 0x496e766f69636573206172652061747461636865642e, 1, 'html', 3, 0),
(47, 'calling_cards_data_to_paypal', 'Calling Card purchase', '2012-10-08 14:40:11', 0x3c253d2063635f70757263686173655f64657461696c7320253e, 1, 'html', 3, 0),
(48, 'warning_balance_email', 'Warning', '2012-10-08 14:40:11', 0x42616c616e63653a203c253d62616c616e636520253e, 1, 'html', 3, 0),
(49, 'block_when_no_balance', 'Account blocked', '2012-10-08 14:40:11', 0x4163636f756e742077617320626c6f636b65642062656361757365206f6620696e73756666696369656e742062616c616e63650a557365723a203c253d2066756c6c5f6e616d6520253e0a42616c616e63653a203c253d2062616c616e636520253e, 1, 'html', 3, 0),
(50, 'monitoring_activation', 'Monitoring was activated', '2012-10-08 14:40:11', 0x4d6f6e69746f72696e672064657461696c733a6e6e547970653a203c253d6d6f6e69746f72696e675f74797065253e6e42616c616e63653a203c253d6d6f6e69746f72696e675f616d6f756e74253e6e426c6f636b3a203c253d6d6f6e69746f72696e675f626c6f636b253e6e6e41666665637465642075736572733a6e6e3c253d6d6f6e69746f72696e675f7573657273253e6e3c253d2063616c6c5f6c69737420253e, 1, 'html', 3, 0),
(51, 'payment_notification_integrations', 'Payment notification', '2012-10-08 14:40:11', 0x4d4f52206861732072656365697665642061207061796d656e74206e6f74696669636174696f6e20776869636820726571756972657320796f757220636f6e6669726d6174696f6e20696e206f7264657220746f20636f6d706c65746520746865207472616e73616374696f6e2e3c62722f3e3c62722f3e0a0a5061796d656e742064657461696c733a3c62722f3e3c62722f3e0a0a547970653a203c253d207061796d656e745f7479706520253e3c62722f3e0a416d6f756e743a203c253d207061796d656e745f616d6f756e7420253e3c62722f3e0a4665653a203c253d207061796d656e745f66656520253e3c62722f3e0a50617965723a203c253d207061796d656e745f70617965725f66697273745f6e616d6520253e203c253d207061796d656e745f70617965725f6c6173745f6e616d6520253e203c253d207061796d656e745f70617965725f656d61696c20253e3c62722f3e0a4d6f6e65792073686f756c642062652073656e7420746f2028796f757220656d61696c20696e204d4f52293a203c253d207061796d656e745f73656c6c65725f656d61696c20253e3c62722f3e0a4d6f6e6579207761732073656e7420746f20286163636f7264696e6720746f2067617465776179293a203c253d207061796d656e745f72656365697665725f656d61696c20253e3c62722f3e0a446174653a203c253d207061796d656e745f6461746520253e3c62722f3e3c62722f3e0a0a3c253d206c6f67696e5f75726c20253e2f7061796d656e74732f6c697374, 1, 'html', 3, 0),
(52, 'payment_notification_regular', 'Payment notification', '2012-10-08 14:40:11', 0x4d4f52206861732072656365697665642061207061796d656e74206e6f74696669636174696f6e20776869636820726571756972657320796f757220636f6e6669726d6174696f6e20696e206f7264657220746f20636f6d706c65746520746865207472616e73616374696f6e2e3c62722f3e3c62722f3e0a0a5061796d656e742064657461696c733a3c62722f3e3c62722f3e0a0a547970653a203c253d207061796d656e745f7479706520253e3c62722f3e0a416d6f756e743a203c253d207061796d656e745f616d6f756e7420253e3c62722f3e0a4665653a203c253d207061796d656e745f66656520253e3c62722f3e0a50617965723a203c253d207061796d656e745f70617965725f66697273745f6e616d6520253e203c253d207061796d656e745f70617965725f6c6173745f6e616d6520253e0a3c62722f3e446174653a203c253d207061796d656e745f6461746520253e3c62722f3e3c62722f3e0a0a3c253d206c6f67696e5f75726c20253e2f7061796d656e74732f6c697374, 1, 'html', 3, 0),
(53, 'password_reminder', 'password_reminder', '2012-10-08 14:40:11', 0x53657474696e677320746f206c6f67696e20746f204d4f5220696e746572666163653a20204c6f67696e2055524c3a203c253d206c6f67696e5f75726c20253e20557365726e616d653a203c253d206c6f67696e5f757365726e616d6520253e2050617373776f72643a203c253d206c6f67696e5f70617373776f726420253e, 1, 'html', 3, 0),
(54, 'callerid_blocked', 'Callerid blocked', '2012-10-08 14:40:11', 0x4174203c253d206461746520253e20557365722077697468204944203d203c253d20757365725f696420253e2c207769746820446576696365204944203d203c253d206465766963655f696420253e20616e642043616c6c65724944203d203c253d2063616c6c65725f696420253e2077617320626c6f636b656420626563617573652069742073656e74207365766572616c2073696d756c74616e656f75732063616c6c7320696e2073616d652074696d652e, 1, 'html', 3, 0),
(55, 'registration_confirmation_for_user', 'Thank you for registering!', '2012-10-08 14:40:16', 0x596f7572206465766963652073657474696e67733a200d0a0d0a5365727665722049503a203c253d207365727665725f697020253e0d0a44657669636520747970653a203c253d206465766963655f7479706520253e0d0a557365726e616d653a203c253d206465766963655f757365726e616d6520253e0d0a50617373776f72643a203c253d206465766963655f70617373776f726420253e0d0a0d0a2d2d2d2d0d0a0d0a53657474696e677320746f206c6f67696e20746f204d4f5220696e746572666163653a0d0a0d0a4c6f67696e2055524c3a203c253d206c6f67696e5f75726c20253e0d0a557365726e616d653a203c253d206c6f67696e5f757365726e616d6520253e0d0a50617373776f72643a203c253d206c6f67696e5f70617373776f726420253e0d0a0d0a5468616e6b20796f7520666f72207265676973746572696e6721, 1, 'html', 3, 0),
(56, 'registration_confirmation_for_admin', 'New user registered', '2012-10-08 14:40:16', 0x557365722073657474696e67733a200d0a0d0a557365723a0d0a4669727374204e616d652f436f6d70616e793a203c253d2066697273745f6e616d6520253e0d0a4c617374204e616d653a203c253d206c6173745f6e616d6520253e0d0a0d0a4465766963652073657474696e67730d0a0d0a44657669636520747970653a203c253d206465766963655f7479706520253e0d0a557365726e616d653a203c253d206465766963655f757365726e616d6520253e0d0a50617373776f72643a203c253d206465766963655f70617373776f726420253e0d0a0d0a53657474696e677320746f206c6f67696e20746f204d4f5220696e746572666163650d0a0d0a557365726e616d653a203c253d206c6f67696e5f757365726e616d6520253e0d0a50617373776f72643a203c253d206c6f67696e5f70617373776f726420253e, 1, 'html', 3, 0),
(57, 'cyberplat_announce', 'Cyberplat payment announce', '2012-10-08 14:40:16', 0x5468616e6b20796f7520666f72207573696e67206379626572706c61742e3c6272202f3e0d0a436f6d70616e79206e616d653a203c253d20636f6d70616e795f6e616d6520253e3c6272202f3e0d0a44657369676e6174696f6e3a20566f49503c6272202f3e0d0a55524c3a203c253d2075726c20253e3c6272202f3e0d0a436f6d70616e795f456d61696c3a203c253d20656d61696c253e3c6272202f3e0d0a416d6f756e742b5641543a203c253d20616d6f756e7420253e203c253d2063757272656e637920253e3c6272202f3e0d0a5472616e73616374696f6e20646174653a203c253d206461746520253e3c6272202f3e0d0a417574686f72697a6174696f6e20436f64653a203c253d20617574685f636f646520253e3c6272202f3e0d0a5472616e73616374696f6e204964656e746966696572203c253d207472616e735f696420253e3c6272202f3e0d0a437573746f6d6572204e616d65203c253d20637573746f6d65725f6e616d6520253e3c6272202f3e0d0a4f7065726174696f6e20547970653a2042616c616e6365205570646174653c6272202f3e0d0a4465736372697074696f6e3a203c253d206465736372697074696f6e20253e, 1, 'html', 3, 0),
(58, 'invoices', 'Invoices', '2012-10-08 14:40:16', 0x496e766f69636573206172652061747461636865642e, 1, 'html', 3, 0),
(59, 'c2c_invoices', 'Invoices', '2012-10-08 14:40:16', 0x496e766f69636573206172652061747461636865642e, 1, 'html', 3, 0),
(60, 'calling_cards_data_to_paypal', 'Calling Card purchase', '2012-10-08 14:40:16', 0x3c253d2063635f70757263686173655f64657461696c7320253e, 1, 'html', 3, 0),
(61, 'warning_balance_email', 'Warning', '2012-10-08 14:40:16', 0x42616c616e63653a203c253d62616c616e636520253e, 1, 'html', 3, 0),
(62, 'block_when_no_balance', 'Account blocked', '2012-10-08 14:40:16', 0x4163636f756e742077617320626c6f636b65642062656361757365206f6620696e73756666696369656e742062616c616e63650a557365723a203c253d2066756c6c5f6e616d6520253e0a42616c616e63653a203c253d2062616c616e636520253e, 1, 'html', 3, 0),
(63, 'monitoring_activation', 'Monitoring was activated', '2012-10-08 14:40:16', 0x4d6f6e69746f72696e672064657461696c733a6e6e547970653a203c253d6d6f6e69746f72696e675f74797065253e6e42616c616e63653a203c253d6d6f6e69746f72696e675f616d6f756e74253e6e426c6f636b3a203c253d6d6f6e69746f72696e675f626c6f636b253e6e6e41666665637465642075736572733a6e6e3c253d6d6f6e69746f72696e675f7573657273253e6e3c253d2063616c6c5f6c69737420253e, 1, 'html', 3, 0),
(64, 'payment_notification_integrations', 'Payment notification', '2012-10-08 14:40:16', 0x4d4f52206861732072656365697665642061207061796d656e74206e6f74696669636174696f6e20776869636820726571756972657320796f757220636f6e6669726d6174696f6e20696e206f7264657220746f20636f6d706c65746520746865207472616e73616374696f6e2e3c62722f3e3c62722f3e0a0a5061796d656e742064657461696c733a3c62722f3e3c62722f3e0a0a547970653a203c253d207061796d656e745f7479706520253e3c62722f3e0a416d6f756e743a203c253d207061796d656e745f616d6f756e7420253e3c62722f3e0a4665653a203c253d207061796d656e745f66656520253e3c62722f3e0a50617965723a203c253d207061796d656e745f70617965725f66697273745f6e616d6520253e203c253d207061796d656e745f70617965725f6c6173745f6e616d6520253e203c253d207061796d656e745f70617965725f656d61696c20253e3c62722f3e0a4d6f6e65792073686f756c642062652073656e7420746f2028796f757220656d61696c20696e204d4f52293a203c253d207061796d656e745f73656c6c65725f656d61696c20253e3c62722f3e0a4d6f6e6579207761732073656e7420746f20286163636f7264696e6720746f2067617465776179293a203c253d207061796d656e745f72656365697665725f656d61696c20253e3c62722f3e0a446174653a203c253d207061796d656e745f6461746520253e3c62722f3e3c62722f3e0a0a3c253d206c6f67696e5f75726c20253e2f7061796d656e74732f6c697374, 1, 'html', 3, 0),
(65, 'payment_notification_regular', 'Payment notification', '2012-10-08 14:40:16', 0x4d4f52206861732072656365697665642061207061796d656e74206e6f74696669636174696f6e20776869636820726571756972657320796f757220636f6e6669726d6174696f6e20696e206f7264657220746f20636f6d706c65746520746865207472616e73616374696f6e2e3c62722f3e3c62722f3e0a0a5061796d656e742064657461696c733a3c62722f3e3c62722f3e0a0a547970653a203c253d207061796d656e745f7479706520253e3c62722f3e0a416d6f756e743a203c253d207061796d656e745f616d6f756e7420253e3c62722f3e0a4665653a203c253d207061796d656e745f66656520253e3c62722f3e0a50617965723a203c253d207061796d656e745f70617965725f66697273745f6e616d6520253e203c253d207061796d656e745f70617965725f6c6173745f6e616d6520253e0a3c62722f3e446174653a203c253d207061796d656e745f6461746520253e3c62722f3e3c62722f3e0a0a3c253d206c6f67696e5f75726c20253e2f7061796d656e74732f6c697374, 1, 'html', 3, 0),
(66, 'password_reminder', 'password_reminder', '2012-10-08 14:40:16', 0x53657474696e677320746f206c6f67696e20746f204d4f5220696e746572666163653a20204c6f67696e2055524c3a203c253d206c6f67696e5f75726c20253e20557365726e616d653a203c253d206c6f67696e5f757365726e616d6520253e2050617373776f72643a203c253d206c6f67696e5f70617373776f726420253e, 1, 'html', 3, 0),
(67, 'callerid_blocked', 'Callerid blocked', '2012-10-08 14:40:16', 0x4174203c253d206461746520253e20557365722077697468204944203d203c253d20757365725f696420253e2c207769746820446576696365204944203d203c253d206465766963655f696420253e20616e642043616c6c65724944203d203c253d2063616c6c65725f696420253e2077617320626c6f636b656420626563617573652069742073656e74207365766572616c2073696d756c74616e656f75732063616c6c7320696e2073616d652074696d652e, 1, 'html', 3, 0),
(68, 'registration_confirmation_for_user', 'Thank you for registering!', '2012-10-08 14:40:32', 0x596f7572206465766963652073657474696e67733a200d0a0d0a5365727665722049503a203c253d207365727665725f697020253e0d0a44657669636520747970653a203c253d206465766963655f7479706520253e0d0a557365726e616d653a203c253d206465766963655f757365726e616d6520253e0d0a50617373776f72643a203c253d206465766963655f70617373776f726420253e0d0a0d0a2d2d2d2d0d0a0d0a53657474696e677320746f206c6f67696e20746f204d4f5220696e746572666163653a0d0a0d0a4c6f67696e2055524c3a203c253d206c6f67696e5f75726c20253e0d0a557365726e616d653a203c253d206c6f67696e5f757365726e616d6520253e0d0a50617373776f72643a203c253d206c6f67696e5f70617373776f726420253e0d0a0d0a5468616e6b20796f7520666f72207265676973746572696e6721, 1, 'html', 3, 0),
(69, 'registration_confirmation_for_admin', 'New user registered', '2012-10-08 14:40:32', 0x557365722073657474696e67733a200d0a0d0a557365723a0d0a4669727374204e616d652f436f6d70616e793a203c253d2066697273745f6e616d6520253e0d0a4c617374204e616d653a203c253d206c6173745f6e616d6520253e0d0a0d0a4465766963652073657474696e67730d0a0d0a44657669636520747970653a203c253d206465766963655f7479706520253e0d0a557365726e616d653a203c253d206465766963655f757365726e616d6520253e0d0a50617373776f72643a203c253d206465766963655f70617373776f726420253e0d0a0d0a53657474696e677320746f206c6f67696e20746f204d4f5220696e746572666163650d0a0d0a557365726e616d653a203c253d206c6f67696e5f757365726e616d6520253e0d0a50617373776f72643a203c253d206c6f67696e5f70617373776f726420253e, 1, 'html', 3, 0),
(70, 'cyberplat_announce', 'Cyberplat payment announce', '2012-10-08 14:40:32', 0x5468616e6b20796f7520666f72207573696e67206379626572706c61742e3c6272202f3e0d0a436f6d70616e79206e616d653a203c253d20636f6d70616e795f6e616d6520253e3c6272202f3e0d0a44657369676e6174696f6e3a20566f49503c6272202f3e0d0a55524c3a203c253d2075726c20253e3c6272202f3e0d0a436f6d70616e795f456d61696c3a203c253d20656d61696c253e3c6272202f3e0d0a416d6f756e742b5641543a203c253d20616d6f756e7420253e203c253d2063757272656e637920253e3c6272202f3e0d0a5472616e73616374696f6e20646174653a203c253d206461746520253e3c6272202f3e0d0a417574686f72697a6174696f6e20436f64653a203c253d20617574685f636f646520253e3c6272202f3e0d0a5472616e73616374696f6e204964656e746966696572203c253d207472616e735f696420253e3c6272202f3e0d0a437573746f6d6572204e616d65203c253d20637573746f6d65725f6e616d6520253e3c6272202f3e0d0a4f7065726174696f6e20547970653a2042616c616e6365205570646174653c6272202f3e0d0a4465736372697074696f6e3a203c253d206465736372697074696f6e20253e, 1, 'html', 3, 0),
(71, 'invoices', 'Invoices', '2012-10-08 14:40:32', 0x496e766f69636573206172652061747461636865642e, 1, 'html', 3, 0),
(72, 'c2c_invoices', 'Invoices', '2012-10-08 14:40:32', 0x496e766f69636573206172652061747461636865642e, 1, 'html', 3, 0),
(73, 'calling_cards_data_to_paypal', 'Calling Card purchase', '2012-10-08 14:40:32', 0x3c253d2063635f70757263686173655f64657461696c7320253e, 1, 'html', 3, 0),
(74, 'warning_balance_email', 'Warning', '2012-10-08 14:40:32', 0x42616c616e63653a203c253d62616c616e636520253e, 1, 'html', 3, 0),
(75, 'block_when_no_balance', 'Account blocked', '2012-10-08 14:40:32', 0x4163636f756e742077617320626c6f636b65642062656361757365206f6620696e73756666696369656e742062616c616e63650a557365723a203c253d2066756c6c5f6e616d6520253e0a42616c616e63653a203c253d2062616c616e636520253e, 1, 'html', 3, 0),
(76, 'monitoring_activation', 'Monitoring was activated', '2012-10-08 14:40:32', 0x4d6f6e69746f72696e672064657461696c733a6e6e547970653a203c253d6d6f6e69746f72696e675f74797065253e6e42616c616e63653a203c253d6d6f6e69746f72696e675f616d6f756e74253e6e426c6f636b3a203c253d6d6f6e69746f72696e675f626c6f636b253e6e6e41666665637465642075736572733a6e6e3c253d6d6f6e69746f72696e675f7573657273253e6e3c253d2063616c6c5f6c69737420253e, 1, 'html', 3, 0),
(77, 'payment_notification_integrations', 'Payment notification', '2012-10-08 14:40:32', 0x4d4f52206861732072656365697665642061207061796d656e74206e6f74696669636174696f6e20776869636820726571756972657320796f757220636f6e6669726d6174696f6e20696e206f7264657220746f20636f6d706c65746520746865207472616e73616374696f6e2e3c62722f3e3c62722f3e0a0a5061796d656e742064657461696c733a3c62722f3e3c62722f3e0a0a547970653a203c253d207061796d656e745f7479706520253e3c62722f3e0a416d6f756e743a203c253d207061796d656e745f616d6f756e7420253e3c62722f3e0a4665653a203c253d207061796d656e745f66656520253e3c62722f3e0a50617965723a203c253d207061796d656e745f70617965725f66697273745f6e616d6520253e203c253d207061796d656e745f70617965725f6c6173745f6e616d6520253e203c253d207061796d656e745f70617965725f656d61696c20253e3c62722f3e0a4d6f6e65792073686f756c642062652073656e7420746f2028796f757220656d61696c20696e204d4f52293a203c253d207061796d656e745f73656c6c65725f656d61696c20253e3c62722f3e0a4d6f6e6579207761732073656e7420746f20286163636f7264696e6720746f2067617465776179293a203c253d207061796d656e745f72656365697665725f656d61696c20253e3c62722f3e0a446174653a203c253d207061796d656e745f6461746520253e3c62722f3e3c62722f3e0a0a3c253d206c6f67696e5f75726c20253e2f7061796d656e74732f6c697374, 1, 'html', 3, 0),
(78, 'payment_notification_regular', 'Payment notification', '2012-10-08 14:40:32', 0x4d4f52206861732072656365697665642061207061796d656e74206e6f74696669636174696f6e20776869636820726571756972657320796f757220636f6e6669726d6174696f6e20696e206f7264657220746f20636f6d706c65746520746865207472616e73616374696f6e2e3c62722f3e3c62722f3e0a0a5061796d656e742064657461696c733a3c62722f3e3c62722f3e0a0a547970653a203c253d207061796d656e745f7479706520253e3c62722f3e0a416d6f756e743a203c253d207061796d656e745f616d6f756e7420253e3c62722f3e0a4665653a203c253d207061796d656e745f66656520253e3c62722f3e0a50617965723a203c253d207061796d656e745f70617965725f66697273745f6e616d6520253e203c253d207061796d656e745f70617965725f6c6173745f6e616d6520253e0a3c62722f3e446174653a203c253d207061796d656e745f6461746520253e3c62722f3e3c62722f3e0a0a3c253d206c6f67696e5f75726c20253e2f7061796d656e74732f6c697374, 1, 'html', 3, 0),
(79, 'password_reminder', 'password_reminder', '2012-10-08 14:40:32', 0x53657474696e677320746f206c6f67696e20746f204d4f5220696e746572666163653a20204c6f67696e2055524c3a203c253d206c6f67696e5f75726c20253e20557365726e616d653a203c253d206c6f67696e5f757365726e616d6520253e2050617373776f72643a203c253d206c6f67696e5f70617373776f726420253e, 1, 'html', 3, 0),
(80, 'callerid_blocked', 'Callerid blocked', '2012-10-08 14:40:32', 0x4174203c253d206461746520253e20557365722077697468204944203d203c253d20757365725f696420253e2c207769746820446576696365204944203d203c253d206465766963655f696420253e20616e642043616c6c65724944203d203c253d2063616c6c65725f696420253e2077617320626c6f636b656420626563617573652069742073656e74207365766572616c2073696d756c74616e656f75732063616c6c7320696e2073616d652074696d652e, 1, 'html', 3, 0),
(81, 'registration_confirmation_for_user', 'Thank you for registering!', '2012-10-08 14:40:38', 0x596f7572206465766963652073657474696e67733a200d0a0d0a5365727665722049503a203c253d207365727665725f697020253e0d0a44657669636520747970653a203c253d206465766963655f7479706520253e0d0a557365726e616d653a203c253d206465766963655f757365726e616d6520253e0d0a50617373776f72643a203c253d206465766963655f70617373776f726420253e0d0a0d0a2d2d2d2d0d0a0d0a53657474696e677320746f206c6f67696e20746f204d4f5220696e746572666163653a0d0a0d0a4c6f67696e2055524c3a203c253d206c6f67696e5f75726c20253e0d0a557365726e616d653a203c253d206c6f67696e5f757365726e616d6520253e0d0a50617373776f72643a203c253d206c6f67696e5f70617373776f726420253e0d0a0d0a5468616e6b20796f7520666f72207265676973746572696e6721, 1, 'html', 3, 0),
(82, 'registration_confirmation_for_admin', 'New user registered', '2012-10-08 14:40:38', 0x557365722073657474696e67733a200d0a0d0a557365723a0d0a4669727374204e616d652f436f6d70616e793a203c253d2066697273745f6e616d6520253e0d0a4c617374204e616d653a203c253d206c6173745f6e616d6520253e0d0a0d0a4465766963652073657474696e67730d0a0d0a44657669636520747970653a203c253d206465766963655f7479706520253e0d0a557365726e616d653a203c253d206465766963655f757365726e616d6520253e0d0a50617373776f72643a203c253d206465766963655f70617373776f726420253e0d0a0d0a53657474696e677320746f206c6f67696e20746f204d4f5220696e746572666163650d0a0d0a557365726e616d653a203c253d206c6f67696e5f757365726e616d6520253e0d0a50617373776f72643a203c253d206c6f67696e5f70617373776f726420253e, 1, 'html', 3, 0),
(83, 'cyberplat_announce', 'Cyberplat payment announce', '2012-10-08 14:40:38', 0x5468616e6b20796f7520666f72207573696e67206379626572706c61742e3c6272202f3e0d0a436f6d70616e79206e616d653a203c253d20636f6d70616e795f6e616d6520253e3c6272202f3e0d0a44657369676e6174696f6e3a20566f49503c6272202f3e0d0a55524c3a203c253d2075726c20253e3c6272202f3e0d0a436f6d70616e795f456d61696c3a203c253d20656d61696c253e3c6272202f3e0d0a416d6f756e742b5641543a203c253d20616d6f756e7420253e203c253d2063757272656e637920253e3c6272202f3e0d0a5472616e73616374696f6e20646174653a203c253d206461746520253e3c6272202f3e0d0a417574686f72697a6174696f6e20436f64653a203c253d20617574685f636f646520253e3c6272202f3e0d0a5472616e73616374696f6e204964656e746966696572203c253d207472616e735f696420253e3c6272202f3e0d0a437573746f6d6572204e616d65203c253d20637573746f6d65725f6e616d6520253e3c6272202f3e0d0a4f7065726174696f6e20547970653a2042616c616e6365205570646174653c6272202f3e0d0a4465736372697074696f6e3a203c253d206465736372697074696f6e20253e, 1, 'html', 3, 0),
(84, 'invoices', 'Invoices', '2012-10-08 14:40:38', 0x496e766f69636573206172652061747461636865642e, 1, 'html', 3, 0),
(85, 'c2c_invoices', 'Invoices', '2012-10-08 14:40:38', 0x496e766f69636573206172652061747461636865642e, 1, 'html', 3, 0),
(86, 'calling_cards_data_to_paypal', 'Calling Card purchase', '2012-10-08 14:40:38', 0x3c253d2063635f70757263686173655f64657461696c7320253e, 1, 'html', 3, 0),
(87, 'warning_balance_email', 'Warning', '2012-10-08 14:40:38', 0x42616c616e63653a203c253d62616c616e636520253e, 1, 'html', 3, 0),
(88, 'block_when_no_balance', 'Account blocked', '2012-10-08 14:40:38', 0x4163636f756e742077617320626c6f636b65642062656361757365206f6620696e73756666696369656e742062616c616e63650a557365723a203c253d2066756c6c5f6e616d6520253e0a42616c616e63653a203c253d2062616c616e636520253e, 1, 'html', 3, 0),
(89, 'monitoring_activation', 'Monitoring was activated', '2012-10-08 14:40:38', 0x4d6f6e69746f72696e672064657461696c733a6e6e547970653a203c253d6d6f6e69746f72696e675f74797065253e6e42616c616e63653a203c253d6d6f6e69746f72696e675f616d6f756e74253e6e426c6f636b3a203c253d6d6f6e69746f72696e675f626c6f636b253e6e6e41666665637465642075736572733a6e6e3c253d6d6f6e69746f72696e675f7573657273253e6e3c253d2063616c6c5f6c69737420253e, 1, 'html', 3, 0),
(90, 'payment_notification_integrations', 'Payment notification', '2012-10-08 14:40:38', 0x4d4f52206861732072656365697665642061207061796d656e74206e6f74696669636174696f6e20776869636820726571756972657320796f757220636f6e6669726d6174696f6e20696e206f7264657220746f20636f6d706c65746520746865207472616e73616374696f6e2e3c62722f3e3c62722f3e0a0a5061796d656e742064657461696c733a3c62722f3e3c62722f3e0a0a547970653a203c253d207061796d656e745f7479706520253e3c62722f3e0a416d6f756e743a203c253d207061796d656e745f616d6f756e7420253e3c62722f3e0a4665653a203c253d207061796d656e745f66656520253e3c62722f3e0a50617965723a203c253d207061796d656e745f70617965725f66697273745f6e616d6520253e203c253d207061796d656e745f70617965725f6c6173745f6e616d6520253e203c253d207061796d656e745f70617965725f656d61696c20253e3c62722f3e0a4d6f6e65792073686f756c642062652073656e7420746f2028796f757220656d61696c20696e204d4f52293a203c253d207061796d656e745f73656c6c65725f656d61696c20253e3c62722f3e0a4d6f6e6579207761732073656e7420746f20286163636f7264696e6720746f2067617465776179293a203c253d207061796d656e745f72656365697665725f656d61696c20253e3c62722f3e0a446174653a203c253d207061796d656e745f6461746520253e3c62722f3e3c62722f3e0a0a3c253d206c6f67696e5f75726c20253e2f7061796d656e74732f6c697374, 1, 'html', 3, 0),
(91, 'payment_notification_regular', 'Payment notification', '2012-10-08 14:40:38', 0x4d4f52206861732072656365697665642061207061796d656e74206e6f74696669636174696f6e20776869636820726571756972657320796f757220636f6e6669726d6174696f6e20696e206f7264657220746f20636f6d706c65746520746865207472616e73616374696f6e2e3c62722f3e3c62722f3e0a0a5061796d656e742064657461696c733a3c62722f3e3c62722f3e0a0a547970653a203c253d207061796d656e745f7479706520253e3c62722f3e0a416d6f756e743a203c253d207061796d656e745f616d6f756e7420253e3c62722f3e0a4665653a203c253d207061796d656e745f66656520253e3c62722f3e0a50617965723a203c253d207061796d656e745f70617965725f66697273745f6e616d6520253e203c253d207061796d656e745f70617965725f6c6173745f6e616d6520253e0a3c62722f3e446174653a203c253d207061796d656e745f6461746520253e3c62722f3e3c62722f3e0a0a3c253d206c6f67696e5f75726c20253e2f7061796d656e74732f6c697374, 1, 'html', 3, 0),
(92, 'password_reminder', 'password_reminder', '2012-10-08 14:40:38', 0x53657474696e677320746f206c6f67696e20746f204d4f5220696e746572666163653a20204c6f67696e2055524c3a203c253d206c6f67696e5f75726c20253e20557365726e616d653a203c253d206c6f67696e5f757365726e616d6520253e2050617373776f72643a203c253d206c6f67696e5f70617373776f726420253e, 1, 'html', 3, 0),
(93, 'callerid_blocked', 'Callerid blocked', '2012-10-08 14:40:38', 0x4174203c253d206461746520253e20557365722077697468204944203d203c253d20757365725f696420253e2c207769746820446576696365204944203d203c253d206465766963655f696420253e20616e642043616c6c65724944203d203c253d2063616c6c65725f696420253e2077617320626c6f636b656420626563617573652069742073656e74207365766572616c2073696d756c74616e656f75732063616c6c7320696e2073616d652074696d652e, 1, 'html', 3, 0),
(94, 'registration_confirmation_for_user', 'Thank you for registering!', '2012-10-08 14:40:43', 0x596f7572206465766963652073657474696e67733a200d0a0d0a5365727665722049503a203c253d207365727665725f697020253e0d0a44657669636520747970653a203c253d206465766963655f7479706520253e0d0a557365726e616d653a203c253d206465766963655f757365726e616d6520253e0d0a50617373776f72643a203c253d206465766963655f70617373776f726420253e0d0a0d0a2d2d2d2d0d0a0d0a53657474696e677320746f206c6f67696e20746f204d4f5220696e746572666163653a0d0a0d0a4c6f67696e2055524c3a203c253d206c6f67696e5f75726c20253e0d0a557365726e616d653a203c253d206c6f67696e5f757365726e616d6520253e0d0a50617373776f72643a203c253d206c6f67696e5f70617373776f726420253e0d0a0d0a5468616e6b20796f7520666f72207265676973746572696e6721, 1, 'html', 3, 0),
(95, 'registration_confirmation_for_admin', 'New user registered', '2012-10-08 14:40:43', 0x557365722073657474696e67733a200d0a0d0a557365723a0d0a4669727374204e616d652f436f6d70616e793a203c253d2066697273745f6e616d6520253e0d0a4c617374204e616d653a203c253d206c6173745f6e616d6520253e0d0a0d0a4465766963652073657474696e67730d0a0d0a44657669636520747970653a203c253d206465766963655f7479706520253e0d0a557365726e616d653a203c253d206465766963655f757365726e616d6520253e0d0a50617373776f72643a203c253d206465766963655f70617373776f726420253e0d0a0d0a53657474696e677320746f206c6f67696e20746f204d4f5220696e746572666163650d0a0d0a557365726e616d653a203c253d206c6f67696e5f757365726e616d6520253e0d0a50617373776f72643a203c253d206c6f67696e5f70617373776f726420253e, 1, 'html', 3, 0);
INSERT INTO `emails` (`id`, `name`, `subject`, `date_created`, `body`, `template`, `format`, `owner_id`, `callcenter`) VALUES
(96, 'cyberplat_announce', 'Cyberplat payment announce', '2012-10-08 14:40:43', 0x5468616e6b20796f7520666f72207573696e67206379626572706c61742e3c6272202f3e0d0a436f6d70616e79206e616d653a203c253d20636f6d70616e795f6e616d6520253e3c6272202f3e0d0a44657369676e6174696f6e3a20566f49503c6272202f3e0d0a55524c3a203c253d2075726c20253e3c6272202f3e0d0a436f6d70616e795f456d61696c3a203c253d20656d61696c253e3c6272202f3e0d0a416d6f756e742b5641543a203c253d20616d6f756e7420253e203c253d2063757272656e637920253e3c6272202f3e0d0a5472616e73616374696f6e20646174653a203c253d206461746520253e3c6272202f3e0d0a417574686f72697a6174696f6e20436f64653a203c253d20617574685f636f646520253e3c6272202f3e0d0a5472616e73616374696f6e204964656e746966696572203c253d207472616e735f696420253e3c6272202f3e0d0a437573746f6d6572204e616d65203c253d20637573746f6d65725f6e616d6520253e3c6272202f3e0d0a4f7065726174696f6e20547970653a2042616c616e6365205570646174653c6272202f3e0d0a4465736372697074696f6e3a203c253d206465736372697074696f6e20253e, 1, 'html', 3, 0),
(97, 'invoices', 'Invoices', '2012-10-08 14:40:43', 0x496e766f69636573206172652061747461636865642e, 1, 'html', 3, 0),
(98, 'c2c_invoices', 'Invoices', '2012-10-08 14:40:43', 0x496e766f69636573206172652061747461636865642e, 1, 'html', 3, 0),
(99, 'calling_cards_data_to_paypal', 'Calling Card purchase', '2012-10-08 14:40:43', 0x3c253d2063635f70757263686173655f64657461696c7320253e, 1, 'html', 3, 0),
(100, 'warning_balance_email', 'Warning', '2012-10-08 14:40:43', 0x42616c616e63653a203c253d62616c616e636520253e, 1, 'html', 3, 0),
(101, 'block_when_no_balance', 'Account blocked', '2012-10-08 14:40:43', 0x4163636f756e742077617320626c6f636b65642062656361757365206f6620696e73756666696369656e742062616c616e63650a557365723a203c253d2066756c6c5f6e616d6520253e0a42616c616e63653a203c253d2062616c616e636520253e, 1, 'html', 3, 0),
(102, 'monitoring_activation', 'Monitoring was activated', '2012-10-08 14:40:43', 0x4d6f6e69746f72696e672064657461696c733a6e6e547970653a203c253d6d6f6e69746f72696e675f74797065253e6e42616c616e63653a203c253d6d6f6e69746f72696e675f616d6f756e74253e6e426c6f636b3a203c253d6d6f6e69746f72696e675f626c6f636b253e6e6e41666665637465642075736572733a6e6e3c253d6d6f6e69746f72696e675f7573657273253e6e3c253d2063616c6c5f6c69737420253e, 1, 'html', 3, 0),
(103, 'payment_notification_integrations', 'Payment notification', '2012-10-08 14:40:43', 0x4d4f52206861732072656365697665642061207061796d656e74206e6f74696669636174696f6e20776869636820726571756972657320796f757220636f6e6669726d6174696f6e20696e206f7264657220746f20636f6d706c65746520746865207472616e73616374696f6e2e3c62722f3e3c62722f3e0a0a5061796d656e742064657461696c733a3c62722f3e3c62722f3e0a0a547970653a203c253d207061796d656e745f7479706520253e3c62722f3e0a416d6f756e743a203c253d207061796d656e745f616d6f756e7420253e3c62722f3e0a4665653a203c253d207061796d656e745f66656520253e3c62722f3e0a50617965723a203c253d207061796d656e745f70617965725f66697273745f6e616d6520253e203c253d207061796d656e745f70617965725f6c6173745f6e616d6520253e203c253d207061796d656e745f70617965725f656d61696c20253e3c62722f3e0a4d6f6e65792073686f756c642062652073656e7420746f2028796f757220656d61696c20696e204d4f52293a203c253d207061796d656e745f73656c6c65725f656d61696c20253e3c62722f3e0a4d6f6e6579207761732073656e7420746f20286163636f7264696e6720746f2067617465776179293a203c253d207061796d656e745f72656365697665725f656d61696c20253e3c62722f3e0a446174653a203c253d207061796d656e745f6461746520253e3c62722f3e3c62722f3e0a0a3c253d206c6f67696e5f75726c20253e2f7061796d656e74732f6c697374, 1, 'html', 3, 0),
(104, 'payment_notification_regular', 'Payment notification', '2012-10-08 14:40:43', 0x4d4f52206861732072656365697665642061207061796d656e74206e6f74696669636174696f6e20776869636820726571756972657320796f757220636f6e6669726d6174696f6e20696e206f7264657220746f20636f6d706c65746520746865207472616e73616374696f6e2e3c62722f3e3c62722f3e0a0a5061796d656e742064657461696c733a3c62722f3e3c62722f3e0a0a547970653a203c253d207061796d656e745f7479706520253e3c62722f3e0a416d6f756e743a203c253d207061796d656e745f616d6f756e7420253e3c62722f3e0a4665653a203c253d207061796d656e745f66656520253e3c62722f3e0a50617965723a203c253d207061796d656e745f70617965725f66697273745f6e616d6520253e203c253d207061796d656e745f70617965725f6c6173745f6e616d6520253e0a3c62722f3e446174653a203c253d207061796d656e745f6461746520253e3c62722f3e3c62722f3e0a0a3c253d206c6f67696e5f75726c20253e2f7061796d656e74732f6c697374, 1, 'html', 3, 0),
(105, 'password_reminder', 'password_reminder', '2012-10-08 14:40:43', 0x53657474696e677320746f206c6f67696e20746f204d4f5220696e746572666163653a20204c6f67696e2055524c3a203c253d206c6f67696e5f75726c20253e20557365726e616d653a203c253d206c6f67696e5f757365726e616d6520253e2050617373776f72643a203c253d206c6f67696e5f70617373776f726420253e, 1, 'html', 3, 0),
(106, 'callerid_blocked', 'Callerid blocked', '2012-10-08 14:40:43', 0x4174203c253d206461746520253e20557365722077697468204944203d203c253d20757365725f696420253e2c207769746820446576696365204944203d203c253d206465766963655f696420253e20616e642043616c6c65724944203d203c253d2063616c6c65725f696420253e2077617320626c6f636b656420626563617573652069742073656e74207365766572616c2073696d756c74616e656f75732063616c6c7320696e2073616d652074696d652e, 1, 'html', 3, 0),
(107, 'registration_confirmation_for_user', 'Thank you for registering!', '2012-10-08 14:40:45', 0x596f7572206465766963652073657474696e67733a200d0a0d0a5365727665722049503a203c253d207365727665725f697020253e0d0a44657669636520747970653a203c253d206465766963655f7479706520253e0d0a557365726e616d653a203c253d206465766963655f757365726e616d6520253e0d0a50617373776f72643a203c253d206465766963655f70617373776f726420253e0d0a0d0a2d2d2d2d0d0a0d0a53657474696e677320746f206c6f67696e20746f204d4f5220696e746572666163653a0d0a0d0a4c6f67696e2055524c3a203c253d206c6f67696e5f75726c20253e0d0a557365726e616d653a203c253d206c6f67696e5f757365726e616d6520253e0d0a50617373776f72643a203c253d206c6f67696e5f70617373776f726420253e0d0a0d0a5468616e6b20796f7520666f72207265676973746572696e6721, 1, 'html', 3, 0),
(108, 'registration_confirmation_for_admin', 'New user registered', '2012-10-08 14:40:45', 0x557365722073657474696e67733a200d0a0d0a557365723a0d0a4669727374204e616d652f436f6d70616e793a203c253d2066697273745f6e616d6520253e0d0a4c617374204e616d653a203c253d206c6173745f6e616d6520253e0d0a0d0a4465766963652073657474696e67730d0a0d0a44657669636520747970653a203c253d206465766963655f7479706520253e0d0a557365726e616d653a203c253d206465766963655f757365726e616d6520253e0d0a50617373776f72643a203c253d206465766963655f70617373776f726420253e0d0a0d0a53657474696e677320746f206c6f67696e20746f204d4f5220696e746572666163650d0a0d0a557365726e616d653a203c253d206c6f67696e5f757365726e616d6520253e0d0a50617373776f72643a203c253d206c6f67696e5f70617373776f726420253e, 1, 'html', 3, 0),
(109, 'cyberplat_announce', 'Cyberplat payment announce', '2012-10-08 14:40:45', 0x5468616e6b20796f7520666f72207573696e67206379626572706c61742e3c6272202f3e0d0a436f6d70616e79206e616d653a203c253d20636f6d70616e795f6e616d6520253e3c6272202f3e0d0a44657369676e6174696f6e3a20566f49503c6272202f3e0d0a55524c3a203c253d2075726c20253e3c6272202f3e0d0a436f6d70616e795f456d61696c3a203c253d20656d61696c253e3c6272202f3e0d0a416d6f756e742b5641543a203c253d20616d6f756e7420253e203c253d2063757272656e637920253e3c6272202f3e0d0a5472616e73616374696f6e20646174653a203c253d206461746520253e3c6272202f3e0d0a417574686f72697a6174696f6e20436f64653a203c253d20617574685f636f646520253e3c6272202f3e0d0a5472616e73616374696f6e204964656e746966696572203c253d207472616e735f696420253e3c6272202f3e0d0a437573746f6d6572204e616d65203c253d20637573746f6d65725f6e616d6520253e3c6272202f3e0d0a4f7065726174696f6e20547970653a2042616c616e6365205570646174653c6272202f3e0d0a4465736372697074696f6e3a203c253d206465736372697074696f6e20253e, 1, 'html', 3, 0),
(110, 'invoices', 'Invoices', '2012-10-08 14:40:45', 0x496e766f69636573206172652061747461636865642e, 1, 'html', 3, 0),
(111, 'c2c_invoices', 'Invoices', '2012-10-08 14:40:45', 0x496e766f69636573206172652061747461636865642e, 1, 'html', 3, 0),
(112, 'calling_cards_data_to_paypal', 'Calling Card purchase', '2012-10-08 14:40:45', 0x3c253d2063635f70757263686173655f64657461696c7320253e, 1, 'html', 3, 0),
(113, 'warning_balance_email', 'Warning', '2012-10-08 14:40:45', 0x42616c616e63653a203c253d62616c616e636520253e, 1, 'html', 3, 0),
(114, 'block_when_no_balance', 'Account blocked', '2012-10-08 14:40:45', 0x4163636f756e742077617320626c6f636b65642062656361757365206f6620696e73756666696369656e742062616c616e63650a557365723a203c253d2066756c6c5f6e616d6520253e0a42616c616e63653a203c253d2062616c616e636520253e, 1, 'html', 3, 0),
(115, 'monitoring_activation', 'Monitoring was activated', '2012-10-08 14:40:45', 0x4d6f6e69746f72696e672064657461696c733a6e6e547970653a203c253d6d6f6e69746f72696e675f74797065253e6e42616c616e63653a203c253d6d6f6e69746f72696e675f616d6f756e74253e6e426c6f636b3a203c253d6d6f6e69746f72696e675f626c6f636b253e6e6e41666665637465642075736572733a6e6e3c253d6d6f6e69746f72696e675f7573657273253e6e3c253d2063616c6c5f6c69737420253e, 1, 'html', 3, 0),
(116, 'payment_notification_integrations', 'Payment notification', '2012-10-08 14:40:45', 0x4d4f52206861732072656365697665642061207061796d656e74206e6f74696669636174696f6e20776869636820726571756972657320796f757220636f6e6669726d6174696f6e20696e206f7264657220746f20636f6d706c65746520746865207472616e73616374696f6e2e3c62722f3e3c62722f3e0a0a5061796d656e742064657461696c733a3c62722f3e3c62722f3e0a0a547970653a203c253d207061796d656e745f7479706520253e3c62722f3e0a416d6f756e743a203c253d207061796d656e745f616d6f756e7420253e3c62722f3e0a4665653a203c253d207061796d656e745f66656520253e3c62722f3e0a50617965723a203c253d207061796d656e745f70617965725f66697273745f6e616d6520253e203c253d207061796d656e745f70617965725f6c6173745f6e616d6520253e203c253d207061796d656e745f70617965725f656d61696c20253e3c62722f3e0a4d6f6e65792073686f756c642062652073656e7420746f2028796f757220656d61696c20696e204d4f52293a203c253d207061796d656e745f73656c6c65725f656d61696c20253e3c62722f3e0a4d6f6e6579207761732073656e7420746f20286163636f7264696e6720746f2067617465776179293a203c253d207061796d656e745f72656365697665725f656d61696c20253e3c62722f3e0a446174653a203c253d207061796d656e745f6461746520253e3c62722f3e3c62722f3e0a0a3c253d206c6f67696e5f75726c20253e2f7061796d656e74732f6c697374, 1, 'html', 3, 0),
(117, 'payment_notification_regular', 'Payment notification', '2012-10-08 14:40:45', 0x4d4f52206861732072656365697665642061207061796d656e74206e6f74696669636174696f6e20776869636820726571756972657320796f757220636f6e6669726d6174696f6e20696e206f7264657220746f20636f6d706c65746520746865207472616e73616374696f6e2e3c62722f3e3c62722f3e0a0a5061796d656e742064657461696c733a3c62722f3e3c62722f3e0a0a547970653a203c253d207061796d656e745f7479706520253e3c62722f3e0a416d6f756e743a203c253d207061796d656e745f616d6f756e7420253e3c62722f3e0a4665653a203c253d207061796d656e745f66656520253e3c62722f3e0a50617965723a203c253d207061796d656e745f70617965725f66697273745f6e616d6520253e203c253d207061796d656e745f70617965725f6c6173745f6e616d6520253e0a3c62722f3e446174653a203c253d207061796d656e745f6461746520253e3c62722f3e3c62722f3e0a0a3c253d206c6f67696e5f75726c20253e2f7061796d656e74732f6c697374, 1, 'html', 3, 0),
(118, 'password_reminder', 'password_reminder', '2012-10-08 14:40:45', 0x53657474696e677320746f206c6f67696e20746f204d4f5220696e746572666163653a20204c6f67696e2055524c3a203c253d206c6f67696e5f75726c20253e20557365726e616d653a203c253d206c6f67696e5f757365726e616d6520253e2050617373776f72643a203c253d206c6f67696e5f70617373776f726420253e, 1, 'html', 3, 0),
(119, 'callerid_blocked', 'Callerid blocked', '2012-10-08 14:40:45', 0x4174203c253d206461746520253e20557365722077697468204944203d203c253d20757365725f696420253e2c207769746820446576696365204944203d203c253d206465766963655f696420253e20616e642043616c6c65724944203d203c253d2063616c6c65725f696420253e2077617320626c6f636b656420626563617573652069742073656e74207365766572616c2073696d756c74616e656f75732063616c6c7320696e2073616d652074696d652e, 1, 'html', 3, 0),
(120, 'registration_confirmation_for_user', 'Thank you for registering!', '2012-10-08 14:40:49', 0x596f7572206465766963652073657474696e67733a200d0a0d0a5365727665722049503a203c253d207365727665725f697020253e0d0a44657669636520747970653a203c253d206465766963655f7479706520253e0d0a557365726e616d653a203c253d206465766963655f757365726e616d6520253e0d0a50617373776f72643a203c253d206465766963655f70617373776f726420253e0d0a0d0a2d2d2d2d0d0a0d0a53657474696e677320746f206c6f67696e20746f204d4f5220696e746572666163653a0d0a0d0a4c6f67696e2055524c3a203c253d206c6f67696e5f75726c20253e0d0a557365726e616d653a203c253d206c6f67696e5f757365726e616d6520253e0d0a50617373776f72643a203c253d206c6f67696e5f70617373776f726420253e0d0a0d0a5468616e6b20796f7520666f72207265676973746572696e6721, 1, 'html', 3, 0),
(121, 'registration_confirmation_for_admin', 'New user registered', '2012-10-08 14:40:49', 0x557365722073657474696e67733a200d0a0d0a557365723a0d0a4669727374204e616d652f436f6d70616e793a203c253d2066697273745f6e616d6520253e0d0a4c617374204e616d653a203c253d206c6173745f6e616d6520253e0d0a0d0a4465766963652073657474696e67730d0a0d0a44657669636520747970653a203c253d206465766963655f7479706520253e0d0a557365726e616d653a203c253d206465766963655f757365726e616d6520253e0d0a50617373776f72643a203c253d206465766963655f70617373776f726420253e0d0a0d0a53657474696e677320746f206c6f67696e20746f204d4f5220696e746572666163650d0a0d0a557365726e616d653a203c253d206c6f67696e5f757365726e616d6520253e0d0a50617373776f72643a203c253d206c6f67696e5f70617373776f726420253e, 1, 'html', 3, 0),
(122, 'cyberplat_announce', 'Cyberplat payment announce', '2012-10-08 14:40:49', 0x5468616e6b20796f7520666f72207573696e67206379626572706c61742e3c6272202f3e0d0a436f6d70616e79206e616d653a203c253d20636f6d70616e795f6e616d6520253e3c6272202f3e0d0a44657369676e6174696f6e3a20566f49503c6272202f3e0d0a55524c3a203c253d2075726c20253e3c6272202f3e0d0a436f6d70616e795f456d61696c3a203c253d20656d61696c253e3c6272202f3e0d0a416d6f756e742b5641543a203c253d20616d6f756e7420253e203c253d2063757272656e637920253e3c6272202f3e0d0a5472616e73616374696f6e20646174653a203c253d206461746520253e3c6272202f3e0d0a417574686f72697a6174696f6e20436f64653a203c253d20617574685f636f646520253e3c6272202f3e0d0a5472616e73616374696f6e204964656e746966696572203c253d207472616e735f696420253e3c6272202f3e0d0a437573746f6d6572204e616d65203c253d20637573746f6d65725f6e616d6520253e3c6272202f3e0d0a4f7065726174696f6e20547970653a2042616c616e6365205570646174653c6272202f3e0d0a4465736372697074696f6e3a203c253d206465736372697074696f6e20253e, 1, 'html', 3, 0),
(123, 'invoices', 'Invoices', '2012-10-08 14:40:49', 0x496e766f69636573206172652061747461636865642e, 1, 'html', 3, 0),
(124, 'c2c_invoices', 'Invoices', '2012-10-08 14:40:49', 0x496e766f69636573206172652061747461636865642e, 1, 'html', 3, 0),
(125, 'calling_cards_data_to_paypal', 'Calling Card purchase', '2012-10-08 14:40:49', 0x3c253d2063635f70757263686173655f64657461696c7320253e, 1, 'html', 3, 0),
(126, 'warning_balance_email', 'Warning', '2012-10-08 14:40:49', 0x42616c616e63653a203c253d62616c616e636520253e, 1, 'html', 3, 0),
(127, 'block_when_no_balance', 'Account blocked', '2012-10-08 14:40:49', 0x4163636f756e742077617320626c6f636b65642062656361757365206f6620696e73756666696369656e742062616c616e63650a557365723a203c253d2066756c6c5f6e616d6520253e0a42616c616e63653a203c253d2062616c616e636520253e, 1, 'html', 3, 0),
(128, 'monitoring_activation', 'Monitoring was activated', '2012-10-08 14:40:49', 0x4d6f6e69746f72696e672064657461696c733a6e6e547970653a203c253d6d6f6e69746f72696e675f74797065253e6e42616c616e63653a203c253d6d6f6e69746f72696e675f616d6f756e74253e6e426c6f636b3a203c253d6d6f6e69746f72696e675f626c6f636b253e6e6e41666665637465642075736572733a6e6e3c253d6d6f6e69746f72696e675f7573657273253e6e3c253d2063616c6c5f6c69737420253e, 1, 'html', 3, 0),
(129, 'payment_notification_integrations', 'Payment notification', '2012-10-08 14:40:49', 0x4d4f52206861732072656365697665642061207061796d656e74206e6f74696669636174696f6e20776869636820726571756972657320796f757220636f6e6669726d6174696f6e20696e206f7264657220746f20636f6d706c65746520746865207472616e73616374696f6e2e3c62722f3e3c62722f3e0a0a5061796d656e742064657461696c733a3c62722f3e3c62722f3e0a0a547970653a203c253d207061796d656e745f7479706520253e3c62722f3e0a416d6f756e743a203c253d207061796d656e745f616d6f756e7420253e3c62722f3e0a4665653a203c253d207061796d656e745f66656520253e3c62722f3e0a50617965723a203c253d207061796d656e745f70617965725f66697273745f6e616d6520253e203c253d207061796d656e745f70617965725f6c6173745f6e616d6520253e203c253d207061796d656e745f70617965725f656d61696c20253e3c62722f3e0a4d6f6e65792073686f756c642062652073656e7420746f2028796f757220656d61696c20696e204d4f52293a203c253d207061796d656e745f73656c6c65725f656d61696c20253e3c62722f3e0a4d6f6e6579207761732073656e7420746f20286163636f7264696e6720746f2067617465776179293a203c253d207061796d656e745f72656365697665725f656d61696c20253e3c62722f3e0a446174653a203c253d207061796d656e745f6461746520253e3c62722f3e3c62722f3e0a0a3c253d206c6f67696e5f75726c20253e2f7061796d656e74732f6c697374, 1, 'html', 3, 0),
(130, 'payment_notification_regular', 'Payment notification', '2012-10-08 14:40:49', 0x4d4f52206861732072656365697665642061207061796d656e74206e6f74696669636174696f6e20776869636820726571756972657320796f757220636f6e6669726d6174696f6e20696e206f7264657220746f20636f6d706c65746520746865207472616e73616374696f6e2e3c62722f3e3c62722f3e0a0a5061796d656e742064657461696c733a3c62722f3e3c62722f3e0a0a547970653a203c253d207061796d656e745f7479706520253e3c62722f3e0a416d6f756e743a203c253d207061796d656e745f616d6f756e7420253e3c62722f3e0a4665653a203c253d207061796d656e745f66656520253e3c62722f3e0a50617965723a203c253d207061796d656e745f70617965725f66697273745f6e616d6520253e203c253d207061796d656e745f70617965725f6c6173745f6e616d6520253e0a3c62722f3e446174653a203c253d207061796d656e745f6461746520253e3c62722f3e3c62722f3e0a0a3c253d206c6f67696e5f75726c20253e2f7061796d656e74732f6c697374, 1, 'html', 3, 0),
(131, 'password_reminder', 'password_reminder', '2012-10-08 14:40:49', 0x53657474696e677320746f206c6f67696e20746f204d4f5220696e746572666163653a20204c6f67696e2055524c3a203c253d206c6f67696e5f75726c20253e20557365726e616d653a203c253d206c6f67696e5f757365726e616d6520253e2050617373776f72643a203c253d206c6f67696e5f70617373776f726420253e, 1, 'html', 3, 0),
(132, 'callerid_blocked', 'Callerid blocked', '2012-10-08 14:40:49', 0x4174203c253d206461746520253e20557365722077697468204944203d203c253d20757365725f696420253e2c207769746820446576696365204944203d203c253d206465766963655f696420253e20616e642043616c6c65724944203d203c253d2063616c6c65725f696420253e2077617320626c6f636b656420626563617573652069742073656e74207365766572616c2073696d756c74616e656f75732063616c6c7320696e2073616d652074696d652e, 1, 'html', 3, 0),
(133, 'registration_confirmation_for_user', 'Thank you for registering!', '2012-10-08 14:40:52', 0x596f7572206465766963652073657474696e67733a200d0a0d0a5365727665722049503a203c253d207365727665725f697020253e0d0a44657669636520747970653a203c253d206465766963655f7479706520253e0d0a557365726e616d653a203c253d206465766963655f757365726e616d6520253e0d0a50617373776f72643a203c253d206465766963655f70617373776f726420253e0d0a0d0a2d2d2d2d0d0a0d0a53657474696e677320746f206c6f67696e20746f204d4f5220696e746572666163653a0d0a0d0a4c6f67696e2055524c3a203c253d206c6f67696e5f75726c20253e0d0a557365726e616d653a203c253d206c6f67696e5f757365726e616d6520253e0d0a50617373776f72643a203c253d206c6f67696e5f70617373776f726420253e0d0a0d0a5468616e6b20796f7520666f72207265676973746572696e6721, 1, 'html', 3, 0),
(134, 'registration_confirmation_for_admin', 'New user registered', '2012-10-08 14:40:52', 0x557365722073657474696e67733a200d0a0d0a557365723a0d0a4669727374204e616d652f436f6d70616e793a203c253d2066697273745f6e616d6520253e0d0a4c617374204e616d653a203c253d206c6173745f6e616d6520253e0d0a0d0a4465766963652073657474696e67730d0a0d0a44657669636520747970653a203c253d206465766963655f7479706520253e0d0a557365726e616d653a203c253d206465766963655f757365726e616d6520253e0d0a50617373776f72643a203c253d206465766963655f70617373776f726420253e0d0a0d0a53657474696e677320746f206c6f67696e20746f204d4f5220696e746572666163650d0a0d0a557365726e616d653a203c253d206c6f67696e5f757365726e616d6520253e0d0a50617373776f72643a203c253d206c6f67696e5f70617373776f726420253e, 1, 'html', 3, 0),
(135, 'cyberplat_announce', 'Cyberplat payment announce', '2012-10-08 14:40:52', 0x5468616e6b20796f7520666f72207573696e67206379626572706c61742e3c6272202f3e0d0a436f6d70616e79206e616d653a203c253d20636f6d70616e795f6e616d6520253e3c6272202f3e0d0a44657369676e6174696f6e3a20566f49503c6272202f3e0d0a55524c3a203c253d2075726c20253e3c6272202f3e0d0a436f6d70616e795f456d61696c3a203c253d20656d61696c253e3c6272202f3e0d0a416d6f756e742b5641543a203c253d20616d6f756e7420253e203c253d2063757272656e637920253e3c6272202f3e0d0a5472616e73616374696f6e20646174653a203c253d206461746520253e3c6272202f3e0d0a417574686f72697a6174696f6e20436f64653a203c253d20617574685f636f646520253e3c6272202f3e0d0a5472616e73616374696f6e204964656e746966696572203c253d207472616e735f696420253e3c6272202f3e0d0a437573746f6d6572204e616d65203c253d20637573746f6d65725f6e616d6520253e3c6272202f3e0d0a4f7065726174696f6e20547970653a2042616c616e6365205570646174653c6272202f3e0d0a4465736372697074696f6e3a203c253d206465736372697074696f6e20253e, 1, 'html', 3, 0),
(136, 'invoices', 'Invoices', '2012-10-08 14:40:52', 0x496e766f69636573206172652061747461636865642e, 1, 'html', 3, 0),
(137, 'c2c_invoices', 'Invoices', '2012-10-08 14:40:52', 0x496e766f69636573206172652061747461636865642e, 1, 'html', 3, 0),
(138, 'calling_cards_data_to_paypal', 'Calling Card purchase', '2012-10-08 14:40:52', 0x3c253d2063635f70757263686173655f64657461696c7320253e, 1, 'html', 3, 0),
(139, 'warning_balance_email', 'Warning', '2012-10-08 14:40:52', 0x42616c616e63653a203c253d62616c616e636520253e, 1, 'html', 3, 0),
(140, 'block_when_no_balance', 'Account blocked', '2012-10-08 14:40:52', 0x4163636f756e742077617320626c6f636b65642062656361757365206f6620696e73756666696369656e742062616c616e63650a557365723a203c253d2066756c6c5f6e616d6520253e0a42616c616e63653a203c253d2062616c616e636520253e, 1, 'html', 3, 0),
(141, 'monitoring_activation', 'Monitoring was activated', '2012-10-08 14:40:52', 0x4d6f6e69746f72696e672064657461696c733a6e6e547970653a203c253d6d6f6e69746f72696e675f74797065253e6e42616c616e63653a203c253d6d6f6e69746f72696e675f616d6f756e74253e6e426c6f636b3a203c253d6d6f6e69746f72696e675f626c6f636b253e6e6e41666665637465642075736572733a6e6e3c253d6d6f6e69746f72696e675f7573657273253e6e3c253d2063616c6c5f6c69737420253e, 1, 'html', 3, 0),
(142, 'payment_notification_integrations', 'Payment notification', '2012-10-08 14:40:52', 0x4d4f52206861732072656365697665642061207061796d656e74206e6f74696669636174696f6e20776869636820726571756972657320796f757220636f6e6669726d6174696f6e20696e206f7264657220746f20636f6d706c65746520746865207472616e73616374696f6e2e3c62722f3e3c62722f3e0a0a5061796d656e742064657461696c733a3c62722f3e3c62722f3e0a0a547970653a203c253d207061796d656e745f7479706520253e3c62722f3e0a416d6f756e743a203c253d207061796d656e745f616d6f756e7420253e3c62722f3e0a4665653a203c253d207061796d656e745f66656520253e3c62722f3e0a50617965723a203c253d207061796d656e745f70617965725f66697273745f6e616d6520253e203c253d207061796d656e745f70617965725f6c6173745f6e616d6520253e203c253d207061796d656e745f70617965725f656d61696c20253e3c62722f3e0a4d6f6e65792073686f756c642062652073656e7420746f2028796f757220656d61696c20696e204d4f52293a203c253d207061796d656e745f73656c6c65725f656d61696c20253e3c62722f3e0a4d6f6e6579207761732073656e7420746f20286163636f7264696e6720746f2067617465776179293a203c253d207061796d656e745f72656365697665725f656d61696c20253e3c62722f3e0a446174653a203c253d207061796d656e745f6461746520253e3c62722f3e3c62722f3e0a0a3c253d206c6f67696e5f75726c20253e2f7061796d656e74732f6c697374, 1, 'html', 3, 0),
(143, 'payment_notification_regular', 'Payment notification', '2012-10-08 14:40:52', 0x4d4f52206861732072656365697665642061207061796d656e74206e6f74696669636174696f6e20776869636820726571756972657320796f757220636f6e6669726d6174696f6e20696e206f7264657220746f20636f6d706c65746520746865207472616e73616374696f6e2e3c62722f3e3c62722f3e0a0a5061796d656e742064657461696c733a3c62722f3e3c62722f3e0a0a547970653a203c253d207061796d656e745f7479706520253e3c62722f3e0a416d6f756e743a203c253d207061796d656e745f616d6f756e7420253e3c62722f3e0a4665653a203c253d207061796d656e745f66656520253e3c62722f3e0a50617965723a203c253d207061796d656e745f70617965725f66697273745f6e616d6520253e203c253d207061796d656e745f70617965725f6c6173745f6e616d6520253e0a3c62722f3e446174653a203c253d207061796d656e745f6461746520253e3c62722f3e3c62722f3e0a0a3c253d206c6f67696e5f75726c20253e2f7061796d656e74732f6c697374, 1, 'html', 3, 0),
(144, 'password_reminder', 'password_reminder', '2012-10-08 14:40:52', 0x53657474696e677320746f206c6f67696e20746f204d4f5220696e746572666163653a20204c6f67696e2055524c3a203c253d206c6f67696e5f75726c20253e20557365726e616d653a203c253d206c6f67696e5f757365726e616d6520253e2050617373776f72643a203c253d206c6f67696e5f70617373776f726420253e, 1, 'html', 3, 0),
(145, 'callerid_blocked', 'Callerid blocked', '2012-10-08 14:40:52', 0x4174203c253d206461746520253e20557365722077697468204944203d203c253d20757365725f696420253e2c207769746820446576696365204944203d203c253d206465766963655f696420253e20616e642043616c6c65724944203d203c253d2063616c6c65725f696420253e2077617320626c6f636b656420626563617573652069742073656e74207365766572616c2073696d756c74616e656f75732063616c6c7320696e2073616d652074696d652e, 1, 'html', 3, 0),
(146, 'registration_confirmation_for_user', 'Thank you for registering!', '2012-10-08 14:40:57', 0x596f7572206465766963652073657474696e67733a200d0a0d0a5365727665722049503a203c253d207365727665725f697020253e0d0a44657669636520747970653a203c253d206465766963655f7479706520253e0d0a557365726e616d653a203c253d206465766963655f757365726e616d6520253e0d0a50617373776f72643a203c253d206465766963655f70617373776f726420253e0d0a0d0a2d2d2d2d0d0a0d0a53657474696e677320746f206c6f67696e20746f204d4f5220696e746572666163653a0d0a0d0a4c6f67696e2055524c3a203c253d206c6f67696e5f75726c20253e0d0a557365726e616d653a203c253d206c6f67696e5f757365726e616d6520253e0d0a50617373776f72643a203c253d206c6f67696e5f70617373776f726420253e0d0a0d0a5468616e6b20796f7520666f72207265676973746572696e6721, 1, 'html', 3, 0),
(147, 'registration_confirmation_for_admin', 'New user registered', '2012-10-08 14:40:57', 0x557365722073657474696e67733a200d0a0d0a557365723a0d0a4669727374204e616d652f436f6d70616e793a203c253d2066697273745f6e616d6520253e0d0a4c617374204e616d653a203c253d206c6173745f6e616d6520253e0d0a0d0a4465766963652073657474696e67730d0a0d0a44657669636520747970653a203c253d206465766963655f7479706520253e0d0a557365726e616d653a203c253d206465766963655f757365726e616d6520253e0d0a50617373776f72643a203c253d206465766963655f70617373776f726420253e0d0a0d0a53657474696e677320746f206c6f67696e20746f204d4f5220696e746572666163650d0a0d0a557365726e616d653a203c253d206c6f67696e5f757365726e616d6520253e0d0a50617373776f72643a203c253d206c6f67696e5f70617373776f726420253e, 1, 'html', 3, 0),
(148, 'cyberplat_announce', 'Cyberplat payment announce', '2012-10-08 14:40:57', 0x5468616e6b20796f7520666f72207573696e67206379626572706c61742e3c6272202f3e0d0a436f6d70616e79206e616d653a203c253d20636f6d70616e795f6e616d6520253e3c6272202f3e0d0a44657369676e6174696f6e3a20566f49503c6272202f3e0d0a55524c3a203c253d2075726c20253e3c6272202f3e0d0a436f6d70616e795f456d61696c3a203c253d20656d61696c253e3c6272202f3e0d0a416d6f756e742b5641543a203c253d20616d6f756e7420253e203c253d2063757272656e637920253e3c6272202f3e0d0a5472616e73616374696f6e20646174653a203c253d206461746520253e3c6272202f3e0d0a417574686f72697a6174696f6e20436f64653a203c253d20617574685f636f646520253e3c6272202f3e0d0a5472616e73616374696f6e204964656e746966696572203c253d207472616e735f696420253e3c6272202f3e0d0a437573746f6d6572204e616d65203c253d20637573746f6d65725f6e616d6520253e3c6272202f3e0d0a4f7065726174696f6e20547970653a2042616c616e6365205570646174653c6272202f3e0d0a4465736372697074696f6e3a203c253d206465736372697074696f6e20253e, 1, 'html', 3, 0),
(149, 'invoices', 'Invoices', '2012-10-08 14:40:57', 0x496e766f69636573206172652061747461636865642e, 1, 'html', 3, 0),
(150, 'c2c_invoices', 'Invoices', '2012-10-08 14:40:57', 0x496e766f69636573206172652061747461636865642e, 1, 'html', 3, 0),
(151, 'calling_cards_data_to_paypal', 'Calling Card purchase', '2012-10-08 14:40:57', 0x3c253d2063635f70757263686173655f64657461696c7320253e, 1, 'html', 3, 0),
(152, 'warning_balance_email', 'Warning', '2012-10-08 14:40:57', 0x42616c616e63653a203c253d62616c616e636520253e, 1, 'html', 3, 0),
(153, 'block_when_no_balance', 'Account blocked', '2012-10-08 14:40:57', 0x4163636f756e742077617320626c6f636b65642062656361757365206f6620696e73756666696369656e742062616c616e63650a557365723a203c253d2066756c6c5f6e616d6520253e0a42616c616e63653a203c253d2062616c616e636520253e, 1, 'html', 3, 0),
(154, 'monitoring_activation', 'Monitoring was activated', '2012-10-08 14:40:57', 0x4d6f6e69746f72696e672064657461696c733a6e6e547970653a203c253d6d6f6e69746f72696e675f74797065253e6e42616c616e63653a203c253d6d6f6e69746f72696e675f616d6f756e74253e6e426c6f636b3a203c253d6d6f6e69746f72696e675f626c6f636b253e6e6e41666665637465642075736572733a6e6e3c253d6d6f6e69746f72696e675f7573657273253e6e3c253d2063616c6c5f6c69737420253e, 1, 'html', 3, 0),
(155, 'payment_notification_integrations', 'Payment notification', '2012-10-08 14:40:57', 0x4d4f52206861732072656365697665642061207061796d656e74206e6f74696669636174696f6e20776869636820726571756972657320796f757220636f6e6669726d6174696f6e20696e206f7264657220746f20636f6d706c65746520746865207472616e73616374696f6e2e3c62722f3e3c62722f3e0a0a5061796d656e742064657461696c733a3c62722f3e3c62722f3e0a0a547970653a203c253d207061796d656e745f7479706520253e3c62722f3e0a416d6f756e743a203c253d207061796d656e745f616d6f756e7420253e3c62722f3e0a4665653a203c253d207061796d656e745f66656520253e3c62722f3e0a50617965723a203c253d207061796d656e745f70617965725f66697273745f6e616d6520253e203c253d207061796d656e745f70617965725f6c6173745f6e616d6520253e203c253d207061796d656e745f70617965725f656d61696c20253e3c62722f3e0a4d6f6e65792073686f756c642062652073656e7420746f2028796f757220656d61696c20696e204d4f52293a203c253d207061796d656e745f73656c6c65725f656d61696c20253e3c62722f3e0a4d6f6e6579207761732073656e7420746f20286163636f7264696e6720746f2067617465776179293a203c253d207061796d656e745f72656365697665725f656d61696c20253e3c62722f3e0a446174653a203c253d207061796d656e745f6461746520253e3c62722f3e3c62722f3e0a0a3c253d206c6f67696e5f75726c20253e2f7061796d656e74732f6c697374, 1, 'html', 3, 0),
(156, 'payment_notification_regular', 'Payment notification', '2012-10-08 14:40:57', 0x4d4f52206861732072656365697665642061207061796d656e74206e6f74696669636174696f6e20776869636820726571756972657320796f757220636f6e6669726d6174696f6e20696e206f7264657220746f20636f6d706c65746520746865207472616e73616374696f6e2e3c62722f3e3c62722f3e0a0a5061796d656e742064657461696c733a3c62722f3e3c62722f3e0a0a547970653a203c253d207061796d656e745f7479706520253e3c62722f3e0a416d6f756e743a203c253d207061796d656e745f616d6f756e7420253e3c62722f3e0a4665653a203c253d207061796d656e745f66656520253e3c62722f3e0a50617965723a203c253d207061796d656e745f70617965725f66697273745f6e616d6520253e203c253d207061796d656e745f70617965725f6c6173745f6e616d6520253e0a3c62722f3e446174653a203c253d207061796d656e745f6461746520253e3c62722f3e3c62722f3e0a0a3c253d206c6f67696e5f75726c20253e2f7061796d656e74732f6c697374, 1, 'html', 3, 0),
(157, 'password_reminder', 'password_reminder', '2012-10-08 14:40:57', 0x53657474696e677320746f206c6f67696e20746f204d4f5220696e746572666163653a20204c6f67696e2055524c3a203c253d206c6f67696e5f75726c20253e20557365726e616d653a203c253d206c6f67696e5f757365726e616d6520253e2050617373776f72643a203c253d206c6f67696e5f70617373776f726420253e, 1, 'html', 3, 0),
(158, 'callerid_blocked', 'Callerid blocked', '2012-10-08 14:40:57', 0x4174203c253d206461746520253e20557365722077697468204944203d203c253d20757365725f696420253e2c207769746820446576696365204944203d203c253d206465766963655f696420253e20616e642043616c6c65724944203d203c253d2063616c6c65725f696420253e2077617320626c6f636b656420626563617573652069742073656e74207365766572616c2073696d756c74616e656f75732063616c6c7320696e2073616d652074696d652e, 1, 'html', 3, 0),
(159, 'registration_confirmation_for_user', 'Thank you for registering!', '2012-10-08 14:41:07', 0x596f7572206465766963652073657474696e67733a200d0a0d0a5365727665722049503a203c253d207365727665725f697020253e0d0a44657669636520747970653a203c253d206465766963655f7479706520253e0d0a557365726e616d653a203c253d206465766963655f757365726e616d6520253e0d0a50617373776f72643a203c253d206465766963655f70617373776f726420253e0d0a0d0a2d2d2d2d0d0a0d0a53657474696e677320746f206c6f67696e20746f204d4f5220696e746572666163653a0d0a0d0a4c6f67696e2055524c3a203c253d206c6f67696e5f75726c20253e0d0a557365726e616d653a203c253d206c6f67696e5f757365726e616d6520253e0d0a50617373776f72643a203c253d206c6f67696e5f70617373776f726420253e0d0a0d0a5468616e6b20796f7520666f72207265676973746572696e6721, 1, 'html', 3, 0),
(160, 'registration_confirmation_for_admin', 'New user registered', '2012-10-08 14:41:07', 0x557365722073657474696e67733a200d0a0d0a557365723a0d0a4669727374204e616d652f436f6d70616e793a203c253d2066697273745f6e616d6520253e0d0a4c617374204e616d653a203c253d206c6173745f6e616d6520253e0d0a0d0a4465766963652073657474696e67730d0a0d0a44657669636520747970653a203c253d206465766963655f7479706520253e0d0a557365726e616d653a203c253d206465766963655f757365726e616d6520253e0d0a50617373776f72643a203c253d206465766963655f70617373776f726420253e0d0a0d0a53657474696e677320746f206c6f67696e20746f204d4f5220696e746572666163650d0a0d0a557365726e616d653a203c253d206c6f67696e5f757365726e616d6520253e0d0a50617373776f72643a203c253d206c6f67696e5f70617373776f726420253e, 1, 'html', 3, 0),
(161, 'cyberplat_announce', 'Cyberplat payment announce', '2012-10-08 14:41:07', 0x5468616e6b20796f7520666f72207573696e67206379626572706c61742e3c6272202f3e0d0a436f6d70616e79206e616d653a203c253d20636f6d70616e795f6e616d6520253e3c6272202f3e0d0a44657369676e6174696f6e3a20566f49503c6272202f3e0d0a55524c3a203c253d2075726c20253e3c6272202f3e0d0a436f6d70616e795f456d61696c3a203c253d20656d61696c253e3c6272202f3e0d0a416d6f756e742b5641543a203c253d20616d6f756e7420253e203c253d2063757272656e637920253e3c6272202f3e0d0a5472616e73616374696f6e20646174653a203c253d206461746520253e3c6272202f3e0d0a417574686f72697a6174696f6e20436f64653a203c253d20617574685f636f646520253e3c6272202f3e0d0a5472616e73616374696f6e204964656e746966696572203c253d207472616e735f696420253e3c6272202f3e0d0a437573746f6d6572204e616d65203c253d20637573746f6d65725f6e616d6520253e3c6272202f3e0d0a4f7065726174696f6e20547970653a2042616c616e6365205570646174653c6272202f3e0d0a4465736372697074696f6e3a203c253d206465736372697074696f6e20253e, 1, 'html', 3, 0),
(162, 'invoices', 'Invoices', '2012-10-08 14:41:07', 0x496e766f69636573206172652061747461636865642e, 1, 'html', 3, 0),
(163, 'c2c_invoices', 'Invoices', '2012-10-08 14:41:07', 0x496e766f69636573206172652061747461636865642e, 1, 'html', 3, 0),
(164, 'calling_cards_data_to_paypal', 'Calling Card purchase', '2012-10-08 14:41:07', 0x3c253d2063635f70757263686173655f64657461696c7320253e, 1, 'html', 3, 0),
(165, 'warning_balance_email', 'Warning', '2012-10-08 14:41:07', 0x42616c616e63653a203c253d62616c616e636520253e, 1, 'html', 3, 0),
(166, 'block_when_no_balance', 'Account blocked', '2012-10-08 14:41:07', 0x4163636f756e742077617320626c6f636b65642062656361757365206f6620696e73756666696369656e742062616c616e63650a557365723a203c253d2066756c6c5f6e616d6520253e0a42616c616e63653a203c253d2062616c616e636520253e, 1, 'html', 3, 0),
(167, 'monitoring_activation', 'Monitoring was activated', '2012-10-08 14:41:07', 0x4d6f6e69746f72696e672064657461696c733a6e6e547970653a203c253d6d6f6e69746f72696e675f74797065253e6e42616c616e63653a203c253d6d6f6e69746f72696e675f616d6f756e74253e6e426c6f636b3a203c253d6d6f6e69746f72696e675f626c6f636b253e6e6e41666665637465642075736572733a6e6e3c253d6d6f6e69746f72696e675f7573657273253e6e3c253d2063616c6c5f6c69737420253e, 1, 'html', 3, 0),
(168, 'payment_notification_integrations', 'Payment notification', '2012-10-08 14:41:07', 0x4d4f52206861732072656365697665642061207061796d656e74206e6f74696669636174696f6e20776869636820726571756972657320796f757220636f6e6669726d6174696f6e20696e206f7264657220746f20636f6d706c65746520746865207472616e73616374696f6e2e3c62722f3e3c62722f3e0a0a5061796d656e742064657461696c733a3c62722f3e3c62722f3e0a0a547970653a203c253d207061796d656e745f7479706520253e3c62722f3e0a416d6f756e743a203c253d207061796d656e745f616d6f756e7420253e3c62722f3e0a4665653a203c253d207061796d656e745f66656520253e3c62722f3e0a50617965723a203c253d207061796d656e745f70617965725f66697273745f6e616d6520253e203c253d207061796d656e745f70617965725f6c6173745f6e616d6520253e203c253d207061796d656e745f70617965725f656d61696c20253e3c62722f3e0a4d6f6e65792073686f756c642062652073656e7420746f2028796f757220656d61696c20696e204d4f52293a203c253d207061796d656e745f73656c6c65725f656d61696c20253e3c62722f3e0a4d6f6e6579207761732073656e7420746f20286163636f7264696e6720746f2067617465776179293a203c253d207061796d656e745f72656365697665725f656d61696c20253e3c62722f3e0a446174653a203c253d207061796d656e745f6461746520253e3c62722f3e3c62722f3e0a0a3c253d206c6f67696e5f75726c20253e2f7061796d656e74732f6c697374, 1, 'html', 3, 0),
(169, 'payment_notification_regular', 'Payment notification', '2012-10-08 14:41:07', 0x4d4f52206861732072656365697665642061207061796d656e74206e6f74696669636174696f6e20776869636820726571756972657320796f757220636f6e6669726d6174696f6e20696e206f7264657220746f20636f6d706c65746520746865207472616e73616374696f6e2e3c62722f3e3c62722f3e0a0a5061796d656e742064657461696c733a3c62722f3e3c62722f3e0a0a547970653a203c253d207061796d656e745f7479706520253e3c62722f3e0a416d6f756e743a203c253d207061796d656e745f616d6f756e7420253e3c62722f3e0a4665653a203c253d207061796d656e745f66656520253e3c62722f3e0a50617965723a203c253d207061796d656e745f70617965725f66697273745f6e616d6520253e203c253d207061796d656e745f70617965725f6c6173745f6e616d6520253e0a3c62722f3e446174653a203c253d207061796d656e745f6461746520253e3c62722f3e3c62722f3e0a0a3c253d206c6f67696e5f75726c20253e2f7061796d656e74732f6c697374, 1, 'html', 3, 0),
(170, 'password_reminder', 'password_reminder', '2012-10-08 14:41:07', 0x53657474696e677320746f206c6f67696e20746f204d4f5220696e746572666163653a20204c6f67696e2055524c3a203c253d206c6f67696e5f75726c20253e20557365726e616d653a203c253d206c6f67696e5f757365726e616d6520253e2050617373776f72643a203c253d206c6f67696e5f70617373776f726420253e, 1, 'html', 3, 0),
(171, 'callerid_blocked', 'Callerid blocked', '2012-10-08 14:41:07', 0x4174203c253d206461746520253e20557365722077697468204944203d203c253d20757365725f696420253e2c207769746820446576696365204944203d203c253d206465766963655f696420253e20616e642043616c6c65724944203d203c253d2063616c6c65725f696420253e2077617320626c6f636b656420626563617573652069742073656e74207365766572616c2073696d756c74616e656f75732063616c6c7320696e2073616d652074696d652e, 1, 'html', 3, 0);


INSERT INTO `addresses` (`id`, `direction_id`, `state`, `county`, `city`, `postcode`, `address`, `phone`, `mob_phone`, `fax`, `email`) VALUES
(5, 1, '', '', '', '', '', '', '', '', '');

INSERT INTO `aratedetails` (`id`, `from`, `duration`, `artype`, `round`, `price`, `rate_id`, `start_time`, `end_time`, `daytype`) VALUES
(237, 1, -1, 'minute', 1, 30.000000000000000, 503, '00:00:00', '23:59:59', ''),
(238, 1, -1, 'minute', 1, 30.000000000000000, 504, '00:00:00', '23:59:59', ''),
(239, 1, -1, 'minute', 1, 30.000000000000000, 505, '00:00:00', '23:59:59', ''),
(240, 1, -1, 'minute', 1, 8.000000000000000, 507, '00:00:00', '23:59:59', ''),
(241, 1, -1, 'minute', 1, 8.000000000000000, 508, '00:00:00', '23:59:59', ''),
(242, 1, -1, 'minute', 1, 8.000000000000000, 509, '00:00:00', '23:59:59', ''),
(243, 1, -1, 'minute', 1, 3.000000000000000, 510, '00:00:00', '23:59:59', ''),
(244, 1, -1, 'minute', 1, 3.000000000000000, 511, '00:00:00', '23:59:59', ''),
(245, 1, -1, 'minute', 1, 3.000000000000000, 512, '00:00:00', '23:59:59', '');

INSERT INTO `conflines` (`id`, `name`, `value`, `owner_id`, `value2`) VALUES
(280, 'System_time_zone_offset', '3', 0, NULL),
(281, 'Global_Number_Decimal', '.', 0, NULL),
(282, 'Integrity_Check', '0', 0, NULL),
(284, 'Company', 'KolmiSoft', 3, NULL),
(285, 'Company_Email', 'kolmitest@gmail.com', 3, NULL),
(286, 'Version', 'MOR 12', 3, NULL),
(287, 'Copyright_Title', ' by <a href=''http://www.kolmisoft.com'' target="_blank">Kolmisoft </a> 2006-2012', 3, NULL),
(288, 'Admin_Browser_Title', 'MOR 12', 3, NULL),
(289, 'Logo_Picture', 'logo/mor_logo.png', 3, NULL),
(290, 'Show_Rates_Without_Tax', '0', 3, NULL),
(291, 'Paypal_Default_Currency', '', 3, NULL),
(292, 'WebMoney_Default_Currency', 'USD', 3, NULL),
(293, 'WebMoney_SIM_MODE', '0', 3, NULL),
(294, 'Paypal_Enabled', '0', 3, NULL),
(295, 'PayPal_Email', '', 3, NULL),
(296, 'Paypal_Default_Currency', 'USD', 3, NULL),
(297, 'PayPal_Default_Amount', '10', 3, NULL),
(298, 'PayPal_Min_Amount', '5', 3, NULL),
(299, 'PayPal_Test', '', 3, NULL),
(300, 'WebMoney_Enabled', '0', 3, NULL),
(301, 'WebMoney_Purse', '', 3, NULL),
(302, 'WebMoney_Default_Amount', '10', 3, NULL),
(303, 'WebMoney_Min_Amount', '5', 3, NULL),
(304, 'WebMoney_Test', '1', 3, NULL),
(305, 'Default_device_type', 'SIP', 3, NULL),
(306, 'Default_device_dtmfmode', 'rfc2833', 3, NULL),
(307, 'Default_device_works_not_logged', '1', 3, NULL),
(308, 'Default_device_location_id', '2', 3, NULL),
(309, 'Default_device_timeout', '60', 3, NULL),
(310, 'Default_device_record', '0', 3, NULL),
(311, 'Default_device_call_limit', '0', 3, NULL),
(312, 'Default_device_nat', 'yes', 3, NULL),
(313, 'Default_device_voicemail_active', '', 3, NULL),
(314, 'Default_device_trustrpid', 'no', 3, NULL),
(315, 'Default_device_sendrpid', 'no', 3, NULL),
(316, 'Default_device_t38pt_udptl', 'no', 3, NULL),
(317, 'Default_device_promiscredir', 'no', 3, NULL),
(318, 'Default_device_progressinband', 'no', 3, NULL),
(319, 'Default_device_videosupport', 'no', 3, NULL),
(320, 'Default_device_allow_duplicate_calls', '0', 3, NULL),
(321, 'Default_device_tell_balance', '0', 3, NULL),
(322, 'Default_device_tell_time', '0', 3, NULL),
(323, 'Default_device_tell_rtime_when_left', '60', 3, NULL),
(324, 'Default_device_repeat_rtime_every', '60', 3, NULL),
(325, 'Default_device_permits', '0.0.0.0/0.0.0.0', 3, NULL),
(326, 'Default_device_qualify', '1000', 3, NULL),
(327, 'Default_device_host', 'dynamic', 3, NULL),
(328, 'Default_device_ipaddr', '', 3, NULL),
(329, 'Default_device_port', '', 3, NULL),
(330, 'Default_device_regseconds', 'no', 3, NULL),
(331, 'Default_device_canreinvite', 'no', 3, NULL),
(332, 'Default_device_canreinvite', 'no', 3, NULL),
(333, 'Default_device_istrunk', '0', 3, NULL),
(334, 'Default_device_ani', '0', 3, NULL),
(335, 'Default_device_callgroup', '', 3, NULL),
(336, 'Default_device_pickupgroup', '', 3, NULL),
(337, 'Default_device_fromuser', '', 3, NULL),
(338, 'Default_device_fromuser', '', 3, NULL),
(339, 'Default_device_insecure', '', 3, NULL),
(340, 'Default_device_process_sipchaninfo', '0', 3, NULL),
(341, 'Default_device_voicemail_box_email', '', 3, NULL),
(342, 'Default_device_voicemail_box_password', '', 3, NULL),
(343, 'Default_device_fake_ring', '', 3, NULL),
(344, 'Default_device_save_call_log', '', 3, NULL),
(345, 'Default_device_use_ani_for_cli', '', 3, NULL),
(346, 'Default_setting_device_caller_id_number', '', 3, NULL),
(347, 'Default_device_codec_alaw', '1', 3, NULL),
(348, 'Default_device_codec_ulaw', '0', 3, NULL),
(349, 'Default_device_codec_g723', '0', 3, NULL),
(350, 'Default_device_codec_g726', '0', 3, NULL),
(351, 'Default_device_codec_g729', '1', 3, NULL),
(352, 'Default_device_codec_gsm', '0', 3, NULL),
(353, 'Default_device_codec_ilbc', '0', 3, NULL),
(354, 'Default_device_codec_lpc10', '0', 3, NULL),
(355, 'Default_device_codec_speex', '0', 3, NULL),
(356, 'Default_device_codec_adpcm', '0', 3, NULL),
(357, 'Default_device_codec_slin', '0', 3, NULL),
(358, 'Default_device_codec_h261', '0', 3, NULL),
(359, 'Default_device_codec_h263', '0', 3, NULL),
(360, 'Default_device_codec_h263p', '0', 3, NULL),
(361, 'Default_device_codec_jpeg', '0', 3, NULL),
(362, 'Default_device_codec_png', '0', 3, NULL),
(363, 'Default_device_codec_h264', '0', 3, NULL),
(364, 'Default_device_cid_name', '', 3, NULL),
(365, 'Default_device_cid_number', '', 3, NULL),
(366, 'CSV_Separator', ',', 3, NULL),
(367, 'CSV_Decimal', '.', 3, NULL),
(368, 'Email_Batch_Size', '50', 3, NULL),
(369, 'Email_from', '', 3, NULL),
(370, 'Email_Smtp_Server', 'smtp.gmail.com', 3, NULL),
(371, 'Email_Domain', 'localhost.localdomain', 3, NULL),
(372, 'Email_Login', 'kolmitest998', 3, 0x31),
(373, 'Email_Password', 'kolmisoft9', 3, 0x31),
(374, 'Email_port', '25', 3, NULL),
(375, 'Default_device_qualify_time', '2000', 3, NULL),
(376, 'Default_device_voicemail_box', '1', 3, NULL),
(377, 'Default_device_fromdomain', '', 3, NULL),
(378, 'Default_device_server_id', '1', 0, NULL);

INSERT INTO `devicegroups` (`id`, `user_id`, `address_id`, `name`, `added`, `primary`) VALUES
(4, 6, 5, 'primary', '2012-10-08 12:43:16', 1);

INSERT INTO `devicecodecs` (`id`, `device_id`, `codec_id`, `priority`) VALUES
(5, 8, 1, 0),
(6, 8, 5, 0),
(9, 9, 1, 0),
(10, 9, 5, 0);

INSERT INTO `locationrules` (`id`, `location_id`, `name`, `enabled`, `cut`, `add`, `minlen`, `maxlen`, `lr_type`, `lcr_id`, `tariff_id`, `did_id`, `device_id`) VALUES
(2, 2, 'Int. prefix', 1, '00', '', 10, 20, 'dst', NULL, NULL, NULL, NULL),
(3, 3, 'Rul1', 1, '8', '370', 1, 100, 'dst', NULL, 7, NULL, NULL);

INSERT INTO `taxes` (`id`, `tax1_enabled`, `tax2_enabled`, `tax3_enabled`, `tax4_enabled`, `tax1_name`, `tax2_name`, `tax3_name`, `tax4_name`, `total_tax_name`, `tax1_value`, `tax2_value`, `tax3_value`, `tax4_value`, `compound_tax`) VALUES
(1, 0, 0, 0, 0, 'Tax', '', '', '', 'Tax', 0.000000000000000, 0.000000000000000, 0.000000000000000, 0.000000000000000, 1),
(2, 0, 0, 0, 0, 'TAX', '', '', '', 'TAX', 0.000000000000000, 0.000000000000000, 0.000000000000000, 0.000000000000000, 1);

DELETE FROM `users`;
INSERT INTO `users` (`id`, `username`, `password`,`usertype`, `logged`, `first_name`, `last_name`, `calltime_normative`, `show_in_realtime_stats`, `balance`, `frozen_balance`, `lcr_id`, `postpaid`, `blocked`, `tariff_id`, `month_plan_perc`, `month_plan_updated`, `sales_this_month`, `sales_this_month_planned`, `show_billing_info`, `primary_device_id`, `credit`, `clientid`, `agreement_number`, `agreement_date`, `language`, `taxation_country`, `vat_number`, `vat_percent`, `address_id`, `accounting_number`, `owner_id`, `hidden`, `allow_loss_calls`, `vouchers_disabled_till`, `uniquehash`, `c2c_service_active`, `temporary_id`, `send_invoice_types`, `call_limit`, `c2c_call_price`, `sms_tariff_id`, `sms_lcr_id`, `sms_service_active`, `cyberplat_active`, `call_center_agent`, `generate_invoice`, `tax_1`, `tax_2`, `tax_3`, `tax_4`, `block_at`, `block_at_conditional`, `block_conditional_use`, `recording_enabled`, `recording_forced_enabled`, `recordings_email`, `recording_hdd_quota`, `warning_email_active`, `warning_email_balance`, `warning_email_sent`, `tax_id`, `invoice_zero_calls`, `acc_group_id`, `hide_destination_end`, `warning_email_hour`, `warning_balance_call`, `warning_balance_sound_file_id`, `own_providers`, `ignore_global_monitorings`, `currency_id`, `quickforwards_rule_id`, `spy_device_id`, `time_zone`, `minimal_charge`, `minimal_charge_start_at`, `webphone_allow_use`, `webphone_device_id`, `responsible_accountant_id`) VALUES
(0, 'admin', '6c7ca345f63f835cb353ff15bd6c5e052ec08e7a', 'admin', 0, 'System', 'Admin', 3.000000000000000, 0, 0.000000000000000, 0.000000000000000, 1, 1, 0, 2, 0.000000000000000, '2000-01-01 00:00:00', 0, 0, 1, 0, -1.000000000000000, '', '', '2007-03-26', '', 1, '', 18.000000000000000, 1, '', 0, 0, 0, '2000-01-01 00:00:00', 'hfttv7bcqt', 0, NULL, 1, 0, 0.000000000000000, NULL, NULL, 0, 0, 0, 1, 0.000000000000000, 0.000000000000000, 0.000000000000000, 0.000000000000000, '2008-01-01', 15, 0, 0, 0, NULL, 100, 0, 0.000000000000000, 0, 1, 1, 0, -1, -1, 0, 0, 0, 0, 1, 0, 0, 0.000000000000000, 0, NULL, 0, 0, -1),
(2, '101', 'dd2dfa50dc8feca1e5303a87b2c6a42db3ebe102', 'user', 0, 'Test User', '#1', 3.000000000000000, 1, 0.000000000000000, 0.000000000000000, 1, 1, 0, 2, 0.000000000000000, '2000-01-01 00:00:00', 0, 0, 1, 0, -1.000000000000000, NULL, NULL, NULL, NULL, NULL, NULL, 18.000000000000000, NULL, NULL, 0, 0, 0, '2000-01-01 00:00:00', NULL, 0, NULL, 1, 0, 0.000000000000000, NULL, NULL, 0, 0, 0, 1, 0.000000000000000, 0.000000000000000, 0.000000000000000, 0.000000000000000, '2008-01-01', 15, 0, 0, 0, NULL, 100, 0, 0.000000000000000, 0, 0, 1, 0, -1, -1, 0, 0, 0, 0, 1, 0, 0, 0.000000000000000, 0, NULL, 0, 0, -1),
(3, 'reseller', '91dec0f4d00fadb39bf733c5418e9af2151624c6', 'reseller', 1, 'Test', 'Reseller', 3.000000000000000, 0, 0.000000000000000, 0.000000000000000, 1, 1, 0, 4, 0.000000000000000, NULL, 0, 0, 1, 6, -1.000000000000000, '', '0000000001', '2009-03-31', '', 123, '', 19.000000000000000, 2, '', 0, 0, 0, '2000-01-01 00:00:00', 'qg2audn8qa', 0, NULL, 0, 0, 0.000000000000000, NULL, NULL, 0, 0, 0, 1, 0.000000000000000, 0.000000000000000, 0.000000000000000, 0.000000000000000, '2012-01-01', 15, 0, 0, 0, '', 104, 0, 0.000000000000000, 0, 1, 1, 0, -1, -1, 0, 0, 1, 0, 1, 0, 0, 0.000000000000000, 0, NULL, 0, 0, -1),
(4, 'accountant', 'ed05464507ccc00676ed0b32267ad4ece385c119', 'accountant', 0, 'Test', 'Accountant', 3.000000000000000, 0, 0.000000000000000, 0.000000000000000, 1, 1, 0, 2, 0.000000000000000, NULL, 0, 0, 1, 0, -1.000000000000000, '', '0000000002', '2009-03-31', '', 123, '', 0.000000000000000, 3, '', 0, 0, 0, '2000-01-01 00:00:00', NULL, 0, NULL, 1, 0, 0.000000000000000, NULL, NULL, 0, 0, 0, 1, 0.000000000000000, 0.000000000000000, 0.000000000000000, 0.000000000000000, '2008-01-01', 15, 0, 0, 0, NULL, 100, 0, 0.000000000000000, 0, 2, 1, 0, -1, -1, 0, 0, 0, 0, 1, 0, 0, 0.000000000000000, 0, NULL, 0, 0, -1),
(5, 'user_reseller', '6a9f8db8df3143d212fe44572d51576c66b0dca7', 'user', 0, 'User', 'Resellers', 3.000000000000000, 0, 0.000000000000000, 0.000000000000000, 1, 1, 0, 3, 0.000000000000000, NULL, 0, 0, 1, 0, -1.000000000000000, '', '0000000003', '2009-03-31', '', 1, '', 19.000000000000000, 4, '', 3, 0, 0, '2000-01-01 00:00:00', NULL, 0, NULL, 0, 0, 0.000000000000000, NULL, NULL, 0, 0, 0, 1, 0.000000000000000, 0.000000000000000, 0.000000000000000, 0.000000000000000, '2009-01-01', 15, 0, 0, 0, NULL, 100, 0, 0.000000000000000, 0, 3, 1, 0, -1, -1, 0, 0, 0, 0, 1, 0, 0, 0.000000000000000, 0, NULL, 0, 0, -1),
(6, '102', '00e263ff6806064c016a643c6587b0d607a6a42d', 'user', 0, '', '', 3.000000000000000, 0, 0.000000000000000, 0.000000000000000, 2, 1, 0, 6, 0.000000000000000, NULL, 0, 0, 1, 9, -1.000000000000000, '', '0000000004', '2012-10-08', '', 123, '', 0.000000000000000, 5, '', 3, 0, 0, '2000-01-01 00:00:00', 'w5x9kvhvpa', 0, NULL, 0, 0, 0.000000000000000, NULL, NULL, 0, 0, 0, 1, 0.000000000000000, 0.000000000000000, 0.000000000000000, 0.000000000000000, '2008-01-01', 15, 0, 0, 0, NULL, 0, 0, 0.000000000000000, 0, 2, 1, 0, -1, -1, 0, 0, 0, 0, 1, 0, 0, 0.000000000000000, 0, NULL, 0, 0, -1);

INSERT INTO `user_translations` (`id`, `user_id`, `translation_id`, `position`, `active`) VALUES
(34, 3, 1, 1, 0),
(35, 3, 2, 2, 0),
(36, 3, 3, 3, 0),
(37, 3, 4, 4, 0),
(38, 3, 5, 5, 0),
(39, 3, 6, 6, 0),
(40, 3, 7, 7, 0),
(41, 3, 8, 8, 0),
(42, 3, 9, 9, 0),
(43, 3, 10, 10, 0),
(44, 3, 11, 11, 0),
(45, 3, 12, 12, 0),
(46, 3, 13, 13, 0),
(47, 3, 14, 14, 0),
(48, 3, 15, 15, 0),
(49, 3, 16, 16, 0),
(50, 3, 17, 17, 0),
(51, 3, 18, 18, 0),
(52, 3, 19, 19, 0),
(53, 3, 20, 100, 0),
(54, 3, 21, 101, 0),
(55, 3, 22, 102, 0),
(56, 3, 23, 103, 0),
(57, 3, 24, 104, 0),
(58, 3, 25, 105, 0),
(59, 3, 26, 106, 0),
(60, 3, 27, 107, 0),
(61, 3, 28, 108, 0),
(62, 3, 29, 109, 0),
(63, 3, 30, 108, 0),
(64, 3, 31, 100, 0),
(65, 3, 32, 32, 0),
(66, 3, 33, 110, 0);

INSERT INTO `lcrs` (`id`, `name`, `order`, `user_id`, `first_provider_percent_limit`, `failover_provider_id`, `no_failover`) VALUES
(2, 'lcras', 'price', 3, 0.000000000000000, NULL, 0);

INSERT INTO `locations` (`id`, `name`, `user_id`) VALUES
(2, 'Default location', 3),
(3, 'Loc1', 3);

UPDATE `ratedetails` SET rate=2.000000000000000 WHERE id=140;
INSERT INTO `ratedetails` (`id`, `start_time`, `end_time`, `rate`, `connection_fee`, `rate_id`, `increment_s`, `min_time`, `daytype`) VALUES
(503, '00:00:00', '23:59:59', 2.000000000000000, 0.000000000000000, 506, 1, 0, '');

INSERT INTO `tariffs` (`id`, `name`, `purpose`, `owner_id`, `currency`) VALUES
(6, 'tar1', 'user', 3, 'USD'),
(7, 'tar3', 'user', 3, 'USD'),
(8, 'tarprov', 'provider', 3, 'USD');

INSERT INTO `rates` (`id`, `tariff_id`, `destination_id`, `destinationgroup_id`, `ghost_min_perc`) VALUES
(503, 4, 0, 249, 0.000000000000000),
(504, 4, 0, 250, 0.000000000000000),
(505, 4, 0, 251, 0.000000000000000),
(506, 8, 12502, NULL, NULL),
(507, 6, 0, 249, 0.000000000000000),
(508, 6, 0, 250, 0.000000000000000),
(509, 6, 0, 251, 0.000000000000000),
(510, 7, 0, 249, 0.000000000000000),
(511, 7, 0, 250, 0.000000000000000),
(512, 7, 0, 251, 0.000000000000000);

DELETE FROM `devices`;
INSERT INTO `devices` (`id`, `name`, `host`, `secret`, `context`, `ipaddr`, `port`, `regseconds`, `accountcode`, `callerid`, `extension`, `voicemail_active`, `username`, `device_type`, `user_id`, `primary_did_id`, `works_not_logged`, `forward_to`, `record`, `transfer`, `disallow`, `allow`, `deny`, `permit`, `nat`, `qualify`, `fullcontact`, `canreinvite`, `devicegroup_id`, `dtmfmode`, `callgroup`, `pickupgroup`, `fromuser`, `fromdomain`, `trustrpid`, `sendrpid`, `insecure`, `progressinband`, `videosupport`, `location_id`, `description`, `istrunk`, `cid_from_dids`, `pin`, `tell_balance`, `tell_time`, `tell_rtime_when_left`, `repeat_rtime_every`, `t38pt_udptl`, `regserver`, `ani`, `promiscredir`, `timeout`, `process_sipchaninfo`, `temporary_id`, `allow_duplicate_calls`, `call_limit`, `lastms`, `faststart`, `h245tunneling`, `latency`, `grace_time`, `recording_to_email`, `recording_keep`, `recording_email`, `record_forced`, `fake_ring`, `save_call_log`, `mailbox`, `server_id`, `enable_mwi`, `authuser`, `requirecalltoken`, `language`, `use_ani_for_cli`, `calleridpres`, `change_failed_code_to`, `reg_status`, `max_timeout`, `forward_did_id`, `anti_resale_auto_answer`, `qf_tell_balance`, `qf_tell_time`, `time_limit_per_day`, `control_callerid_by_cids`, `callerid_advanced_control`, `transport`, `subscribemwi`, `encryption`, `block_callerid`) VALUES
(1, 'prov1', '22.33.44.55', 'test', 'mor', '22.33.44.55', 4569, 0, 1, '', 'prov_test', 0, 'test', 'IAX2', -1, 0, 1, 0, 0, 'no', 'all', 'alaw;ulaw;g729;gsm', '0.0.0.0/0.0.0.0', '0.0.0.0/0.0.0.0', 'no', 'no', '', 'no', NULL, 'rfc2833', NULL, NULL, NULL, NULL, 'no', 'no', 'no', 'never', 'no', 1, '', 0, 0, NULL, 0, 0, 60, 60, 'no', NULL, 0, 'no', 60, 0, NULL, 0, 0, 0, 'yes', 'yes', 0.000000000000000, 0, 0, 0, NULL, 0, 0, 0, '', 1, 0, '', 'no', NULL, 0, NULL, 0, NULL, 0, 0, 0, 0, 0, 0, NULL, 0, 'udp', NULL, 'no', 0),
(2, '101', 'dynamic', '101', 'mor_local', '0.0.0.0', 0, 1175892667, 2, '"101" <101>', '101', 0, '101', 'IAX2', 2, 0, 1, 0, 0, 'no', 'all', 'all', '0.0.0.0/0.0.0.0', '0.0.0.0/0.0.0.0', 'yes', 'yes', '', 'no', NULL, 'rfc2833', NULL, NULL, NULL, NULL, 'no', 'no', 'no', 'never', 'no', 1, 'Test Device #1', 0, 0, NULL, 0, 0, 60, 60, 'no', NULL, 0, 'no', 60, 0, NULL, 0, 0, 0, 'yes', 'yes', 0.000000000000000, 0, 0, 0, NULL, 0, 0, 0, '', 1, 0, '', 'no', NULL, 0, NULL, 0, NULL, 0, 0, 0, 0, 0, 0, NULL, 0, 'udp', NULL, 'no', 0),
(3, '102', 'dynamic', '102', 'mor_local', '0.0.0.0', 0, 1175892667, 3, '"102" <102>', '102', 0, '102', 'FAX', 2, 0, 1, 0, 0, 'no', 'all', 'all', '0.0.0.0/0.0.0.0', '0.0.0.0/0.0.0.0', 'yes', 'yes', '', 'no', NULL, 'rfc2833', NULL, NULL, NULL, NULL, 'no', 'no', 'no', 'never', 'no', 1, 'Test FAX device', 0, 0, NULL, 0, 0, 60, 60, 'no', NULL, 0, 'no', 60, 0, NULL, 0, 0, 0, 'yes', 'yes', 0.000000000000000, 0, 0, 0, NULL, 0, 0, 0, '', 1, 0, '', 'no', NULL, 0, NULL, 0, NULL, 0, 0, 0, 0, 0, 0, NULL, 0, 'udp', NULL, 'no', 0),
(4, '1002', 'dynamic', 'vejs9cut', 'mor_local', '', 0, 0, 4, NULL, '1002', 0, '1002', 'IAX2', 2, 0, 1, 0, 0, 'no', 'all', 'alaw;g729', '0.0.0.0/0.0.0.0', '0.0.0.0/0.0.0.0', 'yes', '1000', NULL, 'no', NULL, 'rfc2833', 0, 0, '', '', 'no', 'no', '', 'no', 'no', 1, '', 0, 0, '211194', 0, 0, 60, 60, 'no', NULL, 0, 'no', 60, 0, NULL, 0, 0, 0, 'yes', 'yes', 0.000000000000000, 0, 0, 0, NULL, 0, 0, 0, '', 1, 0, '', 'no', NULL, 0, NULL, 0, NULL, 0, 0, 0, 0, 0, 0, NULL, 0, 'udp', NULL, 'no', 0),
(5, '103', 'dynamic', '103', 'mor_local', '0.0.0.0', 0, 1175892667, 2, '"103" <103>', '103', 0, '103', 'IAX2', 0, 0, 1, 0, 0, 'no', 'all', 'all', '0.0.0.0/0.0.0.0', '0.0.0.0/0.0.0.0', 'yes', 'yes', '', 'no', NULL, 'rfc2833', NULL, NULL, NULL, NULL, 'no', 'no', 'no', 'never', 'no', 1, 'Test Device for Admin', 0, 0, NULL, 0, 0, 60, 60, 'no', NULL, 0, 'no', 60, 0, NULL, 0, 0, 0, 'yes', 'yes', 0.000000000000000, 0, 0, 0, NULL, 0, 0, 0, '', 1, 0, '', 'no', NULL, 0, NULL, 0, NULL, 0, 0, 0, 0, 0, 0, NULL, 0, 'udp', NULL, 'no', 0),
(6, '104', 'dynamic', '104', 'mor_local', '0.0.0.0', 0, 1175892667, 2, '"104" <104>', '104', 0, '104', 'IAX2', 3, 0, 1, 0, 0, 'no', 'all', 'all', '0.0.0.0/0.0.0.0', '0.0.0.0/0.0.0.0', 'yes', 'yes', '', 'no', NULL, 'rfc2833', NULL, NULL, NULL, NULL, 'no', 'no', 'no', 'never', 'no', 1, 'Test Device for Reseller', 0, 0, NULL, 0, 0, 60, 60, 'no', NULL, 0, 'no', 60, 0, NULL, 0, 0, 0, 'yes', 'yes', 0.000000000000000, 0, 0, 0, NULL, 0, 0, 0, '', 1, 0, '', 'no', NULL, 0, NULL, 0, NULL, 0, 0, 0, 0, 0, 0, NULL, 0, 'udp', NULL, 'no', 0),
(7, '105', 'dynamic', '105', 'mor_local', '0.0.0.0', 0, 1175892667, 2, '"105" <105>', '105', 0, '105', 'IAX2', 5, 0, 1, 0, 0, 'no', 'all', 'all', '0.0.0.0/0.0.0.0', '0.0.0.0/0.0.0.0', 'yes', 'yes', '', 'no', NULL, 'rfc2833', NULL, NULL, NULL, NULL, 'no', 'no', 'no', 'never', 'no', 2, 'Test Device for Resellers User', 0, 0, NULL, 0, 0, 60, 60, 'no', NULL, 0, 'no', 60, 0, NULL, 0, 0, 0, 'yes', 'yes', 0.000000000000000, 0, 0, 0, NULL, 0, 0, 0, '', 1, 0, '', 'no', NULL, 0, NULL, 0, NULL, 0, 0, 0, 0, 0, 0, NULL, 0, 'udp', NULL, 'no', 0),
(8, 'prov_2', '0.0.0.0', 'please_change', 'mor', '0.0.0.0', 5060, 0, 8, '', 'gtu2m98191', 0, 'prov_2', 'SIP', -1, 0, 1, 0, 0, 'no', 'all', 'alaw;g729', '0.0.0.0/0.0.0.0', '0.0.0.0/0.0.0.0', 'no', 'yes', NULL, 'no', NULL, 'rfc2833', NULL, NULL, NULL, NULL, 'yes', 'no', 'port,invite', 'never', 'no', 2, NULL, 1, 0, NULL, 0, 0, 60, 60, 'no', NULL, 0, 'no', 60, 0, NULL, 0, 0, 0, 'yes', 'yes', 0.000000000000000, 0, 0, 0, NULL, 0, 0, 0, '', 1, 0, '', 'no', 'en', 0, NULL, 0, NULL, 0, 0, 0, 0, 0, 0, NULL, 0, 'udp', NULL, 'no', 0),
(9, '1001', 'dynamic', 'vm4n1szrpbu8', 'mor_local', '0.0.0.0', 5060, 0, 9, NULL, '1001', 0, '1001', 'SIP', 6, 0, 1, 0, 0, 'no', 'all', 'alaw;g729', '0.0.0.0/0.0.0.0', '0.0.0.0/0.0.0.0', 'yes', '1000', NULL, 'no', 4, 'rfc2833', NULL, NULL, NULL, NULL, 'no', 'no', NULL, 'no', 'no', 3, 'Dev1', 0, 0, '667395', 0, 0, 60, 60, 'no', NULL, 0, 'no', 60, 0, NULL, 0, 0, 0, 'yes', 'yes', 0.000000000000000, NULL, 0, 0, '', 0, 0, 0, '', 1, 0, '', 'no', 'en', 0, '', 0, NULL, 0, -1, 0, 0, 0, 0, 0, 0, 'udp', NULL, 'no', 0);


INSERT INTO `extlines` (`id`, `context`, `exten`, `priority`, `app`, `appdata`, `device_id`) VALUES
(109, 'mor_local', '1001', 1, 'NoOp', '${MOR_MAKE_BUSY}', 9),
(110, 'mor_local', '1001', 2, 'GotoIf', '$["${MOR_MAKE_BUSY}" = "1"]?201', 9),
(111, 'mor_local', '1001', 3, 'GotoIf', '$[${LEN(${CALLED_TO})} > 0]?4:6', 9),
(112, 'mor_local', '1001', 4, 'NoOp', 'CALLERID(NAME)=TRANSFER FROM ${CALLED_TO}', 9),
(113, 'mor_local', '1001', 5, 'Goto', '1001,7', 9),
(114, 'mor_local', '1001', 6, 'Set', 'CALLED_TO=${EXTEN}', 9),
(115, 'mor_local', '1001', 7, 'NoOp', 'MOR starts', 9),
(116, 'mor_local', '1001', 8, 'GotoIf', '$[${LEN(${CALLERID(NAME)})} > 0]?11:9', 9),
(117, 'mor_local', '1001', 9, 'GotoIf', '$[${LEN(${mor_cid_name})} > 0]?10:11', 9),
(118, 'mor_local', '1001', 10, 'Set', 'CALLERID(NAME)=${mor_cid_name}', 9),
(119, 'mor_local', '1001', 11, 'Dial', 'SIP/1001,60', 9),
(120, 'mor_local', '1001', 12, 'GotoIf', '$[$["${DIALSTATUS}" = "CHANUNAVAIL"]|$["${DIALSTATUS}" = "CONGESTION"]]?301', 9),
(121, 'mor_local', '1001', 13, 'GotoIf', '$["${DIALSTATUS}" = "BUSY"]?201', 9),
(122, 'mor_local', '1001', 14, 'GotoIf', '$["${DIALSTATUS}" = "NOANSWER"]?401', 9),
(123, 'mor_local', '1001', 15, 'Hangup', '', 9),
(124, 'mor_local', '1001', 401, 'NoOp', 'NO ANSWER', 9),
(125, 'mor_local', '1001', 402, 'Hangup', '', 9),
(126, 'mor_local', '1001', 201, 'NoOp', 'BUSY', 9),
(127, 'mor_local', '1001', 202, 'GotoIf', '${LEN(${MOR_CALL_FROM_DID}) = 1}?203:mor,BUSY,1', 9),
(128, 'mor_local', '1001', 203, 'Busy', '10', 9),
(129, 'mor_local', '1001', 301, 'NoOp', 'FAILED', 9),
(130, 'mor_local', '1001', 302, 'GotoIf', '${LEN(${MOR_CALL_FROM_DID}) = 1}?303:mor,FAILED,1', 9),
(131, 'mor_local', '1001', 303, 'Congestion', '4', 9);

INSERT INTO `providers` (`id`, `name`, `tech`, `channel`, `login`, `password`, `server_ip`, `port`, `priority`, `quality`, `tariff_id`, `cut_a`, `cut_b`, `add_a`, `add_b`, `device_id`, `ani`, `timeout`, `call_limit`, `interpret_noanswer_as_failed`, `interpret_busy_as_failed`, `register`, `reg_extension`, `terminator_id`, `reg_line`, `hidden`, `use_p_asserted_identity`, `user_id`, `common_use`, `balance`) VALUES
(2, 'provas', 'SIP', '', 'provas', 'please_change', '0.0.0.0', '5060', 1, 1, 8, 0, 0, '', '', 8, 0, 60, 0, 0, 0, 0, NULL, 0, NULL, 0, 0, 3, 0, 0.000000000000000);

INSERT INTO `serverproviders` (`id`, `server_id`, `provider_id`) VALUES
(1, 1, 2);

INSERT INTO `lcrproviders` (`id`, `lcr_id`, `provider_id`, `active`, `priority`, `percent`) VALUES
(2, 2, 2, 1, 1, 0);

INSERT INTO `voicemail_boxes` (`uniqueid`, `context`, `mailbox`, `password`, `fullname`, `email`, `pager`, `tz`, `attach`, `saycid`, `dialout`, `callback`, `review`, `operator`, `envelope`, `sayduration`, `saydurationm`, `sendvoicemail`, `delete`, `nextaftercmd`, `forcename`, `forcegreetings`, `hidefromdir`, `stamp`, `device_id`) VALUES
(8, 'default', '1001', '', ' ', '', '', 'central', 'yes', 'yes', '', '', 'no', 'no', 'no', 'no', 1, 'no', 'no', 'yes', 'no', 'no', 'yes', '2012-10-08 12:43:20', 9);

