#acc_groups
INSERT INTO `acc_groups` (`id`, `name`, `only_view`, `group_type`, `description`) VALUES
(1, 'Accountant_permissions', 0, 'accountant', 0x416c6c5f64697361626c6564),
(2, 'Accountant_write_permissions', 0, 'accountant', 0x416c6c5f656e61626c6564),
(3, 'Reseller_permissions', 0, 'reseller', 0x416c6c5f64697361626c6564),
(4, 'Reseller_write_permissions', 0, 'reseller', 0x416c6c5f656e61626c6564);
#acc_group_rights
INSERT INTO `acc_group_rights` (`id`, `acc_group_id`, `acc_right_id`, `value`) VALUES
(1, 1, 1, 0),
(2, 1, 2, 0),
(3, 1, 3, 0),
(4, 1, 4, 0),
(5, 1, 5, 0),
(6, 1, 6, 0),
(7, 1, 7, 0),
(8, 1, 8, 0),
(9, 1, 9, 0),
(10, 1, 10, 0),
(11, 1, 11, 0),
(12, 1, 12, 0),
(13, 1, 13, 0),
(14, 1, 14, 0),
(15, 1, 15, 0),
(16, 1, 16, 0),
(17, 1, 17, 0),
(18, 1, 18, 0),
(19, 1, 19, 0),
(20, 1, 20, 0),
(21, 1, 21, 0),
(22, 1, 22, 0),
(23, 1, 23, 0),
(24, 1, 24, 0),
(25, 1, 25, 0),
(26, 1, 26, 0),
(27, 1, 27, 0),
(28, 1, 28, 0),
(29, 1, 29, 0),
(30, 1, 30, 0),
(31, 2, 1, 2),
(32, 2, 2, 2),
(33, 2, 3, 2),
(34, 2, 4, 2),
(35, 2, 5, 2),
(36, 2, 6, 2),
(37, 2, 7, 2),
(38, 2, 8, 2),
(39, 2, 9, 2),
(40, 2, 10, 2),
(41, 2, 11, 2),
(42, 2, 12, 2),
(43, 2, 13, 2),
(44, 2, 14, 2),
(45, 2, 15, 2),
(46, 2, 16, 2),
(47, 2, 17, 2),
(48, 2, 18, 2),
(49, 2, 19, 2),
(50, 2, 20, 2),
(51, 2, 21, 2),
(52, 2, 22, 2),
(53, 2, 23, 2),
(54, 2, 24, 2),
(55, 2, 25, 2),
(56, 2, 26, 2),
(57, 2, 27, 2),
(58, 2, 28, 2),
(59, 2, 29, 2),
(60, 2, 30, 2),
(61, 3, 31, 0),
(62, 3, 32, 0),
(63, 3, 33, 0),
(64, 3, 34, 0),
(65, 3, 35, 0),
(66, 4, 31, 2),
(67, 4, 32, 2),
(68, 4, 33, 2),
(69, 4, 34, 2),
(70, 4, 35, 2);
#tariffs and rates
delete from tariffs;
INSERT INTO `tariffs` (`id`, `name`, `purpose`, `owner_id`, `currency`) VALUES
(6, 'Wholesale_acc_tariff', 'user_wholesale', 0, 'USD'),
(7, 'Wholesale_user_tariff', 'user_wholesale', 0, 'USD'),
(8, 'Wholesale_res_tariff', 'user_wholesale', 0, 'USD'),
(9, 'Retail_acc_tariff', 'user', 0, 'USD'),
(10, 'Retail_user_tariff', 'user', 0, 'USD'),
(11, 'Retail_res_tariff', 'user', 0, 'USD'),
(12, 'Provider_admin_tariff', 'provider', 0, 'USD'),
(13, 'Provider_common_use_tariff', 'provider', 0, 'USD'),
(14, 'Retail_admin_tariff', 'user', 0, 'USD'),
(15, 'Wholesale_admin_tariff', 'user_wholesale', 0, 'USD'),
(16, 'Retail_rres_user_tariff', 'user', 12, 'USD'),
(17, 'Wholesale_rres_user_tariff', 'user_wholesale', 12, 'USD'),
(18, 'Retail_rrspro_user_tariff', 'user', 10, 'USD'),
(19, 'Wholesale_rrspro_user_tariff', 'user_wholesale', 10, 'USD'),
(20, 'Provider_rrspro_tariff', 'provider', 10, 'USD'),
(21, 'Retail_wres_user_tariff', 'user', 13, 'USD'),
(22, 'Wholesale_wres_user_tariff', 'user_wholesale', 13, 'USD'),
(23, 'Retail_wrspro_user_tariff', 'user', 11, 'USD'),
(24, 'Wholesale_wrspro_user_tariff', 'user_wholesale', 11, 'USD'),
(25, 'Provider_wrspro_tariff', 'provider', 11, 'USD');
delete from rates;
INSERT INTO `rates` (`id`, `tariff_id`, `destination_id`, `destinationgroup_id`) VALUES
(1, 1, 2, NULL),
(2, 1, 18, NULL),
(3, 1, 28, NULL),
(4, 1, 43, NULL),
(5, 1, 45, NULL),
(6, 1, 50, NULL),
(7, 1, 54, NULL),
(8, 1, 19794, NULL),
(9, 1, 72, NULL),
(10, 1, 102, NULL),
(11, 1, 118, NULL),
(12, 1, 130, NULL),
(13, 1, 146, NULL),
(14, 1, 147, NULL),
(15, 1, 279, NULL),
(16, 1, 332, NULL),
(17, 1, 340, NULL),
(18, 1, 398, NULL),
(19, 1, 405, NULL),
(20, 1, 421, NULL),
(21, 1, 449, NULL),
(22, 1, 467, NULL),
(23, 1, 477, NULL),
(24, 1, 491, NULL),
(25, 1, 551, NULL),
(26, 1, 563, NULL),
(27, 1, 572, NULL),
(28, 1, 626, NULL),
(29, 1, 643, NULL),
(30, 1, 647, NULL),
(31, 1, 1150, NULL),
(32, 1, 1169, NULL),
(33, 1, 1187, NULL),
(34, 1, 1192, NULL),
(35, 1, 1200, NULL),
(36, 1, 1215, NULL),
(37, 1, 1226, NULL),
(38, 1, 1251, NULL),
(39, 1, 1256, NULL),
(40, 1, 1314, NULL),
(41, 1, 1361, NULL),
(42, 1, 1370, NULL),
(43, 1, 1453, NULL),
(44, 1, 1474, NULL),
(45, 1, 1475, NULL),
(46, 1, 1476, NULL),
(47, 1, 1477, NULL),
(48, 1, 1478, NULL),
(49, 1, 1479, NULL),
(50, 1, 1480, NULL),
(51, 1, 1481, NULL),
(52, 1, 1482, NULL),
(53, 1, 1570, NULL),
(54, 1, 1605, NULL),
(55, 1, 1576, NULL),
(56, 1, 1615, NULL),
(57, 1, 1628, NULL),
(58, 1, 1656, NULL),
(59, 1, 1669, NULL),
(60, 1, 1673, NULL),
(61, 1, 1685, NULL),
(62, 1, 1722, NULL),
(63, 1, 1824, NULL),
(64, 1, 1850, NULL),
(65, 1, 1860, NULL),
(66, 1, 1879, NULL),
(67, 1, 2904, NULL),
(68, 1, 2917, NULL),
(69, 1, 3018, NULL),
(70, 1, 3029, NULL),
(71, 1, 3871, NULL),
(72, 1, 3872, NULL),
(73, 1, 3873, NULL),
(74, 1, 3874, NULL),
(75, 1, 3875, NULL),
(76, 1, 3879, NULL),
(77, 1, 3884, NULL),
(78, 1, 3903, NULL),
(79, 1, 3909, NULL),
(80, 1, 3912, NULL),
(81, 1, 3920, NULL),
(82, 1, 3939, NULL),
(83, 1, 3992, NULL),
(84, 1, 4126, NULL),
(85, 1, 4149, NULL),
(86, 1, 4159, NULL),
(87, 1, 4166, NULL),
(88, 1, 4172, NULL),
(89, 1, 4186, NULL),
(90, 1, 4242, NULL),
(91, 1, 4250, NULL),
(92, 1, 4258, NULL),
(93, 1, 4259, NULL),
(94, 1, 4260, NULL),
(95, 1, 4263, NULL),
(96, 1, 4279, NULL),
(97, 1, 4284, NULL),
(98, 1, 4316, NULL),
(99, 1, 4347, NULL),
(100, 1, 4348, NULL),
(101, 1, 4827, NULL),
(102, 1, 4851, NULL),
(103, 1, 4855, NULL),
(104, 1, 4933, NULL),
(105, 1, 4965, NULL),
(106, 1, 4982, NULL),
(107, 1, 4996, NULL),
(108, 1, 5020, NULL),
(109, 1, 5075, NULL),
(110, 1, 5115, NULL),
(111, 1, 19795, NULL),
(112, 1, 5233, NULL),
(113, 1, 5250, NULL),
(114, 1, 5260, NULL),
(115, 1, 5285, NULL),
(116, 1, 5286, NULL),
(117, 1, 5287, NULL),
(118, 1, 5298, NULL),
(119, 1, 1635, NULL),
(120, 1, 5351, NULL),
(121, 1, 5453, NULL),
(122, 1, 5466, NULL),
(123, 1, 5485, NULL),
(124, 1, 5486, NULL),
(125, 1, 5487, NULL),
(126, 1, 5488, NULL),
(127, 1, 5537, NULL),
(128, 1, 5549, NULL),
(129, 1, 5552, NULL),
(130, 1, 5553, NULL),
(131, 1, 5567, NULL),
(132, 1, 5575, NULL),
(133, 1, 5592, NULL),
(134, 1, 5595, NULL),
(135, 1, 5717, NULL),
(136, 1, 5722, NULL),
(137, 1, 5727, NULL),
(138, 1, 5749, NULL),
(139, 1, 5753, NULL),
(140, 1, 5780, NULL),
(141, 1, 5832, NULL),
(142, 1, 5860, NULL),
(143, 1, 5870, NULL),
(144, 1, 5878, NULL),
(145, 1, 5890, NULL),
(146, 1, 5895, NULL),
(147, 1, 5918, NULL),
(148, 1, 5931, NULL),
(149, 1, 5968, NULL),
(150, 1, 5982, NULL),
(151, 1, 5991, NULL),
(152, 1, 6022, NULL),
(153, 1, 6034, NULL),
(154, 1, 6077, NULL),
(155, 1, 6104, NULL),
(156, 1, 6305, NULL),
(157, 1, 6308, NULL),
(158, 1, 6329, NULL),
(159, 1, 6337, NULL),
(160, 1, 6360, NULL),
(161, 1, 6372, NULL),
(162, 1, 6434, NULL),
(163, 1, 6442, NULL),
(164, 1, 6445, NULL),
(165, 1, 6450, NULL),
(166, 1, 6454, NULL),
(167, 1, 6459, NULL),
(168, 1, 6462, NULL),
(169, 1, 6601, NULL),
(170, 1, 6625, NULL),
(171, 1, 6641, NULL),
(172, 1, 6695, NULL),
(173, 1, 6755, NULL),
(174, 1, 6773, NULL),
(175, 1, 6780, NULL),
(176, 1, 5980, NULL),
(177, 1, 6787, NULL),
(178, 1, 7053, NULL),
(179, 1, 7059, NULL),
(180, 1, 7086, NULL),
(181, 1, 7095, NULL),
(182, 1, 7112, NULL),
(183, 1, 7150, NULL),
(184, 1, 7159, NULL),
(185, 1, 7166, NULL),
(186, 1, 7279, NULL),
(187, 1, 7320, NULL),
(188, 1, 7409, NULL),
(189, 1, 7453, NULL),
(190, 1, 7454, NULL),
(191, 1, 7455, NULL),
(192, 1, 7470, NULL),
(193, 1, 7475, NULL),
(194, 1, 9599, NULL),
(195, 1, 7725, NULL),
(196, 1, 8118, NULL),
(197, 1, 8131, NULL),
(198, 1, 8152, NULL),
(199, 1, 8183, NULL),
(200, 1, 8186, NULL),
(201, 1, 7729, NULL),
(202, 1, 7737, NULL),
(203, 1, 7739, NULL),
(204, 1, 7741, NULL),
(205, 1, 7765, NULL),
(206, 1, 7815, NULL),
(207, 1, 7825, NULL),
(208, 1, 7861, NULL),
(209, 1, 7873, NULL),
(210, 1, 7876, NULL),
(211, 1, 7905, NULL),
(212, 1, 7931, NULL),
(213, 1, 7940, NULL),
(214, 1, 7999, NULL),
(215, 1, 8029, NULL),
(216, 1, 8109, NULL),
(217, 1, 8215, NULL),
(218, 1, 8220, NULL),
(219, 1, 8229, NULL),
(220, 1, 8237, NULL),
(221, 1, 8425, NULL),
(222, 1, 8476, NULL),
(223, 1, 8489, NULL),
(224, 1, 8496, NULL),
(225, 1, 8513, NULL),
(226, 1, 8528, NULL),
(227, 1, 8532, NULL),
(228, 1, 8544, NULL),
(229, 1, 8549, NULL),
(230, 1, 8591, NULL),
(231, 1, 8614, NULL),
(232, 1, 8636, NULL),
(233, 1, 8683, NULL),
(234, 1, 8686, NULL),
(235, 1, 8709, NULL),
(236, 1, 8714, NULL),
(237, 1, 9186, NULL),
(238, 1, 9224, NULL),
(239, 1, 8728, NULL),
(240, 1, 9241, NULL),
(241, 1, 9233, NULL),
(242, 1, 9525, NULL),
(243, 1, 9539, NULL),
(244, 1, 9547, NULL),
(245, 1, 9548, NULL),
(246, 1, 9560, NULL),
(247, 1, 1135, NULL),
(248, 1, 9574, NULL),
(249, 1, 9575, NULL),
(250, 1, 9583, NULL),
(251, 1, 9592, NULL),
(252, 2, 2, NULL),
(253, 2, 18, NULL),
(254, 2, 28, NULL),
(255, 2, 43, NULL),
(256, 2, 45, NULL),
(257, 2, 50, NULL),
(258, 2, 54, NULL),
(259, 2, 19794, NULL),
(260, 2, 72, NULL),
(261, 2, 102, NULL),
(262, 2, 118, NULL),
(263, 2, 130, NULL),
(264, 2, 146, NULL),
(265, 2, 147, NULL),
(266, 2, 279, NULL),
(267, 2, 332, NULL),
(268, 2, 340, NULL),
(269, 2, 398, NULL),
(270, 2, 405, NULL),
(271, 2, 421, NULL),
(272, 2, 449, NULL),
(273, 2, 467, NULL),
(274, 2, 477, NULL),
(275, 2, 491, NULL),
(276, 2, 551, NULL),
(277, 2, 563, NULL),
(278, 2, 572, NULL),
(279, 2, 626, NULL),
(280, 2, 643, NULL),
(281, 2, 647, NULL),
(282, 2, 1150, NULL),
(283, 2, 1169, NULL),
(284, 2, 1187, NULL),
(285, 2, 1192, NULL),
(286, 2, 1200, NULL),
(287, 2, 1215, NULL),
(288, 2, 1226, NULL),
(289, 2, 1251, NULL),
(290, 2, 1256, NULL),
(291, 2, 1314, NULL),
(292, 2, 1361, NULL),
(293, 2, 1370, NULL),
(294, 2, 1453, NULL),
(295, 2, 1474, NULL),
(296, 2, 1475, NULL),
(297, 2, 1476, NULL),
(298, 2, 1477, NULL),
(299, 2, 1478, NULL),
(300, 2, 1479, NULL),
(301, 2, 1480, NULL),
(302, 2, 1481, NULL),
(303, 2, 1482, NULL),
(304, 2, 1570, NULL),
(305, 2, 1605, NULL),
(306, 2, 1576, NULL),
(307, 2, 1615, NULL),
(308, 2, 1628, NULL),
(309, 2, 1656, NULL),
(310, 2, 1669, NULL),
(311, 2, 1673, NULL),
(312, 2, 1685, NULL),
(313, 2, 1722, NULL),
(314, 2, 1824, NULL),
(315, 2, 1850, NULL),
(316, 2, 1860, NULL),
(317, 2, 1879, NULL),
(318, 2, 2904, NULL),
(319, 2, 2917, NULL),
(320, 2, 3018, NULL),
(321, 2, 3029, NULL),
(322, 2, 3871, NULL),
(323, 2, 3872, NULL),
(324, 2, 3873, NULL),
(325, 2, 3874, NULL),
(326, 2, 3875, NULL),
(327, 2, 3879, NULL),
(328, 2, 3884, NULL),
(329, 2, 3903, NULL),
(330, 2, 3909, NULL),
(331, 2, 3912, NULL),
(332, 2, 3920, NULL),
(333, 2, 3939, NULL),
(334, 2, 3992, NULL),
(335, 2, 4126, NULL),
(336, 2, 4149, NULL),
(337, 2, 4159, NULL),
(338, 2, 4166, NULL),
(339, 2, 4172, NULL),
(340, 2, 4186, NULL),
(341, 2, 4242, NULL),
(342, 2, 4250, NULL),
(343, 2, 4258, NULL),
(344, 2, 4259, NULL),
(345, 2, 4260, NULL),
(346, 2, 4263, NULL),
(347, 2, 4279, NULL),
(348, 2, 4284, NULL),
(349, 2, 4316, NULL),
(350, 2, 4347, NULL),
(351, 2, 4348, NULL),
(352, 2, 4827, NULL),
(353, 2, 4851, NULL),
(354, 2, 4855, NULL),
(355, 2, 4933, NULL),
(356, 2, 4965, NULL),
(357, 2, 4982, NULL),
(358, 2, 4996, NULL),
(359, 2, 5020, NULL),
(360, 2, 5075, NULL),
(361, 2, 5115, NULL),
(362, 2, 19795, NULL),
(363, 2, 5233, NULL),
(364, 2, 5250, NULL),
(365, 2, 5260, NULL),
(366, 2, 5285, NULL),
(367, 2, 5286, NULL),
(368, 2, 5287, NULL),
(369, 2, 5298, NULL),
(370, 2, 1635, NULL),
(371, 2, 5351, NULL),
(372, 2, 5453, NULL),
(373, 2, 5466, NULL),
(374, 2, 5485, NULL),
(375, 2, 5486, NULL),
(376, 2, 5487, NULL),
(377, 2, 5488, NULL),
(378, 2, 5537, NULL),
(379, 2, 5549, NULL),
(380, 2, 5552, NULL),
(381, 2, 5553, NULL),
(382, 2, 5567, NULL),
(383, 2, 5575, NULL),
(384, 2, 5592, NULL),
(385, 2, 5595, NULL),
(386, 2, 5717, NULL),
(387, 2, 5722, NULL),
(388, 2, 5727, NULL),
(389, 2, 5749, NULL),
(390, 2, 5753, NULL),
(391, 2, 5780, NULL),
(392, 2, 5832, NULL),
(393, 2, 5860, NULL),
(394, 2, 5870, NULL),
(395, 2, 5878, NULL),
(396, 2, 5890, NULL),
(397, 2, 5895, NULL),
(398, 2, 5918, NULL),
(399, 2, 5931, NULL),
(400, 2, 5968, NULL),
(401, 2, 5982, NULL),
(402, 2, 5991, NULL),
(403, 2, 6022, NULL),
(404, 2, 6034, NULL),
(405, 2, 6077, NULL),
(406, 2, 6104, NULL),
(407, 2, 6305, NULL),
(408, 2, 6308, NULL),
(409, 2, 6329, NULL),
(410, 2, 6337, NULL),
(411, 2, 6360, NULL),
(412, 2, 6372, NULL),
(413, 2, 6434, NULL),
(414, 2, 6442, NULL),
(415, 2, 6445, NULL),
(416, 2, 6450, NULL),
(417, 2, 6454, NULL),
(418, 2, 6459, NULL),
(419, 2, 6462, NULL),
(420, 2, 6601, NULL),
(421, 2, 6625, NULL),
(422, 2, 6641, NULL),
(423, 2, 6695, NULL),
(424, 2, 6755, NULL),
(425, 2, 6773, NULL),
(426, 2, 6780, NULL),
(427, 2, 5980, NULL),
(428, 2, 6787, NULL),
(429, 2, 7053, NULL),
(430, 2, 7059, NULL),
(431, 2, 7086, NULL),
(432, 2, 7095, NULL),
(433, 2, 7112, NULL),
(434, 2, 7150, NULL),
(435, 2, 7159, NULL),
(436, 2, 7166, NULL),
(437, 2, 7279, NULL),
(438, 2, 7320, NULL),
(439, 2, 7409, NULL),
(440, 2, 7453, NULL),
(441, 2, 7454, NULL),
(442, 2, 7455, NULL),
(443, 2, 7470, NULL),
(444, 2, 7475, NULL),
(445, 2, 9599, NULL),
(446, 2, 7725, NULL),
(447, 2, 8118, NULL),
(448, 2, 8131, NULL),
(449, 2, 8152, NULL),
(450, 2, 8183, NULL),
(451, 2, 8186, NULL),
(452, 2, 7729, NULL),
(453, 2, 7737, NULL),
(454, 2, 7739, NULL),
(455, 2, 7741, NULL),
(456, 2, 7765, NULL),
(457, 2, 7815, NULL),
(458, 2, 7825, NULL),
(459, 2, 7861, NULL),
(460, 2, 7873, NULL),
(461, 2, 7876, NULL),
(462, 2, 7905, NULL),
(463, 2, 7931, NULL),
(464, 2, 7940, NULL),
(465, 2, 7999, NULL),
(466, 2, 8029, NULL),
(467, 2, 8109, NULL),
(468, 2, 8215, NULL),
(469, 2, 8220, NULL),
(470, 2, 8229, NULL),
(471, 2, 8237, NULL),
(472, 2, 8425, NULL),
(473, 2, 8476, NULL),
(474, 2, 8489, NULL),
(475, 2, 8496, NULL),
(476, 2, 8513, NULL),
(477, 2, 8528, NULL),
(478, 2, 8532, NULL),
(479, 2, 8544, NULL),
(480, 2, 8549, NULL),
(481, 2, 8591, NULL),
(482, 2, 8614, NULL),
(483, 2, 8636, NULL),
(484, 2, 8683, NULL),
(485, 2, 8686, NULL),
(486, 2, 8709, NULL),
(487, 2, 8714, NULL),
(488, 2, 9186, NULL),
(489, 2, 9224, NULL),
(490, 2, 8728, NULL),
(491, 2, 9241, NULL),
(492, 2, 9233, NULL),
(493, 2, 9525, NULL),
(494, 2, 9539, NULL),
(495, 2, 9547, NULL),
(496, 2, 9548, NULL),
(497, 2, 9560, NULL),
(498, 2, 1135, NULL),
(499, 2, 9574, NULL),
(500, 2, 9575, NULL),
(501, 2, 9583, NULL),
(502, 2, 9592, NULL),
(503, 12, 2, NULL),
(504, 12, 7, NULL),
(505, 12, 8, NULL),
(506, 12, 5780, NULL),
(507, 12, 5786, NULL),
(508, 12, 12506, NULL),
(509, 13, 2, NULL),
(510, 13, 7, NULL),
(511, 13, 8, NULL),
(512, 13, 5780, NULL),
(513, 13, 5786, NULL),
(514, 13, 12506, NULL),
(515, 9, 0, 1),
(516, 9, 0, 2),
(517, 9, 0, 473),
(518, 9, 0, 249),
(519, 9, 0, 250),
(520, 9, 0, 251),
(521, 14, 0, 1),
(522, 14, 0, 2),
(523, 14, 0, 473),
(524, 14, 0, 249),
(525, 14, 0, 250),
(526, 14, 0, 251),
(527, 11, 0, 1),
(528, 11, 0, 2),
(529, 11, 0, 473),
(530, 11, 0, 249),
(531, 11, 0, 250),
(532, 11, 0, 251),
(533, 10, 0, 1),
(534, 10, 0, 2),
(535, 10, 0, 473),
(536, 10, 0, 249),
(537, 10, 0, 250),
(538, 10, 0, 251),
(539, 15, 2, NULL),
(540, 15, 7, NULL),
(541, 15, 8, NULL),
(542, 15, 5780, NULL),
(543, 15, 5786, NULL),
(544, 15, 12506, NULL),
(545, 8, 2, NULL),
(546, 8, 7, NULL),
(547, 8, 8, NULL),
(548, 8, 5786, NULL),
(549, 8, 5780, NULL),
(550, 8, 12506, NULL),
(551, 6, 2, NULL),
(552, 6, 7, NULL),
(553, 6, 8, NULL),
(554, 6, 5780, NULL),
(555, 6, 5786, NULL),
(556, 6, 12506, NULL),
(557, 7, 2, NULL),
(558, 7, 7, NULL),
(559, 7, 8, NULL),
(560, 7, 5780, NULL),
(561, 7, 5786, NULL),
(562, 7, 12506, NULL),
(563, 16, 0, 1),
(564, 16, 0, 2),
(565, 16, 0, 473),
(566, 16, 0, 249),
(567, 16, 0, 250),
(568, 16, 0, 251),
(569, 17, 2, NULL),
(570, 17, 7, NULL),
(571, 17, 8, NULL),
(572, 17, 5780, NULL),
(573, 17, 5786, NULL),
(574, 17, 12506, NULL),
(575, 20, 7059, NULL),
(576, 20, 7, NULL),
(577, 20, 8, NULL),
(578, 20, 2, NULL),
(579, 20, 5780, NULL),
(580, 20, 5786, NULL),
(581, 20, 12506, NULL),
(582, 18, 0, 1),
(583, 18, 0, 2),
(584, 18, 0, 473),
(585, 18, 0, 249),
(586, 18, 0, 250),
(587, 18, 0, 251),
(588, 19, 2, NULL),
(589, 19, 7, NULL),
(590, 19, 8, NULL),
(591, 19, 5780, NULL),
(592, 19, 5786, NULL),
(593, 19, 12506, NULL),
(594, 21, 0, 1),
(595, 21, 0, 2),
(596, 21, 0, 473),
(597, 21, 0, 249),
(598, 21, 0, 250),
(599, 21, 0, 251),
(600, 22, 2, NULL),
(601, 22, 7, NULL),
(602, 22, 8, NULL),
(603, 22, 5780, NULL),
(604, 22, 5786, NULL),
(605, 22, 12506, NULL),
(606, 25, 2, NULL),
(607, 25, 7, NULL),
(608, 25, 8, NULL),
(609, 25, 5780, NULL),
(610, 25, 5786, NULL),
(611, 25, 12506, NULL),
(612, 23, 0, 1),
(613, 23, 0, 2),
(614, 23, 0, 473),
(615, 23, 0, 249),
(616, 23, 0, 250),
(617, 23, 0, 251),
(618, 24, 2, NULL),
(619, 24, 7, NULL),
(620, 24, 8, NULL),
(621, 24, 5780, NULL),
(622, 24, 5786, NULL),
(623, 24, 12506, NULL);
delete from ratedetails;
INSERT INTO `ratedetails` (`id`, `start_time`, `end_time`, `rate`, `connection_fee`, `rate_id`, `increment_s`, `min_time`, `daytype`) VALUES
(1, '00:00:00', '23:59:59', 0, 0, 1, 1, 0, ''),
(2, '00:00:00', '23:59:59', 0, 0, 2, 1, 0, ''),
(3, '00:00:00', '23:59:59', 0, 0, 3, 1, 0, ''),
(4, '00:00:00', '23:59:59', 0, 0, 4, 1, 0, ''),
(5, '00:00:00', '23:59:59', 0, 0, 5, 1, 0, ''),
(6, '00:00:00', '23:59:59', 0, 0, 6, 1, 0, ''),
(7, '00:00:00', '23:59:59', 0, 0, 7, 1, 0, ''),
(8, '00:00:00', '23:59:59', 0, 0, 8, 1, 0, ''),
(9, '00:00:00', '23:59:59', 0, 0, 9, 1, 0, ''),
(10, '00:00:00', '23:59:59', 0, 0, 10, 1, 0, ''),
(11, '00:00:00', '23:59:59', 0, 0, 11, 1, 0, ''),
(12, '00:00:00', '23:59:59', 0, 0, 12, 1, 0, ''),
(13, '00:00:00', '23:59:59', 0, 0, 13, 1, 0, ''),
(14, '00:00:00', '23:59:59', 0, 0, 14, 1, 0, ''),
(15, '00:00:00', '23:59:59', 0, 0, 15, 1, 0, ''),
(16, '00:00:00', '23:59:59', 0, 0, 16, 1, 0, ''),
(17, '00:00:00', '23:59:59', 0, 0, 17, 1, 0, ''),
(18, '00:00:00', '23:59:59', 0, 0, 18, 1, 0, ''),
(19, '00:00:00', '23:59:59', 0, 0, 19, 1, 0, ''),
(20, '00:00:00', '23:59:59', 0, 0, 20, 1, 0, ''),
(21, '00:00:00', '23:59:59', 0, 0, 21, 1, 0, ''),
(22, '00:00:00', '23:59:59', 0, 0, 22, 1, 0, ''),
(23, '00:00:00', '23:59:59', 0, 0, 23, 1, 0, ''),
(24, '00:00:00', '23:59:59', 0, 0, 24, 1, 0, ''),
(25, '00:00:00', '23:59:59', 0, 0, 25, 1, 0, ''),
(26, '00:00:00', '23:59:59', 0, 0, 26, 1, 0, ''),
(27, '00:00:00', '23:59:59', 0, 0, 27, 1, 0, ''),
(28, '00:00:00', '23:59:59', 0, 0, 28, 1, 0, ''),
(29, '00:00:00', '23:59:59', 0, 0, 29, 1, 0, ''),
(30, '00:00:00', '23:59:59', 0, 0, 30, 1, 0, ''),
(31, '00:00:00', '23:59:59', 0, 0, 31, 1, 0, ''),
(32, '00:00:00', '23:59:59', 0, 0, 32, 1, 0, ''),
(33, '00:00:00', '23:59:59', 0, 0, 33, 1, 0, ''),
(34, '00:00:00', '23:59:59', 0, 0, 34, 1, 0, ''),
(35, '00:00:00', '23:59:59', 0, 0, 35, 1, 0, ''),
(36, '00:00:00', '23:59:59', 0, 0, 36, 1, 0, ''),
(37, '00:00:00', '23:59:59', 0, 0, 37, 1, 0, ''),
(38, '00:00:00', '23:59:59', 0, 0, 38, 1, 0, ''),
(39, '00:00:00', '23:59:59', 0, 0, 39, 1, 0, ''),
(40, '00:00:00', '23:59:59', 0, 0, 40, 1, 0, ''),
(41, '00:00:00', '23:59:59', 0, 0, 41, 1, 0, ''),
(42, '00:00:00', '23:59:59', 0, 0, 42, 1, 0, ''),
(43, '00:00:00', '23:59:59', 0, 0, 43, 1, 0, ''),
(44, '00:00:00', '23:59:59', 0, 0, 44, 1, 0, ''),
(45, '00:00:00', '23:59:59', 0, 0, 45, 1, 0, ''),
(46, '00:00:00', '23:59:59', 0, 0, 46, 1, 0, ''),
(47, '00:00:00', '23:59:59', 0, 0, 47, 1, 0, ''),
(48, '00:00:00', '23:59:59', 0, 0, 48, 1, 0, ''),
(49, '00:00:00', '23:59:59', 0, 0, 49, 1, 0, ''),
(50, '00:00:00', '23:59:59', 0, 0, 50, 1, 0, ''),
(51, '00:00:00', '23:59:59', 0, 0, 51, 1, 0, ''),
(52, '00:00:00', '23:59:59', 0, 0, 52, 1, 0, ''),
(53, '00:00:00', '23:59:59', 0, 0, 53, 1, 0, ''),
(54, '00:00:00', '23:59:59', 0, 0, 54, 1, 0, ''),
(55, '00:00:00', '23:59:59', 0, 0, 55, 1, 0, ''),
(56, '00:00:00', '23:59:59', 0, 0, 56, 1, 0, ''),
(57, '00:00:00', '23:59:59', 0, 0, 57, 1, 0, ''),
(58, '00:00:00', '23:59:59', 0, 0, 58, 1, 0, ''),
(59, '00:00:00', '23:59:59', 0, 0, 59, 1, 0, ''),
(60, '00:00:00', '23:59:59', 0, 0, 60, 1, 0, ''),
(61, '00:00:00', '23:59:59', 0, 0, 61, 1, 0, ''),
(62, '00:00:00', '23:59:59', 0, 0, 62, 1, 0, ''),
(63, '00:00:00', '23:59:59', 0, 0, 63, 1, 0, ''),
(64, '00:00:00', '23:59:59', 0, 0, 64, 1, 0, ''),
(65, '00:00:00', '23:59:59', 0, 0, 65, 1, 0, ''),
(66, '00:00:00', '23:59:59', 0, 0, 66, 1, 0, ''),
(67, '00:00:00', '23:59:59', 0, 0, 67, 1, 0, ''),
(68, '00:00:00', '23:59:59', 0, 0, 68, 1, 0, ''),
(69, '00:00:00', '23:59:59', 0, 0, 69, 1, 0, ''),
(70, '00:00:00', '23:59:59', 0, 0, 70, 1, 0, ''),
(71, '00:00:00', '23:59:59', 0, 0, 71, 1, 0, ''),
(72, '00:00:00', '23:59:59', 0, 0, 72, 1, 0, ''),
(73, '00:00:00', '23:59:59', 0, 0, 73, 1, 0, ''),
(74, '00:00:00', '23:59:59', 0, 0, 74, 1, 0, ''),
(75, '00:00:00', '23:59:59', 0, 0, 75, 1, 0, ''),
(76, '00:00:00', '23:59:59', 0, 0, 76, 1, 0, ''),
(77, '00:00:00', '23:59:59', 0, 0, 77, 1, 0, ''),
(78, '00:00:00', '23:59:59', 0, 0, 78, 1, 0, ''),
(79, '00:00:00', '23:59:59', 0, 0, 79, 1, 0, ''),
(80, '00:00:00', '23:59:59', 0, 0, 80, 1, 0, ''),
(81, '00:00:00', '23:59:59', 0, 0, 81, 1, 0, ''),
(82, '00:00:00', '23:59:59', 0, 0, 82, 1, 0, ''),
(83, '00:00:00', '23:59:59', 0, 0, 83, 1, 0, ''),
(84, '00:00:00', '23:59:59', 0, 0, 84, 1, 0, ''),
(85, '00:00:00', '23:59:59', 0, 0, 85, 1, 0, ''),
(86, '00:00:00', '23:59:59', 0, 0, 86, 1, 0, ''),
(87, '00:00:00', '23:59:59', 0, 0, 87, 1, 0, ''),
(88, '00:00:00', '23:59:59', 0, 0, 88, 1, 0, ''),
(89, '00:00:00', '23:59:59', 0, 0, 89, 1, 0, ''),
(90, '00:00:00', '23:59:59', 0, 0, 90, 1, 0, ''),
(91, '00:00:00', '23:59:59', 0, 0, 91, 1, 0, ''),
(92, '00:00:00', '23:59:59', 0, 0, 92, 1, 0, ''),
(93, '00:00:00', '23:59:59', 0, 0, 93, 1, 0, ''),
(94, '00:00:00', '23:59:59', 0, 0, 94, 1, 0, ''),
(95, '00:00:00', '23:59:59', 0, 0, 95, 1, 0, ''),
(96, '00:00:00', '23:59:59', 0, 0, 96, 1, 0, ''),
(97, '00:00:00', '23:59:59', 0, 0, 97, 1, 0, ''),
(98, '00:00:00', '23:59:59', 0, 0, 98, 1, 0, ''),
(99, '00:00:00', '23:59:59', 0, 0, 99, 1, 0, ''),
(100, '00:00:00', '23:59:59', 0, 0, 100, 1, 0, ''),
(101, '00:00:00', '23:59:59', 0, 0, 101, 1, 0, ''),
(102, '00:00:00', '23:59:59', 0, 0, 102, 1, 0, ''),
(103, '00:00:00', '23:59:59', 0, 0, 103, 1, 0, ''),
(104, '00:00:00', '23:59:59', 0, 0, 104, 1, 0, ''),
(105, '00:00:00', '23:59:59', 0, 0, 105, 1, 0, ''),
(106, '00:00:00', '23:59:59', 0, 0, 106, 1, 0, ''),
(107, '00:00:00', '23:59:59', 0, 0, 107, 1, 0, ''),
(108, '00:00:00', '23:59:59', 0, 0, 108, 1, 0, ''),
(109, '00:00:00', '23:59:59', 0, 0, 109, 1, 0, ''),
(110, '00:00:00', '23:59:59', 0, 0, 110, 1, 0, ''),
(111, '00:00:00', '23:59:59', 0, 0, 111, 1, 0, ''),
(112, '00:00:00', '23:59:59', 0, 0, 112, 1, 0, ''),
(113, '00:00:00', '23:59:59', 0, 0, 113, 1, 0, ''),
(114, '00:00:00', '23:59:59', 0, 0, 114, 1, 0, ''),
(115, '00:00:00', '23:59:59', 0, 0, 115, 1, 0, ''),
(116, '00:00:00', '23:59:59', 0, 0, 116, 1, 0, ''),
(117, '00:00:00', '23:59:59', 0, 0, 117, 1, 0, ''),
(118, '00:00:00', '23:59:59', 0, 0, 118, 1, 0, ''),
(119, '00:00:00', '23:59:59', 0, 0, 119, 1, 0, ''),
(120, '00:00:00', '23:59:59', 0, 0, 120, 1, 0, ''),
(121, '00:00:00', '23:59:59', 0, 0, 121, 1, 0, ''),
(122, '00:00:00', '23:59:59', 0, 0, 122, 1, 0, ''),
(123, '00:00:00', '23:59:59', 0, 0, 123, 1, 0, ''),
(124, '00:00:00', '23:59:59', 0, 0, 124, 1, 0, ''),
(125, '00:00:00', '23:59:59', 0, 0, 125, 1, 0, ''),
(126, '00:00:00', '23:59:59', 0, 0, 126, 1, 0, ''),
(127, '00:00:00', '23:59:59', 0, 0, 127, 1, 0, ''),
(128, '00:00:00', '23:59:59', 0, 0, 128, 1, 0, ''),
(129, '00:00:00', '23:59:59', 0, 0, 129, 1, 0, ''),
(130, '00:00:00', '23:59:59', 0, 0, 130, 1, 0, ''),
(131, '00:00:00', '23:59:59', 0, 0, 131, 1, 0, ''),
(132, '00:00:00', '23:59:59', 0, 0, 132, 1, 0, ''),
(133, '00:00:00', '23:59:59', 0, 0, 133, 1, 0, ''),
(134, '00:00:00', '23:59:59', 0, 0, 134, 1, 0, ''),
(135, '00:00:00', '23:59:59', 0, 0, 135, 1, 0, ''),
(136, '00:00:00', '23:59:59', 0, 0, 136, 1, 0, ''),
(137, '00:00:00', '23:59:59', 0, 0, 137, 1, 0, ''),
(138, '00:00:00', '23:59:59', 0, 0, 138, 1, 0, ''),
(139, '00:00:00', '23:59:59', 0, 0, 139, 1, 0, ''),
(140, '00:00:00', '23:59:59', 0, 0, 140, 1, 0, ''),
(141, '00:00:00', '23:59:59', 0, 0, 141, 1, 0, ''),
(142, '00:00:00', '23:59:59', 0, 0, 142, 1, 0, ''),
(143, '00:00:00', '23:59:59', 0, 0, 143, 1, 0, ''),
(144, '00:00:00', '23:59:59', 0, 0, 144, 1, 0, ''),
(145, '00:00:00', '23:59:59', 0, 0, 145, 1, 0, ''),
(146, '00:00:00', '23:59:59', 0, 0, 146, 1, 0, ''),
(147, '00:00:00', '23:59:59', 0, 0, 147, 1, 0, ''),
(148, '00:00:00', '23:59:59', 0, 0, 148, 1, 0, ''),
(149, '00:00:00', '23:59:59', 0, 0, 149, 1, 0, ''),
(150, '00:00:00', '23:59:59', 0, 0, 150, 1, 0, ''),
(151, '00:00:00', '23:59:59', 0, 0, 151, 1, 0, ''),
(152, '00:00:00', '23:59:59', 0, 0, 152, 1, 0, ''),
(153, '00:00:00', '23:59:59', 0, 0, 153, 1, 0, ''),
(154, '00:00:00', '23:59:59', 0, 0, 154, 1, 0, ''),
(155, '00:00:00', '23:59:59', 0, 0, 155, 1, 0, ''),
(156, '00:00:00', '23:59:59', 0, 0, 156, 1, 0, ''),
(157, '00:00:00', '23:59:59', 0, 0, 157, 1, 0, ''),
(158, '00:00:00', '23:59:59', 0, 0, 158, 1, 0, ''),
(159, '00:00:00', '23:59:59', 0, 0, 159, 1, 0, ''),
(160, '00:00:00', '23:59:59', 0, 0, 160, 1, 0, ''),
(161, '00:00:00', '23:59:59', 0, 0, 161, 1, 0, ''),
(162, '00:00:00', '23:59:59', 0, 0, 162, 1, 0, ''),
(163, '00:00:00', '23:59:59', 0, 0, 163, 1, 0, ''),
(164, '00:00:00', '23:59:59', 0, 0, 164, 1, 0, ''),
(165, '00:00:00', '23:59:59', 0, 0, 165, 1, 0, ''),
(166, '00:00:00', '23:59:59', 0, 0, 166, 1, 0, ''),
(167, '00:00:00', '23:59:59', 0, 0, 167, 1, 0, ''),
(168, '00:00:00', '23:59:59', 0, 0, 168, 1, 0, ''),
(169, '00:00:00', '23:59:59', 0, 0, 169, 1, 0, ''),
(170, '00:00:00', '23:59:59', 0, 0, 170, 1, 0, ''),
(171, '00:00:00', '23:59:59', 0, 0, 171, 1, 0, ''),
(172, '00:00:00', '23:59:59', 0, 0, 172, 1, 0, ''),
(173, '00:00:00', '23:59:59', 0, 0, 173, 1, 0, ''),
(174, '00:00:00', '23:59:59', 0, 0, 174, 1, 0, ''),
(175, '00:00:00', '23:59:59', 0, 0, 175, 1, 0, ''),
(176, '00:00:00', '23:59:59', 0, 0, 176, 1, 0, ''),
(177, '00:00:00', '23:59:59', 0, 0, 177, 1, 0, ''),
(178, '00:00:00', '23:59:59', 0, 0, 178, 1, 0, ''),
(179, '00:00:00', '23:59:59', 0, 0, 179, 1, 0, ''),
(180, '00:00:00', '23:59:59', 0, 0, 180, 1, 0, ''),
(181, '00:00:00', '23:59:59', 0, 0, 181, 1, 0, ''),
(182, '00:00:00', '23:59:59', 0, 0, 182, 1, 0, ''),
(183, '00:00:00', '23:59:59', 0, 0, 183, 1, 0, ''),
(184, '00:00:00', '23:59:59', 0, 0, 184, 1, 0, ''),
(185, '00:00:00', '23:59:59', 0, 0, 185, 1, 0, ''),
(186, '00:00:00', '23:59:59', 0, 0, 186, 1, 0, ''),
(187, '00:00:00', '23:59:59', 0, 0, 187, 1, 0, ''),
(188, '00:00:00', '23:59:59', 0, 0, 188, 1, 0, ''),
(189, '00:00:00', '23:59:59', 0, 0, 189, 1, 0, ''),
(190, '00:00:00', '23:59:59', 0, 0, 190, 1, 0, ''),
(191, '00:00:00', '23:59:59', 0, 0, 191, 1, 0, ''),
(192, '00:00:00', '23:59:59', 0, 0, 192, 1, 0, ''),
(193, '00:00:00', '23:59:59', 0, 0, 193, 1, 0, ''),
(194, '00:00:00', '23:59:59', 0, 0, 194, 1, 0, ''),
(195, '00:00:00', '23:59:59', 0, 0, 195, 1, 0, ''),
(196, '00:00:00', '23:59:59', 0, 0, 196, 1, 0, ''),
(197, '00:00:00', '23:59:59', 0, 0, 197, 1, 0, ''),
(198, '00:00:00', '23:59:59', 0, 0, 198, 1, 0, ''),
(199, '00:00:00', '23:59:59', 0, 0, 199, 1, 0, ''),
(200, '00:00:00', '23:59:59', 0, 0, 200, 1, 0, ''),
(201, '00:00:00', '23:59:59', 0, 0, 201, 1, 0, ''),
(202, '00:00:00', '23:59:59', 0, 0, 202, 1, 0, ''),
(203, '00:00:00', '23:59:59', 0, 0, 203, 1, 0, ''),
(204, '00:00:00', '23:59:59', 0, 0, 204, 1, 0, ''),
(205, '00:00:00', '23:59:59', 0, 0, 205, 1, 0, ''),
(206, '00:00:00', '23:59:59', 0, 0, 206, 1, 0, ''),
(207, '00:00:00', '23:59:59', 0, 0, 207, 1, 0, ''),
(208, '00:00:00', '23:59:59', 0, 0, 208, 1, 0, ''),
(209, '00:00:00', '23:59:59', 0, 0, 209, 1, 0, ''),
(210, '00:00:00', '23:59:59', 0, 0, 210, 1, 0, ''),
(211, '00:00:00', '23:59:59', 0, 0, 211, 1, 0, ''),
(212, '00:00:00', '23:59:59', 0, 0, 212, 1, 0, ''),
(213, '00:00:00', '23:59:59', 0, 0, 213, 1, 0, ''),
(214, '00:00:00', '23:59:59', 0, 0, 214, 1, 0, ''),
(215, '00:00:00', '23:59:59', 0, 0, 215, 1, 0, ''),
(216, '00:00:00', '23:59:59', 0, 0, 216, 1, 0, ''),
(217, '00:00:00', '23:59:59', 0, 0, 217, 1, 0, ''),
(218, '00:00:00', '23:59:59', 0, 0, 218, 1, 0, ''),
(219, '00:00:00', '23:59:59', 0, 0, 219, 1, 0, ''),
(220, '00:00:00', '23:59:59', 0, 0, 220, 1, 0, ''),
(221, '00:00:00', '23:59:59', 0, 0, 221, 1, 0, ''),
(222, '00:00:00', '23:59:59', 0, 0, 222, 1, 0, ''),
(223, '00:00:00', '23:59:59', 0, 0, 223, 1, 0, ''),
(224, '00:00:00', '23:59:59', 0, 0, 224, 1, 0, ''),
(225, '00:00:00', '23:59:59', 0, 0, 225, 1, 0, ''),
(226, '00:00:00', '23:59:59', 0, 0, 226, 1, 0, ''),
(227, '00:00:00', '23:59:59', 0, 0, 227, 1, 0, ''),
(228, '00:00:00', '23:59:59', 0, 0, 228, 1, 0, ''),
(229, '00:00:00', '23:59:59', 0, 0, 229, 1, 0, ''),
(230, '00:00:00', '23:59:59', 0, 0, 230, 1, 0, ''),
(231, '00:00:00', '23:59:59', 0, 0, 231, 1, 0, ''),
(232, '00:00:00', '23:59:59', 0, 0, 232, 1, 0, ''),
(233, '00:00:00', '23:59:59', 0, 0, 233, 1, 0, ''),
(234, '00:00:00', '23:59:59', 0, 0, 234, 1, 0, ''),
(235, '00:00:00', '23:59:59', 0, 0, 235, 1, 0, ''),
(236, '00:00:00', '23:59:59', 0, 0, 236, 1, 0, ''),
(237, '00:00:00', '23:59:59', 0, 0, 237, 1, 0, ''),
(238, '00:00:00', '23:59:59', 0, 0, 238, 1, 0, ''),
(239, '00:00:00', '23:59:59', 0, 0, 239, 1, 0, ''),
(240, '00:00:00', '23:59:59', 0, 0, 240, 1, 0, ''),
(241, '00:00:00', '23:59:59', 0, 0, 241, 1, 0, ''),
(242, '00:00:00', '23:59:59', 0, 0, 242, 1, 0, ''),
(243, '00:00:00', '23:59:59', 0, 0, 243, 1, 0, ''),
(244, '00:00:00', '23:59:59', 0, 0, 244, 1, 0, ''),
(245, '00:00:00', '23:59:59', 0, 0, 245, 1, 0, ''),
(246, '00:00:00', '23:59:59', 0, 0, 246, 1, 0, ''),
(247, '00:00:00', '23:59:59', 0, 0, 247, 1, 0, ''),
(248, '00:00:00', '23:59:59', 0, 0, 248, 1, 0, ''),
(249, '00:00:00', '23:59:59', 0, 0, 249, 1, 0, ''),
(250, '00:00:00', '23:59:59', 0, 0, 250, 1, 0, ''),
(251, '00:00:00', '23:59:59', 0, 0, 251, 1, 0, ''),
(252, '00:00:00', '23:59:59', 0, 0, 252, 1, 0, ''),
(253, '00:00:00', '23:59:59', 0, 0, 253, 1, 0, ''),
(254, '00:00:00', '23:59:59', 0, 0, 254, 1, 0, ''),
(255, '00:00:00', '23:59:59', 0, 0, 255, 1, 0, ''),
(256, '00:00:00', '23:59:59', 0, 0, 256, 1, 0, ''),
(257, '00:00:00', '23:59:59', 0, 0, 257, 1, 0, ''),
(258, '00:00:00', '23:59:59', 0, 0, 258, 1, 0, ''),
(259, '00:00:00', '23:59:59', 0, 0, 259, 1, 0, ''),
(260, '00:00:00', '23:59:59', 0, 0, 260, 1, 0, ''),
(261, '00:00:00', '23:59:59', 0, 0, 261, 1, 0, ''),
(262, '00:00:00', '23:59:59', 0, 0, 262, 1, 0, ''),
(263, '00:00:00', '23:59:59', 0, 0, 263, 1, 0, ''),
(264, '00:00:00', '23:59:59', 0, 0, 264, 1, 0, ''),
(265, '00:00:00', '23:59:59', 0, 0, 265, 1, 0, ''),
(266, '00:00:00', '23:59:59', 0, 0, 266, 1, 0, ''),
(267, '00:00:00', '23:59:59', 0, 0, 267, 1, 0, ''),
(268, '00:00:00', '23:59:59', 0, 0, 268, 1, 0, ''),
(269, '00:00:00', '23:59:59', 0, 0, 269, 1, 0, ''),
(270, '00:00:00', '23:59:59', 0, 0, 270, 1, 0, ''),
(271, '00:00:00', '23:59:59', 0, 0, 271, 1, 0, ''),
(272, '00:00:00', '23:59:59', 0, 0, 272, 1, 0, ''),
(273, '00:00:00', '23:59:59', 0, 0, 273, 1, 0, ''),
(274, '00:00:00', '23:59:59', 0, 0, 274, 1, 0, ''),
(275, '00:00:00', '23:59:59', 0, 0, 275, 1, 0, ''),
(276, '00:00:00', '23:59:59', 0, 0, 276, 1, 0, ''),
(277, '00:00:00', '23:59:59', 0, 0, 277, 1, 0, ''),
(278, '00:00:00', '23:59:59', 0, 0, 278, 1, 0, ''),
(279, '00:00:00', '23:59:59', 0, 0, 279, 1, 0, ''),
(280, '00:00:00', '23:59:59', 0, 0, 280, 1, 0, ''),
(281, '00:00:00', '23:59:59', 0, 0, 281, 1, 0, ''),
(282, '00:00:00', '23:59:59', 0, 0, 282, 1, 0, ''),
(283, '00:00:00', '23:59:59', 0, 0, 283, 1, 0, ''),
(284, '00:00:00', '23:59:59', 0, 0, 284, 1, 0, ''),
(285, '00:00:00', '23:59:59', 0, 0, 285, 1, 0, ''),
(286, '00:00:00', '23:59:59', 0, 0, 286, 1, 0, ''),
(287, '00:00:00', '23:59:59', 0, 0, 287, 1, 0, ''),
(288, '00:00:00', '23:59:59', 0, 0, 288, 1, 0, ''),
(289, '00:00:00', '23:59:59', 0, 0, 289, 1, 0, ''),
(290, '00:00:00', '23:59:59', 0, 0, 290, 1, 0, ''),
(291, '00:00:00', '23:59:59', 0, 0, 291, 1, 0, ''),
(292, '00:00:00', '23:59:59', 0, 0, 292, 1, 0, ''),
(293, '00:00:00', '23:59:59', 0, 0, 293, 1, 0, ''),
(294, '00:00:00', '23:59:59', 0, 0, 294, 1, 0, ''),
(295, '00:00:00', '23:59:59', 0, 0, 295, 1, 0, ''),
(296, '00:00:00', '23:59:59', 0, 0, 296, 1, 0, ''),
(297, '00:00:00', '23:59:59', 0, 0, 297, 1, 0, ''),
(298, '00:00:00', '23:59:59', 0, 0, 298, 1, 0, ''),
(299, '00:00:00', '23:59:59', 0, 0, 299, 1, 0, ''),
(300, '00:00:00', '23:59:59', 0, 0, 300, 1, 0, ''),
(301, '00:00:00', '23:59:59', 0, 0, 301, 1, 0, ''),
(302, '00:00:00', '23:59:59', 0, 0, 302, 1, 0, ''),
(303, '00:00:00', '23:59:59', 0, 0, 303, 1, 0, ''),
(304, '00:00:00', '23:59:59', 0, 0, 304, 1, 0, ''),
(305, '00:00:00', '23:59:59', 0, 0, 305, 1, 0, ''),
(306, '00:00:00', '23:59:59', 0, 0, 306, 1, 0, ''),
(307, '00:00:00', '23:59:59', 0, 0, 307, 1, 0, ''),
(308, '00:00:00', '23:59:59', 0, 0, 308, 1, 0, ''),
(309, '00:00:00', '23:59:59', 0, 0, 309, 1, 0, ''),
(310, '00:00:00', '23:59:59', 0, 0, 310, 1, 0, ''),
(311, '00:00:00', '23:59:59', 0, 0, 311, 1, 0, ''),
(312, '00:00:00', '23:59:59', 0, 0, 312, 1, 0, ''),
(313, '00:00:00', '23:59:59', 0, 0, 313, 1, 0, ''),
(314, '00:00:00', '23:59:59', 0, 0, 314, 1, 0, ''),
(315, '00:00:00', '23:59:59', 0, 0, 315, 1, 0, ''),
(316, '00:00:00', '23:59:59', 0, 0, 316, 1, 0, ''),
(317, '00:00:00', '23:59:59', 0, 0, 317, 1, 0, ''),
(318, '00:00:00', '23:59:59', 0, 0, 318, 1, 0, ''),
(319, '00:00:00', '23:59:59', 0, 0, 319, 1, 0, ''),
(320, '00:00:00', '23:59:59', 0, 0, 320, 1, 0, ''),
(321, '00:00:00', '23:59:59', 0, 0, 321, 1, 0, ''),
(322, '00:00:00', '23:59:59', 0, 0, 322, 1, 0, ''),
(323, '00:00:00', '23:59:59', 0, 0, 323, 1, 0, ''),
(324, '00:00:00', '23:59:59', 0, 0, 324, 1, 0, ''),
(325, '00:00:00', '23:59:59', 0, 0, 325, 1, 0, ''),
(326, '00:00:00', '23:59:59', 0, 0, 326, 1, 0, ''),
(327, '00:00:00', '23:59:59', 0, 0, 327, 1, 0, ''),
(328, '00:00:00', '23:59:59', 0, 0, 328, 1, 0, ''),
(329, '00:00:00', '23:59:59', 0, 0, 329, 1, 0, ''),
(330, '00:00:00', '23:59:59', 0, 0, 330, 1, 0, ''),
(331, '00:00:00', '23:59:59', 0, 0, 331, 1, 0, ''),
(332, '00:00:00', '23:59:59', 0, 0, 332, 1, 0, ''),
(333, '00:00:00', '23:59:59', 0, 0, 333, 1, 0, ''),
(334, '00:00:00', '23:59:59', 0, 0, 334, 1, 0, ''),
(335, '00:00:00', '23:59:59', 0, 0, 335, 1, 0, ''),
(336, '00:00:00', '23:59:59', 0, 0, 336, 1, 0, ''),
(337, '00:00:00', '23:59:59', 0, 0, 337, 1, 0, ''),
(338, '00:00:00', '23:59:59', 0, 0, 338, 1, 0, ''),
(339, '00:00:00', '23:59:59', 0, 0, 339, 1, 0, ''),
(340, '00:00:00', '23:59:59', 0, 0, 340, 1, 0, ''),
(341, '00:00:00', '23:59:59', 0, 0, 341, 1, 0, ''),
(342, '00:00:00', '23:59:59', 0, 0, 342, 1, 0, ''),
(343, '00:00:00', '23:59:59', 0, 0, 343, 1, 0, ''),
(344, '00:00:00', '23:59:59', 0, 0, 344, 1, 0, ''),
(345, '00:00:00', '23:59:59', 0, 0, 345, 1, 0, ''),
(346, '00:00:00', '23:59:59', 0, 0, 346, 1, 0, ''),
(347, '00:00:00', '23:59:59', 0, 0, 347, 1, 0, ''),
(348, '00:00:00', '23:59:59', 0, 0, 348, 1, 0, ''),
(349, '00:00:00', '23:59:59', 0, 0, 349, 1, 0, ''),
(350, '00:00:00', '23:59:59', 0, 0, 350, 1, 0, ''),
(351, '00:00:00', '23:59:59', 0, 0, 351, 1, 0, ''),
(352, '00:00:00', '23:59:59', 0, 0, 352, 1, 0, ''),
(353, '00:00:00', '23:59:59', 0, 0, 353, 1, 0, ''),
(354, '00:00:00', '23:59:59', 0, 0, 354, 1, 0, ''),
(355, '00:00:00', '23:59:59', 0, 0, 355, 1, 0, ''),
(356, '00:00:00', '23:59:59', 0, 0, 356, 1, 0, ''),
(357, '00:00:00', '23:59:59', 0, 0, 357, 1, 0, ''),
(358, '00:00:00', '23:59:59', 0, 0, 358, 1, 0, ''),
(359, '00:00:00', '23:59:59', 0, 0, 359, 1, 0, ''),
(360, '00:00:00', '23:59:59', 0, 0, 360, 1, 0, ''),
(361, '00:00:00', '23:59:59', 0, 0, 361, 1, 0, ''),
(362, '00:00:00', '23:59:59', 0, 0, 362, 1, 0, ''),
(363, '00:00:00', '23:59:59', 0, 0, 363, 1, 0, ''),
(364, '00:00:00', '23:59:59', 0, 0, 364, 1, 0, ''),
(365, '00:00:00', '23:59:59', 0, 0, 365, 1, 0, ''),
(366, '00:00:00', '23:59:59', 0, 0, 366, 1, 0, ''),
(367, '00:00:00', '23:59:59', 0, 0, 367, 1, 0, ''),
(368, '00:00:00', '23:59:59', 0, 0, 368, 1, 0, ''),
(369, '00:00:00', '23:59:59', 0, 0, 369, 1, 0, ''),
(370, '00:00:00', '23:59:59', 0, 0, 370, 1, 0, ''),
(371, '00:00:00', '23:59:59', 0, 0, 371, 1, 0, ''),
(372, '00:00:00', '23:59:59', 0, 0, 372, 1, 0, ''),
(373, '00:00:00', '23:59:59', 0, 0, 373, 1, 0, ''),
(374, '00:00:00', '23:59:59', 0, 0, 374, 1, 0, ''),
(375, '00:00:00', '23:59:59', 0, 0, 375, 1, 0, ''),
(376, '00:00:00', '23:59:59', 0, 0, 376, 1, 0, ''),
(377, '00:00:00', '23:59:59', 0, 0, 377, 1, 0, ''),
(378, '00:00:00', '23:59:59', 0, 0, 378, 1, 0, ''),
(379, '00:00:00', '23:59:59', 0, 0, 379, 1, 0, ''),
(380, '00:00:00', '23:59:59', 0, 0, 380, 1, 0, ''),
(381, '00:00:00', '23:59:59', 0, 0, 381, 1, 0, ''),
(382, '00:00:00', '23:59:59', 0, 0, 382, 1, 0, ''),
(383, '00:00:00', '23:59:59', 0, 0, 383, 1, 0, ''),
(384, '00:00:00', '23:59:59', 0, 0, 384, 1, 0, ''),
(385, '00:00:00', '23:59:59', 0, 0, 385, 1, 0, ''),
(386, '00:00:00', '23:59:59', 0, 0, 386, 1, 0, ''),
(387, '00:00:00', '23:59:59', 0, 0, 387, 1, 0, ''),
(388, '00:00:00', '23:59:59', 0, 0, 388, 1, 0, ''),
(389, '00:00:00', '23:59:59', 0, 0, 389, 1, 0, ''),
(390, '00:00:00', '23:59:59', 0, 0, 390, 1, 0, ''),
(391, '00:00:00', '23:59:59', 0, 0, 391, 1, 0, ''),
(392, '00:00:00', '23:59:59', 0, 0, 392, 1, 0, ''),
(393, '00:00:00', '23:59:59', 0, 0, 393, 1, 0, ''),
(394, '00:00:00', '23:59:59', 0, 0, 394, 1, 0, ''),
(395, '00:00:00', '23:59:59', 0, 0, 395, 1, 0, ''),
(396, '00:00:00', '23:59:59', 0, 0, 396, 1, 0, ''),
(397, '00:00:00', '23:59:59', 0, 0, 397, 1, 0, ''),
(398, '00:00:00', '23:59:59', 0, 0, 398, 1, 0, ''),
(399, '00:00:00', '23:59:59', 0, 0, 399, 1, 0, ''),
(400, '00:00:00', '23:59:59', 0, 0, 400, 1, 0, ''),
(401, '00:00:00', '23:59:59', 0, 0, 401, 1, 0, ''),
(402, '00:00:00', '23:59:59', 0, 0, 402, 1, 0, ''),
(403, '00:00:00', '23:59:59', 0, 0, 403, 1, 0, ''),
(404, '00:00:00', '23:59:59', 0, 0, 404, 1, 0, ''),
(405, '00:00:00', '23:59:59', 0, 0, 405, 1, 0, ''),
(406, '00:00:00', '23:59:59', 0, 0, 406, 1, 0, ''),
(407, '00:00:00', '23:59:59', 0, 0, 407, 1, 0, ''),
(408, '00:00:00', '23:59:59', 0, 0, 408, 1, 0, ''),
(409, '00:00:00', '23:59:59', 0, 0, 409, 1, 0, ''),
(410, '00:00:00', '23:59:59', 0, 0, 410, 1, 0, ''),
(411, '00:00:00', '23:59:59', 0, 0, 411, 1, 0, ''),
(412, '00:00:00', '23:59:59', 0, 0, 412, 1, 0, ''),
(413, '00:00:00', '23:59:59', 0, 0, 413, 1, 0, ''),
(414, '00:00:00', '23:59:59', 0, 0, 414, 1, 0, ''),
(415, '00:00:00', '23:59:59', 0, 0, 415, 1, 0, ''),
(416, '00:00:00', '23:59:59', 0, 0, 416, 1, 0, ''),
(417, '00:00:00', '23:59:59', 0, 0, 417, 1, 0, ''),
(418, '00:00:00', '23:59:59', 0, 0, 418, 1, 0, ''),
(419, '00:00:00', '23:59:59', 0, 0, 419, 1, 0, ''),
(420, '00:00:00', '23:59:59', 0, 0, 420, 1, 0, ''),
(421, '00:00:00', '23:59:59', 0, 0, 421, 1, 0, ''),
(422, '00:00:00', '23:59:59', 0, 0, 422, 1, 0, ''),
(423, '00:00:00', '23:59:59', 0, 0, 423, 1, 0, ''),
(424, '00:00:00', '23:59:59', 0, 0, 424, 1, 0, ''),
(425, '00:00:00', '23:59:59', 0, 0, 425, 1, 0, ''),
(426, '00:00:00', '23:59:59', 0, 0, 426, 1, 0, ''),
(427, '00:00:00', '23:59:59', 0, 0, 427, 1, 0, ''),
(428, '00:00:00', '23:59:59', 0, 0, 428, 1, 0, ''),
(429, '00:00:00', '23:59:59', 0, 0, 429, 1, 0, ''),
(430, '00:00:00', '23:59:59', 0, 0, 430, 1, 0, ''),
(431, '00:00:00', '23:59:59', 0, 0, 431, 1, 0, ''),
(432, '00:00:00', '23:59:59', 0, 0, 432, 1, 0, ''),
(433, '00:00:00', '23:59:59', 0, 0, 433, 1, 0, ''),
(434, '00:00:00', '23:59:59', 0, 0, 434, 1, 0, ''),
(435, '00:00:00', '23:59:59', 0, 0, 435, 1, 0, ''),
(436, '00:00:00', '23:59:59', 0, 0, 436, 1, 0, ''),
(437, '00:00:00', '23:59:59', 0, 0, 437, 1, 0, ''),
(438, '00:00:00', '23:59:59', 0, 0, 438, 1, 0, ''),
(439, '00:00:00', '23:59:59', 0, 0, 439, 1, 0, ''),
(440, '00:00:00', '23:59:59', 0, 0, 440, 1, 0, ''),
(441, '00:00:00', '23:59:59', 0, 0, 441, 1, 0, ''),
(442, '00:00:00', '23:59:59', 0, 0, 442, 1, 0, ''),
(443, '00:00:00', '23:59:59', 0, 0, 443, 1, 0, ''),
(444, '00:00:00', '23:59:59', 0, 0, 444, 1, 0, ''),
(445, '00:00:00', '23:59:59', 0, 0, 445, 1, 0, ''),
(446, '00:00:00', '23:59:59', 0, 0, 446, 1, 0, ''),
(447, '00:00:00', '23:59:59', 0, 0, 447, 1, 0, ''),
(448, '00:00:00', '23:59:59', 0, 0, 448, 1, 0, ''),
(449, '00:00:00', '23:59:59', 0, 0, 449, 1, 0, ''),
(450, '00:00:00', '23:59:59', 0, 0, 450, 1, 0, ''),
(451, '00:00:00', '23:59:59', 0, 0, 451, 1, 0, ''),
(452, '00:00:00', '23:59:59', 0, 0, 452, 1, 0, ''),
(453, '00:00:00', '23:59:59', 0, 0, 453, 1, 0, ''),
(454, '00:00:00', '23:59:59', 0, 0, 454, 1, 0, ''),
(455, '00:00:00', '23:59:59', 0, 0, 455, 1, 0, ''),
(456, '00:00:00', '23:59:59', 0, 0, 456, 1, 0, ''),
(457, '00:00:00', '23:59:59', 0, 0, 457, 1, 0, ''),
(458, '00:00:00', '23:59:59', 0, 0, 458, 1, 0, ''),
(459, '00:00:00', '23:59:59', 0, 0, 459, 1, 0, ''),
(460, '00:00:00', '23:59:59', 0, 0, 460, 1, 0, ''),
(461, '00:00:00', '23:59:59', 0, 0, 461, 1, 0, ''),
(462, '00:00:00', '23:59:59', 0, 0, 462, 1, 0, ''),
(463, '00:00:00', '23:59:59', 0, 0, 463, 1, 0, ''),
(464, '00:00:00', '23:59:59', 0, 0, 464, 1, 0, ''),
(465, '00:00:00', '23:59:59', 0, 0, 465, 1, 0, ''),
(466, '00:00:00', '23:59:59', 0, 0, 466, 1, 0, ''),
(467, '00:00:00', '23:59:59', 0, 0, 467, 1, 0, ''),
(468, '00:00:00', '23:59:59', 0, 0, 468, 1, 0, ''),
(469, '00:00:00', '23:59:59', 0, 0, 469, 1, 0, ''),
(470, '00:00:00', '23:59:59', 0, 0, 470, 1, 0, ''),
(471, '00:00:00', '23:59:59', 0, 0, 471, 1, 0, ''),
(472, '00:00:00', '23:59:59', 0, 0, 472, 1, 0, ''),
(473, '00:00:00', '23:59:59', 0, 0, 473, 1, 0, ''),
(474, '00:00:00', '23:59:59', 0, 0, 474, 1, 0, ''),
(475, '00:00:00', '23:59:59', 0, 0, 475, 1, 0, ''),
(476, '00:00:00', '23:59:59', 0, 0, 476, 1, 0, ''),
(477, '00:00:00', '23:59:59', 0, 0, 477, 1, 0, ''),
(478, '00:00:00', '23:59:59', 0, 0, 478, 1, 0, ''),
(479, '00:00:00', '23:59:59', 0, 0, 479, 1, 0, ''),
(480, '00:00:00', '23:59:59', 0, 0, 480, 1, 0, ''),
(481, '00:00:00', '23:59:59', 0, 0, 481, 1, 0, ''),
(482, '00:00:00', '23:59:59', 0, 0, 482, 1, 0, ''),
(483, '00:00:00', '23:59:59', 0, 0, 483, 1, 0, ''),
(484, '00:00:00', '23:59:59', 0, 0, 484, 1, 0, ''),
(485, '00:00:00', '23:59:59', 0, 0, 485, 1, 0, ''),
(486, '00:00:00', '23:59:59', 0, 0, 486, 1, 0, ''),
(487, '00:00:00', '23:59:59', 0, 0, 487, 1, 0, ''),
(488, '00:00:00', '23:59:59', 0, 0, 488, 1, 0, ''),
(489, '00:00:00', '23:59:59', 0, 0, 489, 1, 0, ''),
(490, '00:00:00', '23:59:59', 0, 0, 490, 1, 0, ''),
(491, '00:00:00', '23:59:59', 0, 0, 491, 1, 0, ''),
(492, '00:00:00', '23:59:59', 0, 0, 492, 1, 0, ''),
(493, '00:00:00', '23:59:59', 0, 0, 493, 1, 0, ''),
(494, '00:00:00', '23:59:59', 0, 0, 494, 1, 0, ''),
(495, '00:00:00', '23:59:59', 0, 0, 495, 1, 0, ''),
(496, '00:00:00', '23:59:59', 0, 0, 496, 1, 0, ''),
(497, '00:00:00', '23:59:59', 0, 0, 497, 1, 0, ''),
(498, '00:00:00', '23:59:59', 0, 0, 498, 1, 0, ''),
(499, '00:00:00', '23:59:59', 0, 0, 499, 1, 0, ''),
(500, '00:00:00', '23:59:59', 0, 0, 500, 1, 0, ''),
(501, '00:00:00', '23:59:59', 0, 0, 501, 1, 0, ''),
(502, '00:00:00', '23:59:59', 0, 0, 502, 1, 0, ''),
(503, '00:00:00', '23:59:59', 0.45, 0, 503, 1, 0, ''),
(504, '00:00:00', '23:59:59', 0.31, 0, 504, 1, 0, ''),
(505, '00:00:00', '23:59:59', 0.53, 0, 505, 1, 0, ''),
(506, '00:00:00', '23:59:59', 0.212, 0, 506, 1, 0, ''),
(507, '00:00:00', '23:59:59', 0.333, 0, 507, 1, 0, ''),
(508, '00:00:00', '23:59:59', 0.123, 0, 508, 1, 0, ''),
(509, '00:00:00', '23:59:59', 0.53, 0, 509, 1, 0, ''),
(510, '00:00:00', '23:59:59', 0.31, 0, 510, 1, 0, ''),
(511, '00:00:00', '23:59:59', 0.45, 0, 511, 1, 0, ''),
(512, '00:00:00', '23:59:59', 0.333, 0, 512, 1, 0, ''),
(513, '00:00:00', '23:59:59', 0.212, 0, 513, 1, 0, ''),
(514, '00:00:00', '23:59:59', 0.123, 0, 514, 1, 0, ''),
(515, '00:00:00', '23:59:59', 0.789, 0, 539, 1, 0, ''),
(516, '00:00:00', '23:59:59', 0.879, 0, 540, 1, 0, ''),
(517, '00:00:00', '23:59:59', 0.678, 0, 541, 1, 0, ''),
(518, '00:00:00', '23:59:59', 0.0456, 0, 542, 1, 0, ''),
(519, '00:00:00', '23:59:59', 0.0567, 0, 543, 1, 0, ''),
(520, '00:00:00', '23:59:59', 0.0398, 0, 544, 1, 0, ''),
(521, '00:00:00', '23:59:59', 0.712, 0, 545, 1, 0, ''),
(522, '00:00:00', '23:59:59', 0.832, 0, 546, 1, 0, ''),
(523, '00:00:00', '23:59:59', 0.645, 0, 547, 1, 0, ''),
(524, '00:00:00', '23:59:59', 0.0777, 0, 548, 1, 0, ''),
(525, '00:00:00', '23:59:59', 0.0657, 0, 549, 1, 0, ''),
(526, '00:00:00', '23:59:59', 0.04, 0, 550, 1, 0, ''),
(527, '00:00:00', '23:59:59', 0.689, 0, 551, 1, 0, ''),
(528, '00:00:00', '23:59:59', 0.74, 0, 552, 1, 0, ''),
(529, '00:00:00', '23:59:59', 0.666, 0, 553, 1, 0, ''),
(530, '00:00:00', '23:59:59', 0.0521, 0, 554, 1, 0, ''),
(531, '00:00:00', '23:59:59', 0.06, 0, 555, 1, 0, ''),
(532, '00:00:00', '23:59:59', 0.0501, 0, 556, 1, 0, ''),
(533, '00:00:00', '23:59:59', 0.5, 0, 557, 1, 0, ''),
(534, '00:00:00', '23:59:59', 0.721, 0, 558, 1, 0, ''),
(535, '00:00:00', '23:59:59', 0, 0, 559, 1, 0, ''),
(536, '00:00:00', '23:59:59', 0.08, 0, 560, 1, 0, ''),
(537, '00:00:00', '23:59:59', 0.0877, 0, 561, 1, 0, ''),
(538, '00:00:00', '23:59:59', 0.0743, 0, 562, 1, 0, ''),
(539, '00:00:00', '23:59:59', 0.4895, 0, 569, 1, 0, ''),
(540, '00:00:00', '23:59:59', 0.499, 0, 570, 1, 0, ''),
(541, '00:00:00', '23:59:59', 0.4801, 0, 571, 1, 0, ''),
(542, '00:00:00', '23:59:59', 0.1, 0, 572, 1, 0, ''),
(543, '00:00:00', '23:59:59', 0.123, 0, 573, 1, 0, ''),
(544, '00:00:00', '23:59:59', 0.0933, 0, 574, 1, 0, ''),
(545, '00:00:00', '23:59:59', 0.545, 0, 575, 1, 0, ''),
(546, '00:00:00', '23:59:59', 0.31, 0, 576, 1, 0, ''),
(547, '00:00:00', '23:59:59', 0.443, 0, 577, 1, 0, ''),
(548, '00:00:00', '23:59:59', 0.545, 0, 578, 1, 0, ''),
(549, '00:00:00', '23:59:59', 0.343, 0, 579, 1, 0, ''),
(550, '00:00:00', '23:59:59', 0.2, 0, 580, 1, 0, ''),
(551, '00:00:00', '23:59:59', 0.123, 0, 581, 1, 0, ''),
(552, '00:00:00', '23:59:59', 0.485, 0, 588, 1, 0, ''),
(553, '00:00:00', '23:59:59', 0.487, 0, 589, 1, 0, ''),
(554, '00:00:00', '23:59:59', 0.4799, 0, 590, 1, 0, ''),
(555, '00:00:00', '23:59:59', 0.103, 0, 591, 1, 0, ''),
(556, '00:00:00', '23:59:59', 0.131, 0, 592, 1, 0, ''),
(557, '00:00:00', '23:59:59', 0.101, 0, 593, 1, 0, ''),
(558, '00:00:00', '23:59:59', 0.4832, 0, 600, 1, 0, ''),
(559, '00:00:00', '23:59:59', 0.4872, 0, 601, 1, 0, ''),
(560, '00:00:00', '23:59:59', 0.482, 0, 602, 1, 0, ''),
(561, '00:00:00', '23:59:59', 0.105, 0, 603, 1, 0, ''),
(562, '00:00:00', '23:59:59', 0.144, 0, 604, 1, 0, ''),
(563, '00:00:00', '23:59:59', 0.104, 0, 605, 1, 0, ''),
(564, '00:00:00', '23:59:59', 0.6, 0, 606, 1, 0, ''),
(565, '00:00:00', '23:59:59', 0.31, 0, 607, 1, 0, ''),
(566, '00:00:00', '23:59:59', 0.442, 0, 608, 1, 0, ''),
(567, '00:00:00', '23:59:59', 0.433, 0, 609, 1, 0, ''),
(568, '00:00:00', '23:59:59', 0.199, 0, 610, 1, 0, ''),
(569, '00:00:00', '23:59:59', 0.123, 0, 611, 1, 0, ''),
(570, '00:00:00', '23:59:59', 0.4733, 0, 618, 1, 0, ''),
(571, '00:00:00', '23:59:59', 0.4747, 0, 619, 1, 0, ''),
(572, '00:00:00', '23:59:59', 0.473, 0, 620, 1, 0, ''),
(573, '00:00:00', '23:59:59', 0.111, 0, 621, 1, 0, ''),
(574, '00:00:00', '23:59:59', 0.124, 0, 622, 1, 0, ''),
(575, '00:00:00', '23:59:59', 0.109, 0, 623, 1, 0, '');
delete from aratedetails;
INSERT INTO `aratedetails` (`id`, `from`, `duration`, `artype`, `round`, `price`, `rate_id`, `start_time`, `end_time`, `daytype`) VALUES
(1, 1, -1, 'minute', 1, 0.1, 252, '00:00:00', '23:59:59', ''),
(2, 1, -1, 'minute', 1, 0.1, 253, '00:00:00', '23:59:59', ''),
(3, 1, -1, 'minute', 1, 0.1, 254, '00:00:00', '23:59:59', ''),
(4, 1, -1, 'minute', 1, 0.1, 255, '00:00:00', '23:59:59', ''),
(5, 1, -1, 'minute', 1, 0.1, 256, '00:00:00', '23:59:59', ''),
(6, 1, -1, 'minute', 1, 0.1, 257, '00:00:00', '23:59:59', ''),
(7, 1, -1, 'minute', 1, 0.1, 258, '00:00:00', '23:59:59', ''),
(8, 1, -1, 'minute', 1, 0.1, 259, '00:00:00', '23:59:59', ''),
(9, 1, -1, 'minute', 1, 0.1, 260, '00:00:00', '23:59:59', ''),
(10, 1, -1, 'minute', 1, 0.1, 261, '00:00:00', '23:59:59', ''),
(11, 1, -1, 'minute', 1, 0.1, 262, '00:00:00', '23:59:59', ''),
(12, 1, -1, 'minute', 1, 0.1, 263, '00:00:00', '23:59:59', ''),
(13, 1, -1, 'minute', 1, 0.1, 264, '00:00:00', '23:59:59', ''),
(14, 1, -1, 'minute', 1, 0.1, 265, '00:00:00', '23:59:59', ''),
(15, 1, -1, 'minute', 1, 0.1, 266, '00:00:00', '23:59:59', ''),
(16, 1, -1, 'minute', 1, 0.1, 267, '00:00:00', '23:59:59', ''),
(17, 1, -1, 'minute', 1, 0.1, 268, '00:00:00', '23:59:59', ''),
(18, 1, -1, 'minute', 1, 0.1, 269, '00:00:00', '23:59:59', ''),
(19, 1, -1, 'minute', 1, 0.1, 270, '00:00:00', '23:59:59', ''),
(20, 1, -1, 'minute', 1, 0.1, 271, '00:00:00', '23:59:59', ''),
(21, 1, -1, 'minute', 1, 0.1, 272, '00:00:00', '23:59:59', ''),
(22, 1, -1, 'minute', 1, 0.1, 273, '00:00:00', '23:59:59', ''),
(23, 1, -1, 'minute', 1, 0.1, 274, '00:00:00', '23:59:59', ''),
(24, 1, -1, 'minute', 1, 0.1, 275, '00:00:00', '23:59:59', ''),
(25, 1, -1, 'minute', 1, 0.1, 276, '00:00:00', '23:59:59', ''),
(26, 1, -1, 'minute', 1, 0.1, 277, '00:00:00', '23:59:59', ''),
(27, 1, -1, 'minute', 1, 0.1, 278, '00:00:00', '23:59:59', ''),
(28, 1, -1, 'minute', 1, 0.1, 279, '00:00:00', '23:59:59', ''),
(29, 1, -1, 'minute', 1, 0.1, 280, '00:00:00', '23:59:59', ''),
(30, 1, -1, 'minute', 1, 0.1, 281, '00:00:00', '23:59:59', ''),
(31, 1, -1, 'minute', 1, 0.1, 282, '00:00:00', '23:59:59', ''),
(32, 1, -1, 'minute', 1, 0.1, 283, '00:00:00', '23:59:59', ''),
(33, 1, -1, 'minute', 1, 0.1, 284, '00:00:00', '23:59:59', ''),
(34, 1, -1, 'minute', 1, 0.1, 285, '00:00:00', '23:59:59', ''),
(35, 1, -1, 'minute', 1, 0.1, 286, '00:00:00', '23:59:59', ''),
(36, 1, -1, 'minute', 1, 0.1, 287, '00:00:00', '23:59:59', ''),
(37, 1, -1, 'minute', 1, 0.1, 288, '00:00:00', '23:59:59', ''),
(38, 1, -1, 'minute', 1, 0.1, 289, '00:00:00', '23:59:59', ''),
(39, 1, -1, 'minute', 1, 0.1, 290, '00:00:00', '23:59:59', ''),
(40, 1, -1, 'minute', 1, 0.1, 291, '00:00:00', '23:59:59', ''),
(41, 1, -1, 'minute', 1, 0.1, 292, '00:00:00', '23:59:59', ''),
(42, 1, -1, 'minute', 1, 0.1, 293, '00:00:00', '23:59:59', ''),
(43, 1, -1, 'minute', 1, 0.1, 294, '00:00:00', '23:59:59', ''),
(44, 1, -1, 'minute', 1, 0.1, 295, '00:00:00', '23:59:59', ''),
(45, 1, -1, 'minute', 1, 0.1, 296, '00:00:00', '23:59:59', ''),
(46, 1, -1, 'minute', 1, 0.1, 297, '00:00:00', '23:59:59', ''),
(47, 1, -1, 'minute', 1, 0.1, 298, '00:00:00', '23:59:59', ''),
(48, 1, -1, 'minute', 1, 0.1, 299, '00:00:00', '23:59:59', ''),
(49, 1, -1, 'minute', 1, 0.1, 300, '00:00:00', '23:59:59', ''),
(50, 1, -1, 'minute', 1, 0.1, 301, '00:00:00', '23:59:59', ''),
(51, 1, -1, 'minute', 1, 0.1, 302, '00:00:00', '23:59:59', ''),
(52, 1, -1, 'minute', 1, 0.1, 303, '00:00:00', '23:59:59', ''),
(53, 1, -1, 'minute', 1, 0.1, 304, '00:00:00', '23:59:59', ''),
(54, 1, -1, 'minute', 1, 0.1, 305, '00:00:00', '23:59:59', ''),
(55, 1, -1, 'minute', 1, 0.1, 306, '00:00:00', '23:59:59', ''),
(56, 1, -1, 'minute', 1, 0.1, 307, '00:00:00', '23:59:59', ''),
(57, 1, -1, 'minute', 1, 0.1, 308, '00:00:00', '23:59:59', ''),
(58, 1, -1, 'minute', 1, 0.1, 309, '00:00:00', '23:59:59', ''),
(59, 1, -1, 'minute', 1, 0.1, 310, '00:00:00', '23:59:59', ''),
(60, 1, -1, 'minute', 1, 0.1, 311, '00:00:00', '23:59:59', ''),
(61, 1, -1, 'minute', 1, 0.1, 312, '00:00:00', '23:59:59', ''),
(62, 1, -1, 'minute', 1, 0.1, 313, '00:00:00', '23:59:59', ''),
(63, 1, -1, 'minute', 1, 0.1, 314, '00:00:00', '23:59:59', ''),
(64, 1, -1, 'minute', 1, 0.1, 315, '00:00:00', '23:59:59', ''),
(65, 1, -1, 'minute', 1, 0.1, 316, '00:00:00', '23:59:59', ''),
(66, 1, -1, 'minute', 1, 0.1, 317, '00:00:00', '23:59:59', ''),
(67, 1, -1, 'minute', 1, 0.1, 318, '00:00:00', '23:59:59', ''),
(68, 1, -1, 'minute', 1, 0.1, 319, '00:00:00', '23:59:59', ''),
(69, 1, -1, 'minute', 1, 0.1, 320, '00:00:00', '23:59:59', ''),
(70, 1, -1, 'minute', 1, 0.1, 321, '00:00:00', '23:59:59', ''),
(71, 1, -1, 'minute', 1, 0.1, 322, '00:00:00', '23:59:59', ''),
(72, 1, -1, 'minute', 1, 0.1, 323, '00:00:00', '23:59:59', ''),
(73, 1, -1, 'minute', 1, 0.1, 324, '00:00:00', '23:59:59', ''),
(74, 1, -1, 'minute', 1, 0.1, 325, '00:00:00', '23:59:59', ''),
(75, 1, -1, 'minute', 1, 0.1, 326, '00:00:00', '23:59:59', ''),
(76, 1, -1, 'minute', 1, 0.1, 327, '00:00:00', '23:59:59', ''),
(77, 1, -1, 'minute', 1, 0.1, 328, '00:00:00', '23:59:59', ''),
(78, 1, -1, 'minute', 1, 0.1, 329, '00:00:00', '23:59:59', ''),
(79, 1, -1, 'minute', 1, 0.1, 330, '00:00:00', '23:59:59', ''),
(80, 1, -1, 'minute', 1, 0.1, 331, '00:00:00', '23:59:59', ''),
(81, 1, -1, 'minute', 1, 0.1, 332, '00:00:00', '23:59:59', ''),
(82, 1, -1, 'minute', 1, 0.1, 333, '00:00:00', '23:59:59', ''),
(83, 1, -1, 'minute', 1, 0.1, 334, '00:00:00', '23:59:59', ''),
(84, 1, -1, 'minute', 1, 0.1, 335, '00:00:00', '23:59:59', ''),
(85, 1, -1, 'minute', 1, 0.1, 336, '00:00:00', '23:59:59', ''),
(86, 1, -1, 'minute', 1, 0.1, 337, '00:00:00', '23:59:59', ''),
(87, 1, -1, 'minute', 1, 0.1, 338, '00:00:00', '23:59:59', ''),
(88, 1, -1, 'minute', 1, 0.1, 339, '00:00:00', '23:59:59', ''),
(89, 1, -1, 'minute', 1, 0.1, 340, '00:00:00', '23:59:59', ''),
(90, 1, -1, 'minute', 1, 0.1, 341, '00:00:00', '23:59:59', ''),
(91, 1, -1, 'minute', 1, 0.1, 342, '00:00:00', '23:59:59', ''),
(92, 1, -1, 'minute', 1, 0.1, 343, '00:00:00', '23:59:59', ''),
(93, 1, -1, 'minute', 1, 0.1, 344, '00:00:00', '23:59:59', ''),
(94, 1, -1, 'minute', 1, 0.1, 345, '00:00:00', '23:59:59', ''),
(95, 1, -1, 'minute', 1, 0.1, 346, '00:00:00', '23:59:59', ''),
(96, 1, -1, 'minute', 1, 0.1, 347, '00:00:00', '23:59:59', ''),
(97, 1, -1, 'minute', 1, 0.1, 348, '00:00:00', '23:59:59', ''),
(98, 1, -1, 'minute', 1, 0.1, 349, '00:00:00', '23:59:59', ''),
(99, 1, -1, 'minute', 1, 0.1, 350, '00:00:00', '23:59:59', ''),
(100, 1, -1, 'minute', 1, 0.1, 351, '00:00:00', '23:59:59', ''),
(101, 1, -1, 'minute', 1, 0.1, 352, '00:00:00', '23:59:59', ''),
(102, 1, -1, 'minute', 1, 0.1, 353, '00:00:00', '23:59:59', ''),
(103, 1, -1, 'minute', 1, 0.1, 354, '00:00:00', '23:59:59', ''),
(104, 1, -1, 'minute', 1, 0.1, 355, '00:00:00', '23:59:59', ''),
(105, 1, -1, 'minute', 1, 0.1, 356, '00:00:00', '23:59:59', ''),
(106, 1, -1, 'minute', 1, 0.1, 357, '00:00:00', '23:59:59', ''),
(107, 1, -1, 'minute', 1, 0.1, 358, '00:00:00', '23:59:59', ''),
(108, 1, -1, 'minute', 1, 0.1, 359, '00:00:00', '23:59:59', ''),
(109, 1, -1, 'minute', 1, 0.1, 360, '00:00:00', '23:59:59', ''),
(110, 1, -1, 'minute', 1, 0.1, 361, '00:00:00', '23:59:59', ''),
(111, 1, -1, 'minute', 1, 0.1, 362, '00:00:00', '23:59:59', ''),
(112, 1, -1, 'minute', 1, 0.1, 363, '00:00:00', '23:59:59', ''),
(113, 1, -1, 'minute', 1, 0.1, 364, '00:00:00', '23:59:59', ''),
(114, 1, -1, 'minute', 1, 0.1, 365, '00:00:00', '23:59:59', ''),
(115, 1, -1, 'minute', 1, 0.1, 366, '00:00:00', '23:59:59', ''),
(116, 1, -1, 'minute', 1, 0.1, 367, '00:00:00', '23:59:59', ''),
(117, 1, -1, 'minute', 1, 0.1, 368, '00:00:00', '23:59:59', ''),
(118, 1, -1, 'minute', 1, 0.1, 369, '00:00:00', '23:59:59', ''),
(119, 1, -1, 'minute', 1, 0.1, 370, '00:00:00', '23:59:59', ''),
(120, 1, -1, 'minute', 1, 0.1, 371, '00:00:00', '23:59:59', ''),
(121, 1, -1, 'minute', 1, 0.1, 372, '00:00:00', '23:59:59', ''),
(122, 1, -1, 'minute', 1, 0.1, 373, '00:00:00', '23:59:59', ''),
(123, 1, -1, 'minute', 1, 0.1, 374, '00:00:00', '23:59:59', ''),
(124, 1, -1, 'minute', 1, 0.1, 375, '00:00:00', '23:59:59', ''),
(125, 1, -1, 'minute', 1, 0.1, 376, '00:00:00', '23:59:59', ''),
(126, 1, -1, 'minute', 1, 0.1, 377, '00:00:00', '23:59:59', ''),
(127, 1, -1, 'minute', 1, 0.1, 378, '00:00:00', '23:59:59', ''),
(128, 1, -1, 'minute', 1, 0.1, 379, '00:00:00', '23:59:59', ''),
(129, 1, -1, 'minute', 1, 0.1, 380, '00:00:00', '23:59:59', ''),
(130, 1, -1, 'minute', 1, 0.1, 381, '00:00:00', '23:59:59', ''),
(131, 1, -1, 'minute', 1, 0.1, 382, '00:00:00', '23:59:59', ''),
(132, 1, -1, 'minute', 1, 0.1, 383, '00:00:00', '23:59:59', ''),
(133, 1, -1, 'minute', 1, 0.1, 384, '00:00:00', '23:59:59', ''),
(134, 1, -1, 'minute', 1, 0.1, 385, '00:00:00', '23:59:59', ''),
(135, 1, -1, 'minute', 1, 0.1, 386, '00:00:00', '23:59:59', ''),
(136, 1, -1, 'minute', 1, 0.1, 387, '00:00:00', '23:59:59', ''),
(137, 1, -1, 'minute', 1, 0.1, 388, '00:00:00', '23:59:59', ''),
(138, 1, -1, 'minute', 1, 0.1, 389, '00:00:00', '23:59:59', ''),
(139, 1, -1, 'minute', 1, 0.1, 390, '00:00:00', '23:59:59', ''),
(140, 1, -1, 'minute', 1, 0.1, 391, '00:00:00', '23:59:59', ''),
(141, 1, -1, 'minute', 1, 0.1, 392, '00:00:00', '23:59:59', ''),
(142, 1, -1, 'minute', 1, 0.1, 393, '00:00:00', '23:59:59', ''),
(143, 1, -1, 'minute', 1, 0.1, 394, '00:00:00', '23:59:59', ''),
(144, 1, -1, 'minute', 1, 0.1, 395, '00:00:00', '23:59:59', ''),
(145, 1, -1, 'minute', 1, 0.1, 396, '00:00:00', '23:59:59', ''),
(146, 1, -1, 'minute', 1, 0.1, 397, '00:00:00', '23:59:59', ''),
(147, 1, -1, 'minute', 1, 0.1, 398, '00:00:00', '23:59:59', ''),
(148, 1, -1, 'minute', 1, 0.1, 399, '00:00:00', '23:59:59', ''),
(149, 1, -1, 'minute', 1, 0.1, 400, '00:00:00', '23:59:59', ''),
(150, 1, -1, 'minute', 1, 0.1, 401, '00:00:00', '23:59:59', ''),
(151, 1, -1, 'minute', 1, 0.1, 402, '00:00:00', '23:59:59', ''),
(152, 1, -1, 'minute', 1, 0.1, 403, '00:00:00', '23:59:59', ''),
(153, 1, -1, 'minute', 1, 0.1, 404, '00:00:00', '23:59:59', ''),
(154, 1, -1, 'minute', 1, 0.1, 405, '00:00:00', '23:59:59', ''),
(155, 1, -1, 'minute', 1, 0.1, 406, '00:00:00', '23:59:59', ''),
(156, 1, -1, 'minute', 1, 0.1, 407, '00:00:00', '23:59:59', ''),
(157, 1, -1, 'minute', 1, 0.1, 408, '00:00:00', '23:59:59', ''),
(158, 1, -1, 'minute', 1, 0.1, 409, '00:00:00', '23:59:59', ''),
(159, 1, -1, 'minute', 1, 0.1, 410, '00:00:00', '23:59:59', ''),
(160, 1, -1, 'minute', 1, 0.1, 411, '00:00:00', '23:59:59', ''),
(161, 1, -1, 'minute', 1, 0.1, 412, '00:00:00', '23:59:59', ''),
(162, 1, -1, 'minute', 1, 0.1, 413, '00:00:00', '23:59:59', ''),
(163, 1, -1, 'minute', 1, 0.1, 414, '00:00:00', '23:59:59', ''),
(164, 1, -1, 'minute', 1, 0.1, 415, '00:00:00', '23:59:59', ''),
(165, 1, -1, 'minute', 1, 0.1, 416, '00:00:00', '23:59:59', ''),
(166, 1, -1, 'minute', 1, 0.1, 417, '00:00:00', '23:59:59', ''),
(167, 1, -1, 'minute', 1, 0.1, 418, '00:00:00', '23:59:59', ''),
(168, 1, -1, 'minute', 1, 0.1, 419, '00:00:00', '23:59:59', ''),
(169, 1, -1, 'minute', 1, 0.1, 420, '00:00:00', '23:59:59', ''),
(170, 1, -1, 'minute', 1, 0.1, 421, '00:00:00', '23:59:59', ''),
(171, 1, -1, 'minute', 1, 0.1, 422, '00:00:00', '23:59:59', ''),
(172, 1, -1, 'minute', 1, 0.1, 423, '00:00:00', '23:59:59', ''),
(173, 1, -1, 'minute', 1, 0.1, 424, '00:00:00', '23:59:59', ''),
(174, 1, -1, 'minute', 1, 0.1, 425, '00:00:00', '23:59:59', ''),
(175, 1, -1, 'minute', 1, 0.1, 426, '00:00:00', '23:59:59', ''),
(176, 1, -1, 'minute', 1, 0.1, 427, '00:00:00', '23:59:59', ''),
(177, 1, -1, 'minute', 1, 0.1, 428, '00:00:00', '23:59:59', ''),
(178, 1, -1, 'minute', 1, 0.1, 429, '00:00:00', '23:59:59', ''),
(179, 1, -1, 'minute', 1, 0.1, 430, '00:00:00', '23:59:59', ''),
(180, 1, -1, 'minute', 1, 0.1, 431, '00:00:00', '23:59:59', ''),
(181, 1, -1, 'minute', 1, 0.1, 432, '00:00:00', '23:59:59', ''),
(182, 1, -1, 'minute', 1, 0.1, 433, '00:00:00', '23:59:59', ''),
(183, 1, -1, 'minute', 1, 0.1, 434, '00:00:00', '23:59:59', ''),
(184, 1, -1, 'minute', 1, 0.1, 435, '00:00:00', '23:59:59', ''),
(185, 1, -1, 'minute', 1, 0.1, 436, '00:00:00', '23:59:59', ''),
(186, 1, -1, 'minute', 1, 0.1, 437, '00:00:00', '23:59:59', ''),
(187, 1, -1, 'minute', 1, 0.1, 438, '00:00:00', '23:59:59', ''),
(188, 1, -1, 'minute', 1, 0.1, 439, '00:00:00', '23:59:59', ''),
(189, 1, -1, 'minute', 1, 0.1, 440, '00:00:00', '23:59:59', ''),
(190, 1, -1, 'minute', 1, 0.1, 441, '00:00:00', '23:59:59', ''),
(191, 1, -1, 'minute', 1, 0.1, 442, '00:00:00', '23:59:59', ''),
(192, 1, -1, 'minute', 1, 0.1, 443, '00:00:00', '23:59:59', ''),
(193, 1, -1, 'minute', 1, 0.1, 444, '00:00:00', '23:59:59', ''),
(194, 1, -1, 'minute', 1, 0.1, 445, '00:00:00', '23:59:59', ''),
(195, 1, -1, 'minute', 1, 0.1, 446, '00:00:00', '23:59:59', ''),
(196, 1, -1, 'minute', 1, 0.1, 447, '00:00:00', '23:59:59', ''),
(197, 1, -1, 'minute', 1, 0.1, 448, '00:00:00', '23:59:59', ''),
(198, 1, -1, 'minute', 1, 0.1, 449, '00:00:00', '23:59:59', ''),
(199, 1, -1, 'minute', 1, 0.1, 450, '00:00:00', '23:59:59', ''),
(200, 1, -1, 'minute', 1, 0.1, 451, '00:00:00', '23:59:59', ''),
(201, 1, -1, 'minute', 1, 0.1, 452, '00:00:00', '23:59:59', ''),
(202, 1, -1, 'minute', 1, 0.1, 453, '00:00:00', '23:59:59', ''),
(203, 1, -1, 'minute', 1, 0.1, 454, '00:00:00', '23:59:59', ''),
(204, 1, -1, 'minute', 1, 0.1, 455, '00:00:00', '23:59:59', ''),
(205, 1, -1, 'minute', 1, 0.1, 456, '00:00:00', '23:59:59', ''),
(206, 1, -1, 'minute', 1, 0.1, 457, '00:00:00', '23:59:59', ''),
(207, 1, -1, 'minute', 1, 0.1, 458, '00:00:00', '23:59:59', ''),
(208, 1, -1, 'minute', 1, 0.1, 459, '00:00:00', '23:59:59', ''),
(209, 1, -1, 'minute', 1, 0.1, 460, '00:00:00', '23:59:59', ''),
(210, 1, -1, 'minute', 1, 0.1, 461, '00:00:00', '23:59:59', ''),
(211, 1, -1, 'minute', 1, 0.1, 462, '00:00:00', '23:59:59', ''),
(212, 1, -1, 'minute', 1, 0.1, 463, '00:00:00', '23:59:59', ''),
(213, 1, -1, 'minute', 1, 0.1, 464, '00:00:00', '23:59:59', ''),
(214, 1, -1, 'minute', 1, 0.1, 465, '00:00:00', '23:59:59', ''),
(215, 1, -1, 'minute', 1, 0.1, 466, '00:00:00', '23:59:59', ''),
(216, 1, -1, 'minute', 1, 0.1, 467, '00:00:00', '23:59:59', ''),
(217, 1, -1, 'minute', 1, 0.1, 468, '00:00:00', '23:59:59', ''),
(218, 1, -1, 'minute', 1, 0.1, 469, '00:00:00', '23:59:59', ''),
(219, 1, -1, 'minute', 1, 0.1, 470, '00:00:00', '23:59:59', ''),
(220, 1, -1, 'minute', 1, 0.1, 471, '00:00:00', '23:59:59', ''),
(221, 1, -1, 'minute', 1, 0.1, 472, '00:00:00', '23:59:59', ''),
(222, 1, -1, 'minute', 1, 0.1, 473, '00:00:00', '23:59:59', ''),
(223, 1, -1, 'minute', 1, 0.1, 474, '00:00:00', '23:59:59', ''),
(224, 1, -1, 'minute', 1, 0.1, 475, '00:00:00', '23:59:59', ''),
(225, 1, -1, 'minute', 1, 0.1, 476, '00:00:00', '23:59:59', ''),
(226, 1, -1, 'minute', 1, 0.1, 477, '00:00:00', '23:59:59', ''),
(227, 1, -1, 'minute', 1, 0.1, 478, '00:00:00', '23:59:59', ''),
(228, 1, -1, 'minute', 1, 0.1, 479, '00:00:00', '23:59:59', ''),
(229, 1, -1, 'minute', 1, 0.1, 480, '00:00:00', '23:59:59', ''),
(230, 1, -1, 'minute', 1, 0.1, 481, '00:00:00', '23:59:59', ''),
(231, 1, -1, 'minute', 1, 0.1, 482, '00:00:00', '23:59:59', ''),
(232, 1, -1, 'minute', 1, 0.1, 483, '00:00:00', '23:59:59', ''),
(233, 1, -1, 'minute', 1, 0.1, 484, '00:00:00', '23:59:59', ''),
(234, 1, -1, 'minute', 1, 0.1, 485, '00:00:00', '23:59:59', ''),
(235, 1, -1, 'minute', 1, 0.1, 486, '00:00:00', '23:59:59', ''),
(236, 1, -1, 'minute', 1, 0.1, 487, '00:00:00', '23:59:59', ''),
(237, 1, -1, 'minute', 1, 0.533, 515, '00:00:00', '23:59:59', ''),
(238, 1, -1, 'minute', 1, 0.533, 516, '00:00:00', '23:59:59', ''),
(239, 1, -1, 'minute', 1, 0.533, 517, '00:00:00', '23:59:59', ''),
(240, 1, -1, 'minute', 1, 0.012, 518, '00:00:00', '23:59:59', ''),
(241, 1, -1, 'minute', 1, 0.012, 519, '00:00:00', '23:59:59', ''),
(242, 1, -1, 'minute', 1, 0.012, 520, '00:00:00', '23:59:59', ''),
(243, 1, -1, 'minute', 1, 0.567, 521, '00:00:00', '23:59:59', ''),
(244, 1, -1, 'minute', 1, 0.567, 522, '00:00:00', '23:59:59', ''),
(245, 1, -1, 'minute', 1, 0.567, 523, '00:00:00', '23:59:59', ''),
(246, 1, -1, 'minute', 1, 0.0034, 524, '00:00:00', '23:59:59', ''),
(247, 1, -1, 'minute', 1, 0.0034, 525, '00:00:00', '23:59:59', ''),
(248, 1, -1, 'minute', 1, 0.0034, 526, '00:00:00', '23:59:59', ''),
(249, 1, -1, 'minute', 1, 0.41, 527, '00:00:00', '23:59:59', ''),
(250, 1, -1, 'minute', 1, 0.41, 528, '00:00:00', '23:59:59', ''),
(251, 1, -1, 'minute', 1, 0.41, 529, '00:00:00', '23:59:59', ''),
(252, 1, -1, 'minute', 1, 0.0255, 530, '00:00:00', '23:59:59', ''),
(253, 1, -1, 'minute', 1, 0.0255, 531, '00:00:00', '23:59:59', ''),
(254, 1, -1, 'minute', 1, 0.0255, 532, '00:00:00', '23:59:59', ''),
(255, 1, -1, 'minute', 1, 0.4023, 533, '00:00:00', '23:59:59', ''),
(256, 1, -1, 'minute', 1, 0.4023, 534, '00:00:00', '23:59:59', ''),
(257, 1, -1, 'minute', 1, 0.4023, 535, '00:00:00', '23:59:59', ''),
(258, 1, -1, 'minute', 1, 0.04, 536, '00:00:00', '23:59:59', ''),
(259, 1, -1, 'minute', 1, 0.04, 537, '00:00:00', '23:59:59', ''),
(260, 1, -1, 'minute', 1, 0.04, 538, '00:00:00', '23:59:59', ''),
(261, 1, -1, 'minute', 1, 0.398, 563, '00:00:00', '23:59:59', ''),
(262, 1, -1, 'minute', 1, 0.398, 564, '00:00:00', '23:59:59', ''),
(263, 1, -1, 'minute', 1, 0.398, 565, '00:00:00', '23:59:59', ''),
(264, 1, -1, 'minute', 1, 0.0421, 566, '00:00:00', '23:59:59', ''),
(265, 1, -1, 'minute', 1, 0.0421, 567, '00:00:00', '23:59:59', ''),
(266, 1, -1, 'minute', 1, 0.0421, 568, '00:00:00', '23:59:59', ''),
(267, 1, -1, 'minute', 1, 0.397, 582, '00:00:00', '23:59:59', ''),
(268, 1, -1, 'minute', 1, 0.397, 583, '00:00:00', '23:59:59', ''),
(269, 1, -1, 'minute', 1, 0.397, 584, '00:00:00', '23:59:59', ''),
(270, 1, -1, 'minute', 1, 0.043, 585, '00:00:00', '23:59:59', ''),
(271, 1, -1, 'minute', 1, 0.043, 586, '00:00:00', '23:59:59', ''),
(272, 1, -1, 'minute', 1, 0.043, 587, '00:00:00', '23:59:59', ''),
(273, 1, -1, 'minute', 1, 0.298, 594, '00:00:00', '23:59:59', ''),
(274, 1, -1, 'minute', 1, 0.298, 595, '00:00:00', '23:59:59', ''),
(275, 1, -1, 'minute', 1, 0.298, 596, '00:00:00', '23:59:59', ''),
(276, 1, -1, 'minute', 1, 0.0445, 597, '00:00:00', '23:59:59', ''),
(277, 1, -1, 'minute', 1, 0.0445, 598, '00:00:00', '23:59:59', ''),
(278, 1, -1, 'minute', 1, 0.0445, 599, '00:00:00', '23:59:59', ''),
(279, 1, -1, 'minute', 1, 0.279, 612, '00:00:00', '23:59:59', ''),
(280, 1, -1, 'minute', 1, 0.279, 613, '00:00:00', '23:59:59', ''),
(281, 1, -1, 'minute', 1, 0.279, 614, '00:00:00', '23:59:59', ''),
(282, 1, -1, 'minute', 1, 0.0472, 615, '00:00:00', '23:59:59', ''),
(283, 1, -1, 'minute', 1, 0.0472, 616, '00:00:00', '23:59:59', ''),
(284, 1, -1, 'minute', 1, 0.0472, 617, '00:00:00', '23:59:59', '');
#LCR
INSERT INTO `lcrs` (`id`, `name`, `order`, `user_id`, `first_provider_percent_limit`, `failover_provider_id`, `no_failover`) VALUES
(2, 'rrspro_primary_LCR', 'price', 10, 0.000000000000000, NULL, 0),
(3, 'wrspro_primary_LCR', 'price', 11, 0.000000000000000, NULL, 0),
(4, 'LCR ordered by price', 'price', 0, 0.000000000000000, NULL, 0),
(5, 'LCR ordered by priority', 'priority', 0, 0.000000000000000, NULL, 0),
(6, 'LCR ordered by percent', 'percent', 0, 0.000000000000000, NULL, 0);
#Users
UPDATE `users` SET address_id=1 WHERE id=0;
UPDATE `users` SET address_id=5 WHERE id=2;
UPDATE `users` SET address_id=7 WHERE id=7;
UPDATE `users` SET address_id=7 WHERE id=8;
UPDATE `users` SET address_id=8 WHERE id=9;
UPDATE `users` SET address_id=8 WHERE id=10;
UPDATE `users` SET address_id=5 WHERE id=11;
INSERT INTO `users` (`id`, `username`, `password`, `usertype`, `logged`, `first_name`, `last_name`, `calltime_normative`, `show_in_realtime_stats`, `balance`, `frozen_balance`, `lcr_id`, `postpaid`, `blocked`, `tariff_id`, `month_plan_perc`, `month_plan_updated`, `sales_this_month`, `sales_this_month_planned`, `show_billing_info`, `primary_device_id`, `credit`, `clientid`, `agreement_number`, `agreement_date`, `language`, `taxation_country`, `vat_number`, `vat_percent`, `address_id`, `accounting_number`, `owner_id`, `hidden`, `allow_loss_calls`, `vouchers_disabled_till`, `uniquehash`, `temporary_id`, `send_invoice_types`, `call_limit`,`sms_tariff_id`, `sms_lcr_id`, `sms_service_active`, `cyberplat_active`, `call_center_agent`, `generate_invoice`, `tax_1`, `tax_2`, `tax_3`, `tax_4`, `block_at`, `block_at_conditional`, `block_conditional_use`, `recording_enabled`, `recording_forced_enabled`, `recordings_email`, `recording_hdd_quota`, `warning_email_active`, `warning_email_balance`, `warning_email_sent`, `tax_id`, `invoice_zero_calls`, `acc_group_id`, `hide_destination_end`, `warning_email_hour`, `warning_balance_call`, `warning_balance_sound_file_id`, `own_providers`, `ignore_global_monitorings`, `currency_id`, `quickforwards_rule_id`, `spy_device_id`, `time_zone`, `minimal_charge`, `minimal_charge_start_at`) VALUES
(6, 'wholesale_accountant', 'b53b9cf265c64f4a8ffce083c0b564e76c470a8e', 'accountant', 0, 'Test', 'Wholesale Accountant', 3, 0, 10, 0, 1, 1, 0, 6, 0, NULL, 0, 0, 1, 9, -1, '876543', '0000000004', '2012-01-20', 'lt', 123, '', 0, 5, '', 0, 0, 0, '2000-01-01 00:00:00', NULL, NULL, 0, 0, NULL, NULL, 0, 0, 0, 1, 0, 0, 0, 0, '2008-01-01', 15, 0, 0, 0, '', 104, 0, 0, 0, 2, 1, 1, -1, -1, 0, 0, 0, 0, 1, 0, 0, 0, 0, NULL),
(7, 'retail_accountant', '0b030d953dd504e78262df95495c65b0f58a980a', 'accountant', 0, 'Test', 'Retail Accountant', 3, 0, 20, 0, 1, 0, 0, 9, 0, NULL, 0, 0, 1, 21, -1, 'rety65432', '0000000005', '2012-01-20', '', 123, '', 0, 6, '', 0, 0, 0, '2000-01-01 00:00:00', NULL, NULL, 0, 0,  NULL, NULL, 0, 0, 0, 1, 0, 0, 0, 0, '2008-01-01', 15, 0, 0, 0, '', 104, 0, 0, 0, 3, 1, 2, -1, -1, 0, 0, 0, 0, 1, 0, 0, 0, 0, NULL),
(8, 'retail_user', 'ec679dc70b5076cbb6749e8c7880981e60ee30d5', 'user', 0, 'Test', 'Retail User', 3, 0, 5, 0, 1, 0, 0, 10, 0, NULL, 0, 0, 1, 15, -1, '', '0000000006', '2012-01-20', '', 123, '', 0, 7, '', 0, 0, 0, '2000-01-01 00:00:00', NULL, NULL, 0, 0, NULL, NULL, 0, 0, 0, 1, 0, 0, 0, 0, '2008-01-01', 15, 0, 0, 0, '', 104, 0, 0, 0, 4, 1, 0, -1, -1, 0, 0, 0, 0, 1, 0, 0, 0, 0, NULL),
(9, 'wholesale_user', '98cfc33d3724be73d5c59022b21b510e15e9ec55', 'user', 0, 'Test', 'Wholesale User', 3, 0, 2, 0, 1, 1, 0, 7, 0, NULL, 0, 0, 1, 23, -1, '', '0000000007', '2012-01-20', '', 123, '', 0, 8, '', 0, 0, 0, '2000-01-01 00:00:00', NULL, NULL, 0, 0, NULL, NULL, 0, 0, 0, 1, 0, 0, 0, 0, '2008-01-01', 15, 0, 0, 0, '', 104, 0, 0, 0, 5, 1, 0, -1, -1, 0, 0, 0, 0, 1, 0, 0, 0, 0, NULL),
(10, 'retail_rspro', '0ef195311b7068e600260556e32c260027ca0978', 'reseller', 0, 'Test', 'Retail RSPRO', 3, 0, 0.05, 0, 1, 1, 0, 11, 0, NULL, 0, 0, 1, 17, -1, '', '0000000008', '2012-01-20', '', 123, '', 0, 10, '', 0, 0, 0, '2000-01-01 00:00:00', NULL,NULL, 0, 0, NULL, NULL, 0, 0, 0, 1, 0, 0, 0, 0, '2012-01-01', 15, 0, 0, 0, '', 104, 0, 0, 0, 7, 1, 3, -1, -1, 0, 0, 1, 0, 1, 0, 0, 0, 0, NULL),
(11, 'wholesale_rspro', '37089b31b044d050db71137494efaf8f67c5c142', 'reseller', 0, 'Test', 'Wholesale RSPRO', 3, 0, 0, 0, 1, 1, 0, 8, 0, NULL, 0, 0, 1, 22, -1, '', '0000000009', '2012-01-20', '', 123, '', 0, 11, '', 0, 0, 0, '2000-01-01 00:00:00', NULL,NULL, 0, 0,NULL, NULL, 0, 0, 0, 1, 0, 0, 0, 0, '2008-01-01', 15, 0, 0, 0, '', 104, 0, 0, 0, 8, 1, 4, -1, -1, 0, 0, 1, 0, 1, 0, 0, 0, 0, NULL),
(12, 'retail_reseller', 'be234b3d46ff44daf03499ae151778ce9effb701', 'reseller', 0, 'Test', 'Retail Reseller', 3, 0, 0, 0, 1, 0, 0, 11, 0, NULL, 0, 0, 1, 19, -1, '', '0000000010', '2012-01-20', '', 123, '', 0, 12, '', 0, 0, 0, '2000-01-01 00:00:00', NULL,NULL, 0, 0,  NULL, NULL, 0, 0, 0, 1, 0, 0, 0, 0, '2012-01-01', 15, 0, 0, 0, '', 104, 0, 0, 0, 9, 1, 4, -1, -1, 0, 0, 0, 0, 1, 0, 0, 0, 0, NULL),
(13, 'wholesale_reseller', '1cd17faf25b79a8c74659bd3753191acd58b0063', 'reseller', 0, 'Test', 'Wholesale Reseller', 3, 0, 3, 0, 1, 1, 0, 8, 0, NULL, 0, 0, 1, 11, -1, '', '0000000011', '2012-01-20', '', 123, '', 0, 13, '', 0, 0, 0, '2000-01-01 00:00:00', 'nej8ye1p5d', NULL, 0, 0, NULL, NULL, 0, 0, 0, 1, 0, 0, 0, 0, '2012-01-01', 15, 0, 0, 0, '', 104, 0, 0, 0, 10, 1, 3, -1, -1, 0, 0, 0, 0, 1, 0, 0, 0, 0, NULL),
(14, 'retail_rres_user', '8bd87419087e00b60efc0af815353151d94c88a7', 'user', 0, 'Test', 'Retail rres User', 3, 0, 0.01, 0, 1, 0, 0, 16, 0, NULL, 0, 0, 1, 25, -1, '', '0000000012', '2012-01-20', '', 123, '', 0, 14, '', 12, 0, 0, '2000-01-01 00:00:00', NULL, NULL, 0, 0, NULL, NULL, 0, 0, 0, 1, 0, 0, 0, 0, '2012-01-01', 15, 0, 0, 0, '', 104, 0, 0, 0, 11, 1, 0, -1, -1, 0, 0, 0, 0, 1, 0, 0, 0, 0, NULL),
(15, 'wholesale_rres_user', '35326277e9234e075b740caf873bea5c5eab1477', 'user', 0, 'Test', 'Wholesalr rres User', 3, 0, 0.01, 0, 1, 1, 0, 17, 0, NULL, 0, 0, 1, 27, -1, '', '0000000013', '2012-01-20', '', 123, '', 0, 15, '', 12, 0, 0, '2000-01-01 00:00:00', NULL,NULL, 0, 0, NULL, NULL, 0, 0, 0, 1, 0, 0, 0, 0, '2008-01-01', 15, 0, 0, 0, '', 104, 0, 0, 0, 12, 1, 0, -1, -1, 0, 0, 0, 0, 1, 0, 0, 0, 0, NULL),
(16, 'retail_rrspro_user', 'eac9c1beda8803b988eeed83a968654a068524aa', 'user', 0, 'Test', 'Retail rrspro User', 3, 0, 0.02, 0, 2, 1, 0, 18, 0, NULL, 0, 0, 1, 30, -1, '', '0000000014', '2012-01-20', '', 123, '', 0, 16, '', 10, 0, 0, '2000-01-01 00:00:00', NULL,NULL, 0, 0,NULL, NULL, 0, 0, 0, 1, 0, 0, 0, 0, '2008-01-01', 15, 0, 0, 0, '', 104, 0, 0, 0, 13, 1, 0, -1, -1, 0, 0, 0, 0, 1, 0, 0, 0, 0, NULL),
(17, 'wholesale_rrspro_user', '419ba3da982c77cf47277b7ac791da4f46d84b7f', 'user', 0, 'Test', 'Wholesalr rrspro User', 3, 0, 0.05, 0, 2, 0, 0, 19, 0, NULL, 0, 0, 1, 32, -1, '', '0000000015', '2012-01-20', '', 123, '', 0, 17, '', 10, 0, 0, '2000-01-01 00:00:00', NULL,NULL, 0, 0,NULL, NULL, 0, 0, 0, 1, 0, 0, 0, 0, '2008-01-01', 15, 0, 0, 0, '', 104, 0, 0, 0, 14, 1, 0, -1, -1, 0, 0, 0, 0, 1, 0, 0, 0, 0, NULL),
(18, 'retail_wres_user', 'c076fcdf184df2d4a9e18103da05a9c19e2b3fd5', 'user', 0, 'Test', 'Retail wres User', 3, 0, 0.01, 0, 1, 0, 0, 21, 0, NULL, 0, 0, 1, 34, -1, '', '0000000016', '2012-01-20', '', 123, '', 0, 18, '', 13, 0, 0, '2000-01-01 00:00:00', NULL, NULL, 0, 0,NULL, NULL, 0, 0, 0, 1, 0, 0, 0, 0, '2008-01-01', 15, 0, 0, 0, '', 104, 0, 0, 0, 15, 1, 0, -1, -1, 0, 0, 0, 0, 1, 0, 0, 0, 0, NULL),
(19, 'wholesale_wres_user', 'ff1afdd6e3738df117b9596db87865eb88c01676', 'user', 0, 'Test', 'Wholesale wres User', 3, 0, 2, 0, 1, 1, 0, 22, 0, NULL, 0, 0, 1, 36, -1, '', '0000000017', '2012-01-20', '', 123, '', 0, 19, '', 13, 0, 0, '2000-01-01 00:00:00', NULL,NULL, 0, 0,NULL, NULL, 0, 0, 0, 1, 0, 0, 0, 0, '2008-01-01', 15, 0, 0, 0, '', 104, 0, 0, 0, 16, 1, 0, -1, -1, 0, 0, 0, 0, 1, 0, 0, 0, 0, NULL),
(20, 'wholesale_wrspro_user', '39ef97169b804d3d28c49ecd9a2090f4505b4e74', 'user', 0, 'Test', 'Wholesale wrspro User', 3, 0, 56, 0, 3, 0, 0, 24, 0, NULL, 0, 0, 1, 40, -1, '', '0000000018', '2012-01-20', '', 123, '', 0, 20, '', 11, 0, 0, '2000-01-01 00:00:00', NULL, NULL, 0, 0,NULL, NULL, 0, 0, 0, 1, 0, 0, 0, 0, '2008-01-01', 15, 0, 0, 0, '', 104, 0, 0, 0, 17, 1, 0, -1, -1, 0, 0, 0, 0, 1, 0, 0, 0, 0, NULL),
(21, 'retail_wrspro_user', '483d094847b839542b2e94f8957019a64b531b4b', 'user', 0, 'Test', 'Retail wrspro User', 3, 0, 8, 0, 3, 1, 0, 23, 0, NULL, 0, 0, 1, 38, -1, '', '0000000019', '2012-01-20', '', 123, '', 0, 22, '', 11, 0, 0, '2000-01-01 00:00:00', NULL,NULL, 0, 0, NULL, NULL, 0, 0, 0, 1, 0, 0, 0, 0, '2012-01-01', 15, 0, 0, 0, '', 104, 0, 0, 0, 19, 1, 0, -1, -1, 0, 0, 0, 0, 1, 0, 0, 0, 0, NULL);
#Devices
INSERT INTO `devices` (`id`, `name`, `host`, `secret`, `context`, `ipaddr`, `port`, `regseconds`, `accountcode`, `callerid`, `extension`, `voicemail_active`, `username`, `device_type`, `user_id`, `primary_did_id`, `works_not_logged`, `forward_to`, `record`, `transfer`, `disallow`, `allow`, `deny`, `permit`, `nat`, `qualify`, `fullcontact`, `canreinvite`, `devicegroup_id`, `dtmfmode`, `callgroup`, `pickupgroup`, `fromuser`, `fromdomain`, `trustrpid`, `sendrpid`, `insecure`, `progressinband`, `videosupport`, `location_id`, `description`, `istrunk`, `cid_from_dids`, `pin`, `tell_balance`, `tell_time`, `tell_rtime_when_left`, `repeat_rtime_every`, `t38pt_udptl`, `regserver`, `ani`, `promiscredir`, `timeout`, `process_sipchaninfo`, `temporary_id`, `allow_duplicate_calls`, `call_limit`, `lastms`, `faststart`, `h245tunneling`, `latency`, `grace_time`, `recording_to_email`, `recording_keep`, `recording_email`, `record_forced`, `fake_ring`, `save_call_log`, `mailbox`, `server_id`, `enable_mwi`, `authuser`, `requirecalltoken`, `language`, `use_ani_for_cli`, `calleridpres`, `change_failed_code_to`, `reg_status`, `max_timeout`, `forward_did_id`) VALUES
(8, '1001', 'dynamic', 'gdf2vb1p2qhz', 'mor_local', '', 5060, 0, 8, NULL, '1001', 0, '1001', 'SIP', 6, 0, 1, 0, 0, 'no', 'all', 'alaw;g729', '0.0.0.0/0.0.0.0', '0.0.0.0/0.0.0.0', 'yes', '1000', NULL, 'no', 4, 'rfc2833', NULL, NULL, NULL, NULL, 'no', 'no', NULL, 'no', 'no', 1, 'wacc_SIP_device', 0, 0, '460184', 0, 0, 60, 60, 'no', NULL, 0, 'no', 60, 0, NULL, 0, 0, 0, 'yes', 'yes', 0, NULL, 0, 0, '', 0, 0, 0, '', 1, 0, '', 'no', 'en', 0, '', 0, NULL, 0, -1),
(9, '1003', 'dynamic', 't02aq2dace2p', 'mor_local', '', 0, 0, 9, NULL, '1003', 0, '1003', 'SIP', 6, 0, 1, 0, 0, 'no', 'all', 'alaw;g729', '0.0.0.0/0.0.0.0', '0.0.0.0/0.0.0.0', 'yes', '1000', NULL, 'no', 4, 'rfc2833', NULL, NULL, '', '', 'no', 'no', '', 'no', 'no', 1, 'wacc_IAX2_device', 0, 0, '325957', 0, 0, 60, 60, 'no', NULL, 0, 'no', 60, 0, NULL, 0, 0, 0, 'yes', 'yes', 0, NULL, 0, 0, '', 0, 0, 0, '', 1, 0, '', 'no', 'en', 0, '', 0, NULL, 0, 0),
(10, '1004', 'dynamic', '69b7q4qcn5b7', 'mor_local', '', 5060, 0, 10, NULL, '1004', 0, '1004', 'SIP', 13, 0, 1, 0, 0, 'no', 'all', 'alaw;g729', '0.0.0.0/0.0.0.0', '0.0.0.0/0.0.0.0', 'yes', '1000', NULL, 'no', 11, 'rfc2833', NULL, NULL, NULL, NULL, 'no', 'no', NULL, 'no', 'no', 1, 'wres_SIP_device', 0, 0, '715407', 0, 0, 60, 60, 'no', NULL, 0, 'no', 60, 0, NULL, 0, 0, 0, 'yes', 'yes', 0, NULL, 0, 0, '', 0, 0, 0, '', 1, 0, '', 'no', 'en', 0, '', 0, NULL, 0, -1),
(11, '1005', 'dynamic', 'jcbg718nnxh1', 'mor_local', '', 0, 0, 11, NULL, '1005', 0, '1005', 'IAX2', 13, 0, 1, 0, 0, 'no', 'all', 'alaw;g729', '0.0.0.0/0.0.0.0', '0.0.0.0/0.0.0.0', 'yes', '1000', NULL, 'no', 11, 'rfc2833', NULL, NULL, '', '', 'no', 'no', '', 'no', 'no', 1, 'wres_IAX2_device', 0, 0, '180646', 0, 0, 60, 60, 'no', NULL, 0, 'no', 60, 0, NULL, 0, 0, 0, 'yes', 'yes', 0, NULL, 0, 0, '', 0, 0, 0, '', 1, 0, '', 'no', 'en', 0, '', 0, NULL, 0, 0),
(12, '1006', 'dynamic', 'qqf5j971bygy', 'mor_local', '', 0, 0, 12, NULL, '1006', 0, '1006', 'SIP', 11, 0, 1, 0, 0, 'no', 'all', 'alaw;g729', '0.0.0.0/0.0.0.0', '0.0.0.0/0.0.0.0', 'yes', '1000', NULL, 'no', 9, 'rfc2833', NULL, NULL, '', '', 'no', 'no', '', 'no', 'no', 1, 'wrspro_SIP_device', 0, 0, '951373', 0, 0, 60, 60, 'no', NULL, 0, 'no', 60, 0, NULL, 0, 0, 0, 'yes', 'yes', 0, NULL, 0, 0, '', 0, 0, 0, '', 1, 0, '', 'no', 'en', 0, '', 0, NULL, 0, 0),
(13, '1007', 'dynamic', 'cgawq9bpvmq9', 'mor_local', '', 0, 0, 13, NULL, '1007', 0, '1007', 'SIP', 9, 0, 1, 0, 0, 'no', 'all', 'alaw;g729', '0.0.0.0/0.0.0.0', '0.0.0.0/0.0.0.0', 'yes', '1000', NULL, 'no', 7, 'rfc2833', NULL, NULL, '', '', 'no', 'no', '', 'no', 'no', 1, 'wuser_SIP_device', 0, 0, '257903', 0, 0, 60, 60, 'no', NULL, 0, 'no', 60, 0, NULL, 0, 0, 0, 'yes', 'yes', 0, NULL, 0, 0, '', 0, 0, 0, '', 1, 0, '', 'no', 'en', 0, '', 0, NULL, 0, 0),
(14, '1008', 'dynamic', 'ebydhfyw5k4g', 'mor_local', '', 5060, 0, 14, NULL, '1008', 0, '1008', 'SIP', 8, 0, 1, 0, 0, 'no', 'all', 'alaw;g729', '0.0.0.0/0.0.0.0', '0.0.0.0/0.0.0.0', 'yes', '1000', NULL, 'no', 6, 'rfc2833', NULL, NULL, NULL, NULL, 'no', 'no', NULL, 'no', 'no', 1, 'ruser_SIP_device', 0, 0, '090316', 0, 0, 60, 60, 'no', NULL, 0, 'no', 60, 0, NULL, 0, 0, 0, 'yes', 'yes', 0, NULL, 0, 0, '', 0, 0, 0, '', 1, 0, '', 'no', 'en', 0, '', 0, NULL, 0, -1),
(15, '1009', 'dynamic', '5be813n1y1ev', 'mor_local', '', 0, 0, 15, NULL, '1009', 0, '1009', 'IAX2', 8, 0, 1, 0, 0, 'no', 'all', 'alaw;g729', '0.0.0.0/0.0.0.0', '0.0.0.0/0.0.0.0', 'yes', '1000', NULL, 'no', 6, 'rfc2833', NULL, NULL, '', '', 'no', 'no', '', 'no', 'no', 1, 'ruser_IAX2_device', 0, 0, '122834', 0, 0, 60, 60, 'no', NULL, 0, 'no', 60, 0, NULL, 0, 0, 0, 'yes', 'yes', 0, NULL, 0, 0, '', 0, 0, 0, '', 1, 0, '', 'no', 'en', 0, '', 0, NULL, 0, 0),
(16, '1010', 'dynamic', '5mu29pcbnr52', 'mor_local', '', 5060, 0, 16, NULL, '1010', 0, '1010', 'SIP', 10, 0, 1, 0, 0, 'no', 'all', 'alaw;g729', '0.0.0.0/0.0.0.0', '0.0.0.0/0.0.0.0', 'yes', '1000', NULL, 'no', 8, 'rfc2833', NULL, NULL, NULL, NULL, 'no', 'no', NULL, 'no', 'no', 1, 'rrspro_SIP_device', 0, 0, '501131', 0, 0, 60, 60, 'no', NULL, 0, 'no', 60, 0, NULL, 0, 0, 0, 'yes', 'yes', 0, NULL, 0, 0, '', 0, 0, 0, '', 1, 0, '', 'no', 'en', 0, '', 0, NULL, 0, -1),
(17, '1011', 'dynamic', '4uywept4u7um', 'mor_local', '', 0, 0, 17, NULL, '1011', 0, '1011', 'IAX2', 10, 0, 1, 0, 0, 'no', 'all', 'alaw;g729', '0.0.0.0/0.0.0.0', '0.0.0.0/0.0.0.0', 'yes', '1000', NULL, 'no', 8, 'rfc2833', NULL, NULL, '', '', 'no', 'no', '', 'no', 'no', 1, 'rrspro_IAX2_device', 0, 0, '183814', 0, 0, 60, 60, 'no', NULL, 0, 'no', 60, 0, NULL, 0, 0, 0, 'yes', 'yes', 0, NULL, 0, 0, '', 0, 0, 0, '', 1, 0, '', 'no', 'en', 0, '', 0, NULL, 0, 0),
(18, '1012', 'dynamic', 'm70u5hjmm1wr', 'mor_local', '', 5060, 0, 18, NULL, '1012', 0, '1012', 'SIP', 12, 0, 1, 0, 0, 'no', 'all', 'alaw;g729', '0.0.0.0/0.0.0.0', '0.0.0.0/0.0.0.0', 'yes', '1000', NULL, 'no', 10, 'rfc2833', NULL, NULL, NULL, NULL, 'no', 'no', NULL, 'no', 'no', 1, 'rres_SIP_device', 0, 0, '974903', 0, 0, 60, 60, 'no', NULL, 0, 'no', 60, 0, NULL, 0, 0, 0, 'yes', 'yes', 0, NULL, 0, 0, '', 0, 0, 0, '', 1, 0, '', 'no', 'en', 0, '', 0, NULL, 0, -1),
(19, '1013', 'dynamic', '21hn84ety93r', 'mor_local', '', 5060, 0, 19, NULL, '1013', 0, '1013', 'IAX2', 12, 0, 1, 0, 0, 'no', 'all', 'alaw;g729', '0.0.0.0/0.0.0.0', '0.0.0.0/0.0.0.0', 'yes', '1000', NULL, 'no', 10, 'rfc2833', NULL, NULL, NULL, NULL, 'no', 'no', NULL, 'no', 'no', 1, 'rres_IAX2_device', 0, 0, '367686', 0, 0, 60, 60, 'no', NULL, 0, 'no', 60, 0, NULL, 0, 0, 0, 'yes', 'yes', 0, NULL, 0, 0, '', 0, 0, 0, '', 1, 0, '', 'no', 'en', 0, '', 0, NULL, 0, -1),
(20, '1014', 'dynamic', '6gzgd69yaxt3', 'mor_local', '', 5060, 0, 20, NULL, '1014', 0, '1014', 'SIP', 7, 0, 1, 0, 0, 'no', 'all', 'alaw;g729', '0.0.0.0/0.0.0.0', '0.0.0.0/0.0.0.0', 'yes', '1000', NULL, 'no', 5, 'rfc2833', NULL, NULL, NULL, NULL, 'no', 'no', NULL, 'no', 'no', 1, 'racc_SIP_device', 0, 0, '049741', 0, 0, 60, 60, 'no', NULL, 0, 'no', 60, 0, NULL, 0, 0, 0, 'yes', 'yes', 0, NULL, 0, 0, '', 0, 0, 0, '', 1, 0, '', 'no', 'en', 0, '', 0, NULL, 0, -1),
(21, '1015', 'dynamic', 'm0720tynvhug', 'mor_local', '', 0, 0, 21, NULL, '1015', 0, '1015', 'IAX2', 7, 0, 1, 0, 0, 'no', 'all', 'alaw;g729', '0.0.0.0/0.0.0.0', '0.0.0.0/0.0.0.0', 'yes', '1000', NULL, 'no', 5, 'rfc2833', NULL, NULL, '', '', 'no', 'no', '', 'no', 'no', 1, 'racc_IAX2_device', 0, 0, '415564', 0, 0, 60, 60, 'no', NULL, 0, 'no', 60, 0, NULL, 0, 0, 0, 'yes', 'yes', 0, NULL, 0, 0, '', 0, 0, 0, '', 1, 0, '', 'no', 'en', 0, '', 0, NULL, 0, 0),
(22, '1016', 'dynamic', '544pkhwr4c67', 'mor_local', '', 5060, 0, 22, NULL, '1016', 0, '1016', 'IAX2', 11, 0, 1, 0, 0, 'no', 'all', 'alaw;g729', '0.0.0.0/0.0.0.0', '0.0.0.0/0.0.0.0', 'yes', '1000', NULL, 'no', 9, 'rfc2833', NULL, NULL, NULL, NULL, 'no', 'no', NULL, 'no', 'no', 1, 'wrspro_IAX2_device', 0, 0, '679449', 0, 0, 60, 60, 'no', NULL, 0, 'no', 60, 0, NULL, 0, 0, 0, 'yes', 'yes', 0, NULL, 0, 0, '', 0, 0, 0, '', 1, 0, '', 'no', 'en', 0, '', 0, NULL, 0, -1),
(23, '1017', 'dynamic', 'cu36rk9xpnh1', 'mor_local', '', 5060, 0, 23, NULL, '1017', 0, '1017', 'IAX2', 9, 0, 1, 0, 0, 'no', 'all', 'alaw;g729', '0.0.0.0/0.0.0.0', '0.0.0.0/0.0.0.0', 'yes', '1000', NULL, 'no', 7, 'rfc2833', NULL, NULL, NULL, NULL, 'no', 'no', NULL, 'no', 'no', 1, 'wuser_IAX2_device', 0, 0, '055259', 0, 0, 60, 60, 'no', NULL, 0, 'no', 60, 0, NULL, 0, 0, 0, 'yes', 'yes', 0, NULL, 0, 0, '', 0, 0, 0, '', 1, 0, '', 'no', 'en', 0, '', 0, NULL, 0, -1),
(24, '1018', 'dynamic', 'ne5ugm1g8wqc', 'mor_local', '', 5060, 0, 24, NULL, '1018', 0, '1018', 'SIP', 14, 0, 1, 0, 0, 'no', 'all', 'alaw;g729', '0.0.0.0/0.0.0.0', '0.0.0.0/0.0.0.0', 'yes', '1000', NULL, 'no', 0, 'rfc2833', NULL, NULL, NULL, NULL, 'no', 'no', NULL, 'no', 'no', 4, 'rrres_user_SIP_device', 0, 0, '212730', 0, 0, 60, 60, 'no', NULL, 0, 'no', 60, 0, NULL, 0, 0, 0, 'yes', 'yes', 0, NULL, 0, 0, '', 0, 0, 0, '', 1, 0, '', 'no', 'en', 0, '', 0, NULL, 0, -1),
(25, '1019', 'dynamic', 'jvnc44bu0je4', 'mor_local', '', 5060, 0, 25, NULL, '1019', 0, '1019', 'IAX2', 14, 0, 1, 0, 0, 'no', 'all', 'alaw;g729', '0.0.0.0/0.0.0.0', '0.0.0.0/0.0.0.0', 'yes', '1000', NULL, 'no', 0, 'rfc2833', NULL, NULL, NULL, NULL, 'no', 'no', NULL, 'no', 'no', 4, 'rrres_user_IAX2_device', 0, 0, '593924', 0, 0, 60, 60, 'no', NULL, 0, 'no', 60, 0, NULL, 0, 0, 0, 'yes', 'yes', 0, NULL, 0, 0, '', 0, 0, 0, '', 1, 0, '', 'no', 'en', 0, '', 0, NULL, 0, -1),
(26, '1020', 'dynamic', '5at6f2jv4z81', 'mor_local', '', 5060, 0, 26, NULL, '1020', 0, '1020', 'SIP', 15, 0, 1, 0, 0, 'no', 'all', 'alaw;g729', '0.0.0.0/0.0.0.0', '0.0.0.0/0.0.0.0', 'yes', '1000', NULL, 'no', 0, 'rfc2833', NULL, NULL, NULL, NULL, 'no', 'no', NULL, 'no', 'no', 4, 'wrres_user_SIP_device', 0, 0, '596701', 0, 0, 60, 60, 'no', NULL, 0, 'no', 60, 0, NULL, 0, 0, 0, 'yes', 'yes', 0, NULL, 0, 0, '', 0, 0, 0, '', 1, 0, '', 'no', 'en', 0, '', 0, NULL, 0, -1),
(27, '1021', 'dynamic', 'p0kq78b1ugvv', 'mor_local', '', 5060, 0, 27, NULL, '1021', 0, '1021', 'IAX2', 15, 0, 1, 0, 0, 'no', 'all', 'alaw;g729', '0.0.0.0/0.0.0.0', '0.0.0.0/0.0.0.0', 'yes', '1000', NULL, 'no', 0, 'rfc2833', NULL, NULL, NULL, NULL, 'no', 'no', NULL, 'no', 'no', 4, 'wrres_user_IAX2_device', 0, 0, '080220', 0, 0, 60, 60, 'no', NULL, 0, 'no', 60, 0, NULL, 0, 0, 0, 'yes', 'yes', 0, NULL, 0, 0, '', 0, 0, 0, '', 1, 0, '', 'no', 'en', 0, '', 0, NULL, 0, -1),
(28, 'prov', '0.0.0.0', 'please_change', 'mor', '0.0.0.0', 5060, 0, 28, '', '9sap4y5v4x', 0, 'prov', 'SIP', -1, 0, 1, 0, 0, 'no', 'all', 'alaw;g729', '0.0.0.0/0.0.0.0', '0.0.0.0/0.0.0.0', 'no', 'yes', NULL, 'no', NULL, 'rfc2833', NULL, NULL, NULL, NULL, 'yes', 'no', 'port,invite', 'never', 'no', 2, NULL, 0, 0, NULL, 0, 0, 60, 60, 'no', NULL, 0, 'no', 60, 0, NULL, 0, 0, 0, 'yes', 'yes', 0, 0, 0, 0, NULL, 0, 0, 0, '', 1, 0, '', 'no', 'en', 0, NULL, 0, NULL, 0, 0),
(29, '1022', 'dynamic', '70ucnwq310xb', 'mor_local', '', 5060, 0, 29, NULL, '1022', 0, '1022', 'SIP', 16, 0, 1, 0, 0, 'no', 'all', 'alaw;g729', '0.0.0.0/0.0.0.0', '0.0.0.0/0.0.0.0', 'yes', '1000', NULL, 'no', 0, 'rfc2833', NULL, NULL, NULL, NULL, 'no', 'no', NULL, 'no', 'no', 2, 'rrrspro_user_SIP_device', 0, 0, '064342', 0, 0, 60, 60, 'no', NULL, 0, 'no', 60, 0, NULL, 0, 0, 0, 'yes', 'yes', 0, NULL, 0, 0, '', 0, 0, 0, '', 1, 0, '', 'no', 'en', 0, '', 0, NULL, 0, -1),
(30, '1023', 'dynamic', 'zwq05s7938v5', 'mor_local', '', 5060, 0, 30, NULL, '1023', 0, '1023', 'IAX2', 16, 0, 1, 0, 0, 'no', 'all', 'alaw;g729', '0.0.0.0/0.0.0.0', '0.0.0.0/0.0.0.0', 'yes', '1000', NULL, 'no', 0, 'rfc2833', NULL, NULL, NULL, NULL, 'no', 'no', NULL, 'no', 'no', 2, 'rrrspro_user_IAX2_device', 0, 0, '894284', 0, 0, 60, 60, 'no', NULL, 0, 'no', 60, 0, NULL, 0, 0, 0, 'yes', 'yes', 0, NULL, 0, 0, '', 0, 0, 0, '', 1, 0, '', 'no', 'en', 0, '', 0, NULL, 0, -1),
(31, '1024', 'dynamic', 'u7wjwbx89f93', 'mor_local', '', 5060, 0, 31, NULL, '1024', 0, '1024', 'SIP', 17, 0, 1, 0, 0, 'no', 'all', 'alaw;g729', '0.0.0.0/0.0.0.0', '0.0.0.0/0.0.0.0', 'yes', '1000', NULL, 'no', 0, 'rfc2833', NULL, NULL, NULL, NULL, 'no', 'no', NULL, 'no', 'no', 2, 'wrrspro_user_SIP_device', 0, 0, '264463', 0, 0, 60, 60, 'no', NULL, 0, 'no', 60, 0, NULL, 0, 0, 0, 'yes', 'yes', 0, NULL, 0, 0, '', 0, 0, 0, '', 1, 0, '', 'no', 'en', 0, '', 0, NULL, 0, -1),
(32, '1025', 'dynamic', 'm86qx7su6e41', 'mor_local', '', 5060, 0, 32, NULL, '1025', 0, '1025', 'IAX2', 17, 0, 1, 0, 0, 'no', 'all', 'alaw;g729', '0.0.0.0/0.0.0.0', '0.0.0.0/0.0.0.0', 'yes', '1000', NULL, 'no', 0, 'rfc2833', NULL, NULL, NULL, NULL, 'no', 'no', NULL, 'no', 'no', 2, 'wrrspro_user_IAX2_device', 0, 0, '288001', 0, 0, 60, 60, 'no', NULL, 0, 'no', 60, 0, NULL, 0, 0, 0, 'yes', 'yes', 0, NULL, 0, 0, '', 0, 0, 0, '', 1, 0, '', 'no', 'en', 0, '', 0, NULL, 0, -1),
(33, '1026', 'dynamic', '1s4ue5ddx2st', 'mor_local', '', 5060, 0, 33, NULL, '1026', 0, '1026', 'SIP', 18, 0, 1, 0, 0, 'no', 'all', 'alaw;g729', '0.0.0.0/0.0.0.0', '0.0.0.0/0.0.0.0', 'yes', '1000', NULL, 'no', 0, 'rfc2833', NULL, NULL, NULL, NULL, 'no', 'no', NULL, 'no', 'no', 5, 'rwres_user_SIP_device', 0, 0, '039275', 0, 0, 60, 60, 'no', NULL, 0, 'no', 60, 0, NULL, 0, 0, 0, 'yes', 'yes', 0, NULL, 0, 0, '', 0, 0, 0, '', 1, 0, '', 'no', 'en', 0, '', 0, NULL, 0, -1),
(34, '1027', 'dynamic', 'a9pjfp0tnwda', 'mor_local', '', 5060, 0, 34, NULL, '1027', 0, '1027', 'IAX2', 18, 0, 1, 0, 0, 'no', 'all', 'alaw;g729', '0.0.0.0/0.0.0.0', '0.0.0.0/0.0.0.0', 'yes', '1000', NULL, 'no', 0, 'rfc2833', NULL, NULL, NULL, NULL, 'no', 'no', NULL, 'no', 'no', 5, 'rwres_user_IAX2_device', 0, 0, '766320', 0, 0, 60, 60, 'no', NULL, 0, 'no', 60, 0, NULL, 0, 0, 0, 'yes', 'yes', 0, NULL, 0, 0, '', 0, 0, 0, '', 1, 0, '', 'no', 'en', 0, '', 0, NULL, 0, -1),
(35, '1028', 'dynamic', 'nsh4tmvd5dcn', 'mor_local', '', 5060, 0, 35, NULL, '1028', 0, '1028', 'SIP', 19, 0, 1, 0, 0, 'no', 'all', 'alaw;g729', '0.0.0.0/0.0.0.0', '0.0.0.0/0.0.0.0', 'yes', '1000', NULL, 'no', 0, 'rfc2833', NULL, NULL, NULL, NULL, 'no', 'no', NULL, 'no', 'no', 5, 'wwres_user_SIP_device', 0, 0, '372127', 0, 0, 60, 60, 'no', NULL, 0, 'no', 60, 0, NULL, 0, 0, 0, 'yes', 'yes', 0, NULL, 0, 0, '', 0, 0, 0, '', 1, 0, '', 'no', 'en', 0, '', 0, NULL, 0, -1),
(36, '1029', 'dynamic', 'fjfevnec3ehe', 'mor_local', '', 5060, 0, 36, NULL, '1029', 0, '1029', 'IAX2', 19, 0, 1, 0, 0, 'no', 'all', 'alaw;g729', '0.0.0.0/0.0.0.0', '0.0.0.0/0.0.0.0', 'yes', '1000', NULL, 'no', 0, 'rfc2833', NULL, NULL, NULL, NULL, 'no', 'no', NULL, 'no', 'no', 5, 'wwres_user_IAX2_device', 0, 0, '079312', 0, 0, 60, 60, 'no', NULL, 0, 'no', 60, 0, NULL, 0, 0, 0, 'yes', 'yes', 0, NULL, 0, 0, '', 0, 0, 0, '', 1, 0, '', 'no', 'en', 0, '', 0, NULL, 0, -1),
(37, '1030', 'dynamic', '0uw1my69ppt0', 'mor_local', '', 5060, 0, 37, NULL, '1030', 0, '1030', 'SIP', 21, 0, 1, 0, 0, 'no', 'all', 'alaw;g729', '0.0.0.0/0.0.0.0', '0.0.0.0/0.0.0.0', 'yes', '1000', NULL, 'no', 0, 'rfc2833', NULL, NULL, NULL, NULL, 'no', 'no', NULL, 'no', 'no', 3, 'rwrspro_user_SIP_device', 0, 0, '523959', 0, 0, 60, 60, 'no', NULL, 0, 'no', 60, 0, NULL, 0, 0, 0, 'yes', 'yes', 0, NULL, 0, 0, '', 0, 0, 0, '', 1, 0, '', 'no', 'en', 0, '', 0, NULL, 0, -1),
(38, '1031', 'dynamic', 'b6qnkdftugqc', 'mor_local', '', 0, 0, 38, NULL, '1031', 0, '1031', 'IAX2', 21, 0, 1, 0, 0, 'no', 'all', 'alaw;g729', '0.0.0.0/0.0.0.0', '0.0.0.0/0.0.0.0', 'yes', '1000', NULL, 'no', 0, 'rfc2833', NULL, NULL, '', '', 'no', 'no', '', 'no', 'no', 3, 'rwrspro_user_IAX2_device', 0, 0, '437555', 0, 0, 60, 60, 'no', NULL, 0, 'no', 60, 0, NULL, 0, 0, 0, 'yes', 'yes', 0, NULL, 0, 0, '', 0, 0, 0, '', 1, 0, '', 'no', 'en', 0, '', 0, NULL, 0, 0),
(39, '1032', 'dynamic', 'ubf7103h585q', 'mor_local', '', 5060, 0, 39, NULL, '1032', 0, '1032', 'SIP', 20, 0, 1, 0, 0, 'no', 'all', 'alaw;g729', '0.0.0.0/0.0.0.0', '0.0.0.0/0.0.0.0', 'yes', '1000', NULL, 'no', 0, 'rfc2833', NULL, NULL, NULL, NULL, 'no', 'no', NULL, 'no', 'no', 3, 'wwrspro_user_SIP_device', 0, 0, '848638', 0, 0, 60, 60, 'no', NULL, 0, 'no', 60, 0, NULL, 0, 0, 0, 'yes', 'yes', 0, NULL, 0, 0, '', 0, 0, 0, '', 1, 0, '', 'no', 'en', 0, '', 0, NULL, 0, -1),
(40, '1033', 'dynamic', 'zet7eabfmyvf', 'mor_local', '', 0, 0, 40, NULL, '1033', 0, '1033', 'IAX2', 20, 0, 1, 0, 0, 'no', 'all', 'alaw;g729', '0.0.0.0/0.0.0.0', '0.0.0.0/0.0.0.0', 'yes', '1000', NULL, 'no', 0, 'rfc2833', NULL, NULL, '', '', 'no', 'no', '', 'no', 'no', 3, 'wwrspro_user_IAX2_device', 0, 0, '785459', 0, 0, 60, 60, 'no', NULL, 0, 'no', 60, 0, NULL, 0, 0, 0, 'yes', 'yes', 0, NULL, 0, 0, '', 0, 0, 0, '', 1, 0, '', 'no', 'en', 0, '', 0, NULL, 0, 0),
(41, 'prov', '0.0.0.0', 'please_change', 'mor', '0.0.0.0', 5060, 0, 41, '', 'b7unjz97c2', 0, 'provR7', 'SIP', -1, 0, 1, 0, 0, 'no', 'all', 'alaw;g729', '0.0.0.0/0.0.0.0', '0.0.0.0/0.0.0.0', 'no', 'yes', NULL, 'no', NULL, 'rfc2833', NULL, NULL, NULL, NULL, 'yes', 'no', 'port,invite', 'never', 'no', 1, NULL, 0, 0, NULL, 0, 0, 60, 60, 'no', NULL, 0, 'no', 60, 0, NULL, 0, 0, 0, 'yes', 'yes', 0, 0, 0, 0, NULL, 0, 0, 0, '', 1, 0, '', 'no', 'en', 0, NULL, 0, NULL, 0, 0),
(42, 'prov', '0.0.0.0', 'please_change', 'mor', '0.0.0.0', 4569, 0, 42, '', 'qqk6tzphgj', 0, 'provcc', 'IAX2', -1, 0, 1, 0, 0, 'no', 'all', 'alaw;g729', '0.0.0.0/0.0.0.0', '0.0.0.0/0.0.0.0', 'no', 'yes', NULL, 'no', NULL, 'rfc2833', NULL, NULL, NULL, NULL, 'yes', 'no', 'port,invite', 'never', 'no', 1, NULL, 0, 0, NULL, 0, 0, 60, 60, 'no', NULL, 0, 'no', 60, 0, NULL, 0, 0, 0, 'yes', 'yes', 0, 0, 0, 0, NULL, 0, 0, 0, '', 1, 0, '', 'no', 'en', 0, NULL, 0, NULL, 0, 0),
(43, 'prov', '0.0.0.0', 'please_change', 'mor', '0.0.0.0', 5060, 0, 43, '', 'w1msuhkj93', 0, 'provG5', 'SIP', -1, 0, 1, 0, 0, 'no', 'all', 'alaw;g729', '0.0.0.0/0.0.0.0', '0.0.0.0/0.0.0.0', 'no', 'yes', NULL, 'no', NULL, 'rfc2833', NULL, NULL, NULL, NULL, 'yes', 'no', 'port,invite', 'never', 'no', 1, NULL, 0, 0, NULL, 0, 0, 60, 60, 'no', NULL, 0, 'no', 60, 0, NULL, 0, 0, 0, 'yes', 'yes', 0, 0, 0, 0, NULL, 0, 0, 0, '', 1, 0, '', 'no', 'en', 0, NULL, 0, NULL, 0, 0),
(44, 'prov', '0.0.0.0', 'please_change', 'mor', '0.0.0.0', 5060, 0, 44, '', '0vqgujgpdr', 0, 'provWE', 'SIP', -1, 0, 1, 0, 0, 'no', 'all', 'alaw;g729', '0.0.0.0/0.0.0.0', '0.0.0.0/0.0.0.0', 'no', 'yes', NULL, 'no', NULL, 'rfc2833', NULL, NULL, NULL, NULL, 'yes', 'no', 'port,invite', 'never', 'no', 1, NULL, 0, 0, NULL, 0, 0, 60, 60, 'no', NULL, 0, 'no', 60, 0, NULL, 0, 0, 0, 'yes', 'yes', 0, 0, 0, 0, NULL, 0, 0, 0, '', 1, 0, '', 'no', 'en', 0, NULL, 0, NULL, 0, 0);
#providers
INSERT INTO `providers` (`id`, `name`, `tech`, `channel`, `login`, `password`, `server_ip`, `port`, `priority`, `quality`, `tariff_id`, `cut_a`, `cut_b`, `add_a`, `add_b`, `device_id`, `ani`, `timeout`, `call_limit`, `interpret_noanswer_as_failed`, `interpret_busy_as_failed`, `register`, `reg_extension`, `terminator_id`, `reg_line`, `hidden`, `use_p_asserted_identity`, `user_id`, `common_use`) VALUES
(2, 'RRSPRO_provider', 'SIP', '', 'RRSPRO_provider', 'please_change', '0.0.0.0', '5060', 1, 1, 20, 0, 0, '', '', 28, 0, 60, 0, 0, 0, 0, NULL, 0, NULL, 0, 0, 10, 0),
(3, 'common_use_provider', 'SIP', '', 'common_use_provider', 'please_change', '0.0.0.0', '5060', 1, 1, 13, 0, 0, '', '', 41, 0, 60, 0, 0, 0, 0, NULL, 0, NULL, 0, 0, 0, 1),
(4, 'Provider common use', 'IAX2', '', 'Provider common use', 'please_change', '0.0.0.0', '4569', 1, 1, 12, 0, 0, '', '', 42, 0, 60, 0, 0, 0, 0, NULL, 0, NULL, 0, 0, 0, 1),
(5, 'Provider_for_admin', 'SIP', '', 'Provider_for_admin', 'please_change', '0.0.0.0', '5060', 1, 1, 12, 0, 0, '', '', 43, 0, 60, 0, 0, 0, 0, NULL, 0, NULL, 0, 0, 0, 0),
(6, 'WRSPRO_provider', 'SIP', '', 'WRSPRO_provider', 'please_change', '0.0.0.0', '5060', 1, 1, 25, 0, 0, '', '', 44, 0, 60, 0, 0, 0, 0, NULL, 0, NULL, 0, 0, 11, 0);
#voicemail_boxes
INSERT INTO `voicemail_boxes` (`uniqueid`, `context`, `mailbox`, `password`, `fullname`, `email`, `pager`, `tz`, `attach`, `saycid`, `dialout`, `callback`, `review`, `operator`, `envelope`, `sayduration`, `saydurationm`, `sendvoicemail`, `delete`, `nextaftercmd`, `forcename`, `forcegreetings`, `hidefromdir`, `stamp`, `device_id`) VALUES
(7, 'default', '1001', '', 'Test Wholesale Accountant', 'test@kolmisoft.com', '', 'central', 'yes', 'yes', '', '', 'no', 'no', 'no', 'no', 1, 'no', 'no', 'yes', 'no', 'no', 'yes', '2012-01-20 17:10:02', 8),
(8, 'default', '1003', '', 'Test Wholesale Accountant', 'test@kolmisoft.com', '', 'central', 'yes', 'yes', '', '', 'no', 'no', 'no', 'no', 1, 'no', 'no', 'yes', 'no', 'no', 'yes', '2012-01-20 17:10:53', 9),
(9, 'default', '1004', '', 'Test Wholesale Reseller', '', '', 'central', 'yes', 'yes', '', '', 'no', 'no', 'no', 'no', 1, 'no', 'no', 'yes', 'no', 'no', 'yes', '2012-01-20 17:11:17', 10),
(10, 'default', '1005', '', 'Test Wholesale Reseller', '', '', 'central', 'yes', 'yes', '', '', 'no', 'no', 'no', 'no', 1, 'no', 'no', 'yes', 'no', 'no', 'yes', '2012-01-20 17:12:00', 11),
(11, 'default', '1006', '', 'Test Wholesale RSPRO', '', '', 'central', 'yes', 'yes', '', '', 'no', 'no', 'no', 'no', 1, 'no', 'no', 'yes', 'no', 'no', 'yes', '2012-01-20 17:12:29', 12),
(12, 'default', '1007', '', 'Test Wholesale User', '', '', 'central', 'yes', 'yes', '', '', 'no', 'no', 'no', 'no', 1, 'no', 'no', 'yes', 'no', 'no', 'yes', '2012-01-20 17:13:17', 13),
(13, 'default', '1008', '', 'Test Retail User', '', '', 'central', 'yes', 'yes', '', '', 'no', 'no', 'no', 'no', 1, 'no', 'no', 'yes', 'no', 'no', 'yes', '2012-01-20 17:13:50', 14),
(14, 'default', '1009', '', 'Test Retail User', '', '', 'central', 'yes', 'yes', '', '', 'no', 'no', 'no', 'no', 1, 'no', 'no', 'yes', 'no', 'no', 'yes', '2012-01-20 17:14:17', 15),
(15, 'default', '1010', '', 'Test Retail RSPRO', '', '', 'central', 'yes', 'yes', '', '', 'no', 'no', 'no', 'no', 1, 'no', 'no', 'yes', 'no', 'no', 'yes', '2012-01-20 17:14:40', 16),
(16, 'default', '1011', '', 'Test Retail RSPRO', '', '', 'central', 'yes', 'yes', '', '', 'no', 'no', 'no', 'no', 1, 'no', 'no', 'yes', 'no', 'no', 'yes', '2012-01-20 17:15:21', 17),
(17, 'default', '1012', '', 'Test Retail Reseller', '', '', 'central', 'yes', 'yes', '', '', 'no', 'no', 'no', 'no', 1, 'no', 'no', 'yes', 'no', 'no', 'yes', '2012-01-20 17:15:43', 18),
(18, 'default', '1013', '', 'Test Retail Reseller', '', '', 'central', 'yes', 'yes', '', '', 'no', 'no', 'no', 'no', 1, 'no', 'no', 'yes', 'no', 'no', 'yes', '2012-01-20 17:16:14', 19),
(19, 'default', '1014', '', 'Test Retail Accountant', '', '', 'central', 'yes', 'yes', '', '', 'no', 'no', 'no', 'no', 1, 'no', 'no', 'yes', 'no', 'no', 'yes', '2012-01-20 17:17:18', 20),
(20, 'default', '1015', '', 'Test Retail Accountant', '', '', 'central', 'yes', 'yes', '', '', 'no', 'no', 'no', 'no', 1, 'no', 'no', 'yes', 'no', 'no', 'yes', '2012-01-20 17:17:50', 21),
(21, 'default', '1016', '', 'Test Wholesale RSPRO', '', '', 'central', 'yes', 'yes', '', '', 'no', 'no', 'no', 'no', 1, 'no', 'no', 'yes', 'no', 'no', 'yes', '2012-01-20 17:21:24', 22),
(22, 'default', '1017', '', 'Test Wholesale User', '', '', 'central', 'yes', 'yes', '', '', 'no', 'no', 'no', 'no', 1, 'no', 'no', 'yes', 'no', 'no', 'yes', '2012-01-20 17:22:03', 23),
(23, 'default', '1018', '', 'Test Retail rres User', '', '', 'central', 'yes', 'yes', '', '', 'no', 'no', 'no', 'no', 1, 'no', 'no', 'yes', 'no', 'no', 'yes', '2012-01-20 17:41:54', 24),
(24, 'default', '1019', '', 'Test Retail rres User', '', '', 'central', 'yes', 'yes', '', '', 'no', 'no', 'no', 'no', 1, 'no', 'no', 'yes', 'no', 'no', 'yes', '2012-01-20 17:42:27', 25),
(25, 'default', '1020', '', 'Test Wholesalr rres User', '', '', 'central', 'yes', 'yes', '', '', 'no', 'no', 'no', 'no', 1, 'no', 'no', 'yes', 'no', 'no', 'yes', '2012-01-20 17:43:20', 26),
(26, 'default', '1021', '', 'Test Wholesalr rres User', '', '', 'central', 'yes', 'yes', '', '', 'no', 'no', 'no', 'no', 1, 'no', 'no', 'yes', 'no', 'no', 'yes', '2012-01-20 17:44:01', 27),
(27, 'default', '1022', '', 'Test Retail rrspro User', '', '', 'central', 'yes', 'yes', '', '', 'no', 'no', 'no', 'no', 1, 'no', 'no', 'yes', 'no', 'no', 'yes', '2012-01-20 18:13:58', 29),
(28, 'default', '1023', '', 'Test Retail rrspro User', '', '', 'central', 'yes', 'yes', '', '', 'no', 'no', 'no', 'no', 1, 'no', 'no', 'yes', 'no', 'no', 'yes', '2012-01-20 18:14:36', 30),
(29, 'default', '1024', '', 'Test Wholesalr rrspro User', '', '', 'central', 'yes', 'yes', '', '', 'no', 'no', 'no', 'no', 1, 'no', 'no', 'yes', 'no', 'no', 'yes', '2012-01-20 18:15:24', 31),
(30, 'default', '1025', '', 'Test Wholesalr rrspro User', '', '', 'central', 'yes', 'yes', '', '', 'no', 'no', 'no', 'no', 1, 'no', 'no', 'yes', 'no', 'no', 'yes', '2012-01-20 18:16:16', 32),
(31, 'default', '1026', '', 'Test Retail wres User', '', '', 'central', 'yes', 'yes', '', '', 'no', 'no', 'no', 'no', 1, 'no', 'no', 'yes', 'no', 'no', 'yes', '2012-01-20 18:39:45', 33),
(32, 'default', '1027', '', 'Test Retail wres User', '', '', 'central', 'yes', 'yes', '', '', 'no', 'no', 'no', 'no', 1, 'no', 'no', 'yes', 'no', 'no', 'yes', '2012-01-20 18:40:20', 34),
(33, 'default', '1028', '', 'Test Wholesale wres User', '', '', 'central', 'yes', 'yes', '', '', 'no', 'no', 'no', 'no', 1, 'no', 'no', 'yes', 'no', 'no', 'yes', '2012-01-20 18:42:06', 35),
(34, 'default', '1029', '', 'Test Wholesale wres User', '', '', 'central', 'yes', 'yes', '', '', 'no', 'no', 'no', 'no', 1, 'no', 'no', 'yes', 'no', 'no', 'yes', '2012-01-20 18:43:07', 36),
(35, 'default', '1030', '', 'Test Retail wrspro User', '', '', 'central', 'yes', 'yes', '', '', 'no', 'no', 'no', 'no', 1, 'no', 'no', 'yes', 'no', 'no', 'yes', '2012-01-20 19:25:35', 37),
(36, 'default', '1031', '', 'Test Retail wrspro User', '', '', 'central', 'yes', 'yes', '', '', 'no', 'no', 'no', 'no', 1, 'no', 'no', 'yes', 'no', 'no', 'yes', '2012-01-20 19:26:10', 38),
(37, 'default', '1032', '', 'Test Wholesale wrspro User', '', '', 'central', 'yes', 'yes', '', '', 'no', 'no', 'no', 'no', 1, 'no', 'no', 'yes', 'no', 'no', 'yes', '2012-01-20 19:26:51', 39),
(38, 'default', '1033', '', 'Test Wholesale wrspro User', '', '', 'central', 'yes', 'yes', '', '', 'no', 'no', 'no', 'no', 1, 'no', 'no', 'yes', 'no', 'no', 'yes', '2012-01-20 19:27:21', 40);
#tariff to admin
update users set tariff_id=14 where id=0;

INSERT INTO `addresses` (`id`, `direction_id`, `state`, `county`, `city`, `postcode`, `address`, `phone`, `mob_phone`, `fax`, `email`) VALUES
(5, 1, '', '', '', '', '', '', '', '', 'test@kolmisoft.com'),
(6, NULL, NULL, NULL, NULL, NULL, NULL, NULL, NULL, NULL, NULL),
(7, 1, '', '', '', '', '', '', '', '', 'test@kolmisoft.com'),
(8, 1, '', '', '', '', '', '', '', '', 'test@kolmisoft.com'),
(9, NULL, NULL, NULL, NULL, NULL, NULL, NULL, NULL, NULL, NULL),
(10, NULL, NULL, NULL, NULL, NULL, NULL, NULL, NULL, NULL, NULL);
