#active_calls
INSERT INTO `activecalls` 
 (`id`, `server_id`, `uniqueid`,         `start_time`                        , `answer_time`                     ,`transfer_time`, `src`,       `dst`,       `src_device_id`, `dst_device_id`, `channel`,                   `dstchannel`, `prefix`, `provider_id`, `did_id`, `user_id`, `owner_id`, `localized_dst`) VALUES
 (10,    1,           '1249298495.111727',DATE_SUB(NOW(), INTERVAL 10 SECOND),DATE_SUB(NOW(), INTERVAL 5 SECOND),           NULL,'37060011221','123123'     ,5,              0,             'SIP/10.219.62.200-c40daf10'   ,'',           '1231',     1,              11,        0,          0,          '37060011230'),
 (11,    1,           '1249298495.111727',DATE_SUB(NOW(), INTERVAL 50 SECOND),DATE_SUB(NOW(), INTERVAL 40 SECOND),           NULL,'37060011225','37060011242',4,              9,             'SIP/10.219.62.200-c40daf10'   ,'',           '370' ,     1,              15,        2,          0,          '37060011242'),
 (12,    1,           '1249298495.111727',DATE_SUB(NOW(), INTERVAL 90 SECOND),DATE_SUB(NOW(), INTERVAL 70 SECOND),           NULL,'37060011238','37060011226',9,              4,             'SIP/10.219.62.200-c40daf10'   ,'',           '370' ,     1,              28,        4,          0,          '37060011226'),
 (13,    1,           '1249298495.111727',DATE_SUB(NOW(), INTERVAL 130 SECOND),DATE_SUB(NOW(), INTERVAL 100 SECOND),           NULL,'37060011234','123123'     ,7,              0,             'SIP/10.219.62.200-c40daf10'   ,'',           '1231',     11,              24,        5,          3,          '37060011239'),
 (14,    1,           '1249298495.111727',DATE_SUB(NOW(), INTERVAL 170 SECOND),DATE_SUB(NOW(), INTERVAL 140 SECOND),           NULL,'37060011233','37060011223',8,              5,             'SIP/10.219.62.200-c40daf10'   ,'',           '370' ,     12,              23,        5,          3,          '37060011223');
#calls
INSERT INTO `calls`
     (`id` , `calldate`               , `clid`                        , `src`       , `dst`       , `duration`, `billsec`, `disposition`, `amaflags`, `accountcode`, `uniqueid`   , `userfield`, `src_device_id`, `dst_device_id`, `user_id`, `user_rate`, `user_billsec`, `user_price`, `reseller_id`, `reseller_rate`, `reseller_billsec`, `reseller_price`, `prefix`, `server_id`, `hangupcause`,`callertype`, `localized_dst`, `did_provider_id`, `did_id`, `originator_ip`, `terminator_ip`, `real_duration`, `real_billsec`, `did_billsec`,`card_id`,`provider_id`,`provider_price`)VALUES 
     (211  ,'2011-11-01 07:00:01'     ,'\"37060011221\" <37060011221>','37060011221','37060011224',60         ,50        ,'ANSWERED'    ,0          ,'2'           ,'1232113379.3',''          ,5               ,4               ,0        ,3            ,50             ,5            ,0             ,0               ,0                  ,4                ,'3706'   ,1           ,16            ,'Local'     ,'37060011224'   ,1                 ,11       ,''              ,''              ,0               ,0              ,0             ,0        , 1           , 14             ),
     (212  ,'2011-11-02 07:00:01'     ,'\"37060011221\" <37060011221>','37060011221','37060011225',60         ,50        ,'ANSWERED'    ,0          ,'2'           ,'1232113379.3',''          ,5               ,4               ,0        ,4            ,50             ,2            ,0             ,0               ,0                  ,4                ,'3706'   ,1           ,16            ,'Local'     ,'37060011225'   ,1                 ,11       ,''              ,''              ,0               ,0              ,0             ,0        , 1           , 14             ),
     (213  ,'2011-11-02 14:00:01'     ,'\"37060011221\" <37060011221>','37060011221','37060011226',60         ,50        ,'ANSWERED'    ,0          ,'2'           ,'1232113379.3',''          ,5               ,4               ,0        ,5            ,50             ,4            ,0             ,0               ,0                  ,4                ,'3706'   ,1           ,16            ,'Local'     ,'37060011226'   ,1                 ,11       ,''              ,''              ,0               ,0              ,0             ,0        , 1           , 14             ),
     (214  ,'2011-11-03 05:00:01'     ,'\"37060011221\" <37060011221>','37060011221','37060011242',60         ,50        ,'ANSWERED'    ,0          ,'2'           ,'1232113379.3',''          ,5               ,9               ,0        ,3            ,50             ,9            ,0             ,0               ,0                  ,4                ,'3706'   ,1           ,16            ,'Local'     ,'37060011242'   ,1                 ,11       ,''              ,''              ,0               ,0              ,0             ,0        , 1           , 14             ),
     (215  ,'2011-11-03 09:00:01'     ,'\"37060011221\" <37060011221>','37060011221','37060011238',60         ,50        ,'ANSWERED'    ,0          ,'2'           ,'1232113379.3',''          ,5               ,9               ,0        ,4            ,50             ,7            ,0             ,0               ,0                  ,4                ,'3706'   ,1           ,16            ,'Local'     ,'37060011238'   ,1                 ,11       ,''              ,''              ,0               ,0              ,0             ,0        , 1           , 14             ),
     (216  ,'2011-11-03 22:00:01'     ,'\"37060011221\" <37060011221>','37060011221','37060011239',60         ,50        ,'ANSWERED'    ,0          ,'2'           ,'1232113379.3',''          ,5               ,9               ,0        ,5            ,50             ,11           ,0             ,0               ,0                  ,4                ,'3706'   ,1           ,16            ,'Local'     ,'37060011239'   ,11                ,11       ,''              ,''              ,0               ,0              ,0             ,0        , 1           , 14             ),
     (217  ,'2011-11-04 12:00:01'     ,'\"37060011221\" <37060011221>','37060011221','37060011240',60         ,50        ,'ANSWERED'    ,0          ,'2'           ,'1232113379.3',''          ,5               ,9               ,0        ,7            ,50             ,5            ,0             ,0               ,0                  ,8                ,'3706'   ,1           ,16            ,'Local'     ,'37060011240'   ,11                ,11       ,''              ,''              ,0               ,0              ,0             ,0        , 1           , 14             ),
     (218  ,'2011-11-05 08:00:01'     ,'\"37060011221\" <37060011221>','37060011221','37060011230',60         ,50        ,'ANSWERED'    ,0          ,'2'           ,'1232113379.3',''          ,5               ,7               ,0        ,4            ,50             ,2            ,0             ,0               ,0                  ,3                ,'3706'   ,1           ,16            ,'Local'     ,'37060011230'   ,11                ,11       ,''              ,''              ,0               ,0              ,0             ,0        , 1           , 14             ),
     (219  ,'2011-11-05 13:00:01'     ,'\"123123\" <123123>'          ,'123123'     ,'37060011221',60         ,50        ,'ANSWERED'    ,0          ,'2'           ,'1232113379.3',''          ,0               ,5               ,-1       ,9            ,50             ,4            ,-1            ,0               ,0                  ,9                ,'1231'   ,1           ,16            ,'Outside'   ,'37060011221'   ,11                ,0        ,''              ,''              ,0               ,0              ,0             ,0        , 1           , 14             ),
     (220  ,'2011-11-05 16:00:01'     ,'\"123123\" <123123>'          ,'123123'     ,'37060011221',60         ,50        ,'ANSWERED'    ,0          ,'2'           ,'1232113379.3',''          ,0               ,5               ,-1       ,3            ,50             ,9            ,-1            ,0               ,0                  ,2                ,'1231'   ,1           ,16            ,'Outside'   ,'37060011221'   ,11                ,0        ,''              ,''              ,0               ,0              ,0             ,0        , 1           , 14             ),    
     (221  ,'2011-11-06 15:00:01'     ,'\"37060011221\" <37060011221>','37060011221','37060011234',60         ,50        ,'ANSWERED'    ,0          ,'2'           ,'1232113379.3',''          ,5               ,7               ,0        ,4            ,50             ,2            ,0             ,0               ,0                  ,3                ,'3706'   ,1           ,16            ,'Local'     ,'37060011234'   ,11                ,11       ,''              ,''              ,0               ,0              ,0             ,0        , 1           , 14             ),
     (222  ,'2011-11-07 14:00:01'     ,'\"37060011221\" <37060011221>','37060011221','37060011233',60         ,50        ,'ANSWERED'    ,0          ,'2'           ,'1232113379.3',''          ,5               ,8               ,0        ,4            ,50             ,2            ,0             ,0               ,0                  ,3                ,'3706'   ,1           ,16            ,'Local'     ,'37060011233'   ,1                 ,11       ,''              ,''              ,0               ,0              ,0             ,0        , 1           , 14             ),
     (223  ,'2011-11-08 11:00:01'     ,'\"37060011226\" <37060011226>','37060011226','37060011221',60         ,50        ,'ANSWERED'    ,0          ,'2'           ,'1232113379.3',''          ,4               ,5               ,2        ,4            ,50             ,2            ,0             ,0               ,0                  ,3                ,'3706'   ,1           ,16            ,'Local'     ,'37060011221'   ,1                 ,16       ,''              ,''              ,0               ,0              ,0             ,0        , 1           , 14             ),
     (224  ,'2011-11-08 23:00:01'     ,'\"37060011226\" <37060011226>','37060011226','37060011223',60         ,50        ,'ANSWERED'    ,0          ,'2'           ,'1232113379.3',''          ,4               ,5               ,2        ,4            ,50             ,2            ,0             ,0               ,0                  ,3                ,'3706'   ,1           ,16            ,'Local'     ,'37060011223'   ,1                 ,16       ,''              ,''              ,0               ,0              ,0             ,0        , 1           , 14             ),
     (225  ,'2011-11-09 09:00:01'     ,'\"123123\" <123123>'          ,'123123'     ,'37060011221',60         ,50        ,'ANSWERED'    ,0          ,'2'           ,'1232113379.3',''          ,0               ,5               ,-1       ,4            ,50             ,2            ,-1            ,0               ,0                  ,3                ,'1231'   ,1           ,16            ,'Outside'   ,'37060011221'   ,1                 ,0        ,''              ,''              ,0               ,0              ,0             ,0        , 1           , 14             ),
     (226  ,'2011-11-09 12:00:01'     ,'\"37060011226\" <37060011226>','37060011226','37060011242',60         ,50        ,'ANSWERED'    ,0          ,'2'           ,'1232113379.3',''          ,4               ,9               ,2        ,4            ,50             ,2            ,0             ,0               ,0                  ,3                ,'3706'   ,1           ,16            ,'Local'     ,'37060011242'   ,1                 ,16       ,''              ,''              ,0               ,0              ,0             ,0        , 1           , 14             ),
     (227  ,'2011-11-09 15:00:01'     ,'\"37060011226\" <37060011226>','37060011226','37060011238',60         ,50        ,'ANSWERED'    ,0          ,'2'           ,'1232113379.3',''          ,4               ,9               ,2        ,4            ,50             ,2            ,0             ,0               ,0                  ,3                ,'3706'   ,1           ,16            ,'Local'     ,'37060011238'   ,1                 ,16       ,''              ,''              ,0               ,0              ,0             ,0        , 1           , 14             ),
     (228  ,'2011-11-09 17:00:01'     ,'\"123123\" <123123>'          ,'123123'     ,'37060011223',60         ,50        ,'ANSWERED'    ,0          ,'2'           ,'1232113379.3',''          ,0               ,5               ,-1       ,4            ,50             ,2            ,-1            ,0               ,0                  ,3                ,'1231'   ,1           ,16            ,'Outside'   ,'37060011223'   ,1                 ,0        ,''              ,''              ,0               ,0              ,0             ,0        , 1           , 14             ),
     (229  ,'2011-11-09 22:00:01'     ,'\"37060011226\" <37060011226>','37060011226','37060011239',60         ,50        ,'ANSWERED'    ,0          ,'2'           ,'1232113379.3',''          ,4               ,9               ,2        ,4            ,50             ,2            ,0             ,0               ,0                  ,3                ,'3706'   ,1           ,16            ,'Local'     ,'37060011239'   ,1                 ,16       ,''              ,''              ,0               ,0              ,0             ,0        , 1           , 14             ),
     (230  ,'2011-11-10 13:00:01'     ,'\"37060011226\" <37060011226>','37060011226','37060011240',60         ,50        ,'ANSWERED'    ,0          ,'2'           ,'1232113379.3',''          ,4               ,9               ,2        ,4            ,50             ,2            ,0             ,0               ,0                  ,3                ,'3706'   ,1           ,16            ,'Local'     ,'37060011240'   ,1                 ,16       ,''              ,''              ,0               ,0              ,0             ,0        , 1           , 14             ),
     (231  ,'2011-11-11 11:00:01'     ,'\"123123\" <123123>'          ,'123123'     ,'37060011225',60         ,50        ,'ANSWERED'    ,0          ,'2'           ,'1232113379.3',''          ,0               ,4               ,-1       ,4            ,50             ,2            ,-1            ,0               ,0                  ,3                ,'1231'   ,1           ,16            ,'Outside'   ,'37060011225'   ,1                 ,0        ,''              ,''              ,0               ,0              ,0             ,0        , 1           , 14             ),
     (232  ,'2011-11-11 15:00:01'     ,'\"37060011226\" <37060011226>','37060011226','37060011230',60         ,50        ,'ANSWERED'    ,0          ,'2'           ,'1232113379.3',''          ,4               ,7               ,2        ,4            ,50             ,2            ,0             ,0               ,0                  ,3                ,'3706'   ,1           ,16            ,'Local'     ,'37060011230'   ,1                 ,16       ,''              ,''              ,0               ,0              ,0             ,0        , 1           , 14             ),
     (233  ,'2011-11-11 17:00:01'     ,'\"123123\" <123123>'          ,'123123'     ,'37060011225',60         ,50        ,'ANSWERED'    ,0          ,'2'           ,'1232113379.3',''          ,0               ,4               ,-1       ,4            ,50             ,2            ,-1            ,0               ,0                  ,3                ,'1231'   ,1           ,16            ,'Outside'   ,'37060011225'   ,1                 ,0        ,''              ,''              ,0               ,0              ,0             ,0        , 1           , 14             ),
     (234  ,'2011-11-11 23:00:01'     ,'\"37060011226\" <37060011226>','37060011226','37060011234',60         ,50        ,'ANSWERED'    ,0          ,'2'           ,'1232113379.3',''          ,4               ,7               ,2        ,4            ,50             ,2            ,0             ,0               ,0                  ,3                ,'3706'   ,1           ,16            ,'Local'     ,'37060011234'   ,1                 ,16       ,''              ,''              ,0               ,0              ,0             ,0        , 1           , 14             ),
     (235  ,'2011-11-12 06:00:01'     ,'\"37060011226\" <37060011226>','37060011226','37060011233',60         , 0        ,'FAILED'      ,0          ,'2'           ,'1232113379.3',''          ,4               ,8               ,2        ,4            , 0             ,0            ,0             ,0               ,0                  ,0                ,'3706'   ,1           ,16            ,'Local'     ,'37060011233'   ,1                 ,16       ,''              ,''              ,0               ,0              ,0             ,0        , 1           , 0              ),
     (236  ,'2011-11-12 12:00:01'     ,'\"37060011238\" <37060011238>','37060011238','123123'     ,60         , 0        ,'FAILED'      ,0          ,'2'           ,'1232113379.3',''          ,9               ,0               ,4        ,4            , 0             ,0            ,0             ,0               ,0                  ,0                ,'3706'   ,1           ,16            ,'Outside'   ,'123123'        ,1                 ,28       ,''              ,''              ,0               ,0              ,0             ,0        , 1           , 0              ),
     (237  ,'2011-11-12 14:00:01'     ,'\"37060011233\" <37060011233>','37060011233','123123'     ,60         ,50        ,'ANSWERED'    ,0          ,'2'           ,'1232113379.3',''          ,8               ,0               ,5        ,4            ,50             ,2            ,3             ,0               ,50                 ,16               ,'3706'   ,1           ,16            ,'Outside'   ,'123123'        ,12                ,23       ,''              ,''              ,0               ,0              ,0             ,0        , 12          , 16             ),
     (238  ,'2011-11-12 16:00:01'     ,'\"37060011221\" <37060011221>','37060011221','123123'     ,60         , 0        ,'BUSY'        ,0          ,'2'           ,'1232113379.3',''          ,5               ,0               ,0        ,4            , 0             ,0            ,0             ,0               ,0                  ,0                ,'3706'   ,1           ,16            ,'Outside'   ,'123123'        ,1                 ,11       ,''              ,''              ,0               ,0              ,0             ,0        , 1           , 0              ),
     (239  ,'2011-11-13 11:00:01'     ,'\"37060011221\" <37060011221>','37060011221','37060011223',60         ,50        ,'ANSWERED'    ,0          ,'2'           ,'1232113379.3',''          ,5               ,5               ,0        ,4            ,50             ,2            ,0             ,0               ,0                  ,3                ,'3706'   ,1           ,16            ,'Local'     ,'37060011223'   ,1                 ,11       ,''              ,''              ,0               ,0              ,0             ,0        , 1           , 14             ),
     (240  ,'2011-11-13 15:00:01'     ,'\"37060011238\" <37060011238>','37060011238','37060011221',60         , 0        ,'FAILED'      ,0          ,'2'           ,'1232113379.3',''          ,9               ,5               ,4        ,4            , 0             ,0            ,0             ,0               ,0                  ,0                ,'3706'   ,1           ,16            ,'Local'     ,'37060011221'   ,1                 ,28       ,''              ,''              ,0               ,0              ,0             ,0        , 1           , 0              ),
     (241  ,'2011-11-13 17:00:01'     ,'\"37060011233\" <37060011233>','37060011233','37060011221',60         , 0        ,'FAILED'      ,0          ,'2'           ,'1232113379.3',''          ,8               ,5               ,5        ,4            , 0             ,0            ,3             ,0               ,0                  ,0                ,'3706'   ,1           ,16            ,'Local'     ,'37060011221'   ,12                ,23       ,''              ,''              ,0               ,0              ,0             ,0        , 12          , 0              ),
     (242  ,'2011-11-13 21:00:01'     ,'\"37060011230\" <37060011230>','37060011230','37060011221',60         , 0        ,'FAILED'      ,0          ,'2'           ,'1232113379.3',''          ,7               ,5               ,5        ,4            , 0             ,0            ,3             ,0               ,0                  ,0                ,'3706'   ,1           ,16            ,'Local'     ,'37060011221'   ,11                ,20       ,''              ,''              ,0               ,0              ,0             ,0        , 11          , 0              ),
     (243  ,'2011-11-14 07:00:01'     ,'\"37060011230\" <37060011230>','37060011230','123123'     ,60         , 0        ,'BUSY'        ,0          ,'2'           ,'1232113379.3',''          ,7               ,0               ,5        ,4            , 0             ,0            ,3             ,0               ,0                  ,0                ,'3706'   ,1           ,199            ,'Outside'   ,'123123'        ,11                ,20       ,''              ,''              ,0               ,0              ,0             ,0        , 11          , 0              ),
     (244  ,'2011-11-14 13:00:01'     ,'\"37060011223\" <37060011223>','37060011223','123123'     ,60         , 0        ,'BUSY'        ,0          ,'2'           ,'1232113379.3',''          ,5               ,0               ,0        ,4            , 0             ,0            ,0             ,0               ,0                  ,0                ,'3706'   ,1           ,16            ,'Outside'   ,'123123'        ,1                 ,23       ,''              ,''              ,0               ,0              ,0             ,0        , 1           ,  0             ),
     (245  ,'2011-11-14 14:00:01'     ,'\"37060011230\" <37060011230>','37060011230','37060011221',60         , 0        ,'FAILED'      ,0          ,'2'           ,'1232113379.3',''          ,7               ,5               ,5        ,4            , 0             ,0            ,3             ,0               ,0                  ,0                ,'3706'   ,1           ,16            ,'Local'     ,'37060011221'   ,11                ,20       ,''              ,''              ,0               ,0              ,0             ,0        , 11          ,  0             ),
     (246  ,'2011-11-14 15:00:01'     ,'\"37060011221\" <37060011221>','37060011221','37060011223',60         , 0        ,'BUSY'        ,0          ,'2'           ,'1232113379.3',''          ,5               ,5               ,0        ,4            , 0             ,0            ,0             ,0               ,0                  ,0                ,'3706'   ,1           ,16            ,'Local'     ,'37060011223'   ,1                 ,11       ,''              ,''              ,0               ,0              ,0             ,0        , 1           ,  0             ),
     (247  ,'2011-11-14 16:00:01'     ,'\"37060011224\" <37060011224>','37060011224','37060011221',60         , 0        ,'FAILED'      ,0          ,'2'           ,'1232113379.3',''          ,4               ,5               ,2        ,4            , 0             ,0            ,0             ,0               ,0                  ,0                ,'3706'   ,1           ,16            ,'Local'     ,'37060011221'   ,1                 ,14       ,''              ,''              ,0               ,0              ,0             ,0        , 1           ,  0             ),
     (248  ,'2011-11-14 23:00:01'     ,'\"37060011225\" <37060011225>','37060011225','37060011221',60         , 0        ,'BUSY'        ,0          ,'2'           ,'1232113379.3',''          ,4               ,5               ,2        ,4            , 0             ,0            ,0             ,0               ,0                  ,0                ,'3706'   ,1           ,16            ,'Local'     ,'37060011221'   ,1                 ,15       ,''              ,''              ,0               ,0              ,0             ,0        , 1           ,  0             ),
     (249  ,'2011-11-15 02:00:01'     ,'\"37060011221\" <37060011221>','37060011221','37060011223',60         , 0        ,'BUSY'        ,0          ,'2'           ,'1232113379.3',''          ,5               ,5               ,0        ,4            , 0             ,0            ,0             ,0               ,0                  ,0                ,'3706'   ,1           ,16            ,'Local'     ,'37060011223'   ,1                 ,11       ,''              ,''              ,0               ,0              ,0             ,0        , 1           , 0              ),
     (250  ,'2011-11-15 12:00:01'     ,'\"37060011239\" <37060011239>','37060011239','37060011221',60         ,50        ,'ANSWERED'    ,0          ,'2'           ,'1232113379.3',''          ,9               ,5               ,4        ,4            ,50             ,2            ,0             ,0               ,0                  ,3                ,'3706'   ,1           ,16            ,'Local'     ,'37060011221'   ,1                 ,29       ,''              ,''              ,0               ,0              ,0             ,0        , 1           , 14             ),
     (251  ,'2011-11-15 12:50:01'     ,'\"37060011239\" <37060011239>','37060011239','37060011223',60         ,50        ,'ANSWERED'    ,0          ,'2'           ,'1232113379.3',''          ,9               ,5               ,4        ,4            ,50             ,2            ,0             ,0               ,0                  ,3                ,'3706'   ,1           ,16            ,'Local'     ,'37060011223'   ,1                 ,29       ,''              ,''              ,0               ,0              ,0             ,0        , 1           , 14             ),
     (252  ,'2011-11-15 14:00:01'     ,'\"37060011239\" <37060011239>','37060011239','37060011224',60         ,50        ,'ANSWERED'    ,0          ,'2'           ,'1232113379.3',''          ,9               ,4               ,4        ,4            ,50             ,2            ,0             ,0               ,0                  ,3                ,'3706'   ,1           ,16            ,'Local'     ,'37060011224'   ,1                 ,29       ,''              ,''              ,0               ,0              ,0             ,0        , 1           , 14             ),
     (253  ,'2011-11-16 15:00:01'     ,'\"37060011225\" <37060011225>','37060011225','123123'     ,60         ,50        ,'ANSWERED'    ,0          ,'2'           ,'1232113379.3',''          ,4               ,0               ,2        ,4            ,50             ,2            ,0             ,0               ,0                  ,3                ,'3706'   ,1           ,16            ,'Outside'   ,'123123'        ,1                 ,15       ,''              ,''              ,0               ,0              ,0             ,0        , 1           , 14             ),
     (254  ,'2011-11-16 16:00:01'     ,'\"37060011242\" <37060011242>','37060011242','37060011225',60         ,5         ,'ANSWERED'    ,0          ,'2'           ,'1232113379.3',''          ,9               ,4               ,4        ,3            ,5              ,5            ,0             ,3               ,0                  ,4                ,'3706'   ,1           ,16            ,'Local'     ,'37060011225'   ,1                 ,32       ,''              ,''              ,0               ,0              ,0             ,0        , 1           , 14             ),
     (255  ,'2011-11-16 17:00:01'     ,'\"37060011242\" <37060011242>','37060011242','37060011226',60         ,5         ,'ANSWERED'    ,0          ,'2'           ,'1232113379.3',''          ,9               ,4               ,4        ,3            ,5              ,5            ,0             ,3               ,0                  ,4                ,'3706'   ,1           ,16            ,'Local'     ,'37060011226'   ,1                 ,32       ,''              ,''              ,0               ,0              ,0             ,0        , 1           , 14             ),
     (256  ,'2011-11-17 12:00:01'     ,'\"37060011226\" <37060011226>','37060011226','123123'     ,60         ,5         ,'ANSWERED'    ,0          ,'2'           ,'1232113379.3',''          ,4               ,0               ,2        ,3            ,5              ,5            ,0             ,3               ,0                  ,4                ,'3706'   ,1           ,16            ,'Outside'   ,'123123'        ,1                 ,16       ,''              ,''              ,0               ,0              ,0             ,0        , 1           , 14             ),
     (257  ,'2011-11-17 21:00:01'     ,'\"37060011240\" <37060011240>','37060011240','37060011233',60         ,5         ,'ANSWERED'    ,0          ,'2'           ,'1232113379.3',''          ,9               ,8               ,4        ,3            ,5              ,5            ,0             ,3               ,0                  ,4                ,'3706'   ,1           ,16            ,'Local'     ,'37060011233'   ,1                 ,30       ,''              ,''              ,0               ,0              ,0             ,0        , 1           , 14             ),
     (258  ,'2011-11-18 09:00:01'     ,'\"123123\" <123123>'          ,'123123'     ,'37060011240',60         ,5         ,'ANSWERED'    ,0          ,'2'           ,'1232113379.3',''          ,0               ,5               ,-1       ,3            ,5              ,5            ,-1            ,3               ,0                  ,4                ,'1231'   ,1           ,16            ,'Outside'   ,'37060011240'   ,1                 ,0        ,''              ,''              ,0               ,0              ,0             ,0        , 1           , 14             ),
     (259  ,'2011-11-19 07:00:01'     ,'\"123123\" <123123>'          ,'123123'     ,'37060011233',60         ,5         ,'ANSWERED'    ,0          ,'2'           ,'1232113379.3',''          ,0               ,8               ,-1       ,3            ,5              ,5            ,-1            ,3               ,0                  ,4                ,'1231'   ,1           ,16            ,'Outside'   ,'37060011233'   ,1                 ,0        ,''              ,''              ,0               ,0              ,0             ,0        , 1           , 14             ),
     (260  ,'2011-11-20 04:00:01'     ,'\"37060011239\" <37060011239>','37060011239','37060011226',60         ,50        ,'ANSWERED'    ,0          ,'2'           ,'1232113379.3',''          ,9               ,4               ,4        ,4            ,50             ,2            ,0             ,0               ,0                  ,3                ,'3706'   ,1           ,16            ,'Local'     ,'37060011226'   ,1                 ,29       ,''              ,''              ,0               ,0              ,0             ,0        , 1           , 14             ),
     (261  ,'2011-11-22 09:00:01'     ,'\"37060011242\" <37060011242>','37060011242','37060011225',60         ,50        ,'ANSWERED'    ,0          ,'2'           ,'1232113379.3',''          ,9               ,4               ,4        ,4            ,50             ,2            ,0             ,0               ,0                  ,3                ,'3706'   ,1           ,16            ,'Local'     ,'37060011225'   ,1                 ,32       ,''              ,''              ,0               ,0              ,0             ,0        , 1           , 14             ),
     (262  ,'2011-11-22 11:00:01'     ,'\"37060011242\" <37060011242>','37060011242','37060011224',60         ,50        ,'ANSWERED'    ,0          ,'2'           ,'1232113379.3',''          ,9               ,4               ,4        ,4            ,50             ,9            ,0             ,0               ,0                  ,3                ,'3706'   ,1           ,16            ,'Local'     ,'37060011224'   ,1                 ,32       ,''              ,''              ,0               ,0              ,0             ,0        , 1           , 14             ),
     (263  ,'2011-11-22 12:00:01'     ,'\"37060011240\" <37060011240>','37060011240','37060011230',60         ,50        ,'ANSWERED'    ,0          ,'2'           ,'1232113379.3',''          ,9               ,7               ,4        ,4            ,50             ,2            ,0             ,0               ,0                  ,45               ,'3706'   ,1           ,16            ,'Local'     ,'37060011230'   ,1                 ,30       ,''              ,''              ,0               ,0              ,0             ,0        , 1           , 14             ),
     (264  ,'2011-11-22 13:00:01'     ,'\"37060011240\" <37060011240>','37060011240','37060011233',60         ,50        ,'ANSWERED'    ,0          ,'2'           ,'1232113379.3',''          ,9               ,8               ,4        ,4            ,50             ,2            ,0             ,0               ,0                  ,3                ,'3706'   ,1           ,16            ,'Local'     ,'37060011233'   ,1                 ,30       ,''              ,''              ,0               ,0              ,0             ,0        , 1           , 14             ),
     (265  ,'2011-11-22 15:00:01'     ,'\"37060011238\" <37060011238>','37060011238','37060011230',60         ,50        ,'ANSWERED'    ,0          ,'2'           ,'1232113379.3',''          ,9               ,7               ,4        ,4            ,50             ,9            ,0             ,0               ,0                  ,3                ,'3706'   ,1           ,16            ,'Local'     ,'37060011230'   ,1                 ,28       ,''              ,''              ,0               ,0              ,0             ,0        , 1           , 14             ),
     (266  ,'2011-11-22 17:00:01'     ,'\"37060011221\" <37060011221>','37060011221','123123'     ,60         ,50        ,'ANSWERED'    ,0          ,'2'           ,'1232113379.3',''          ,5               ,0               ,0        ,4            ,50             ,2            ,0             ,0               ,0                  ,3                ,'3706'   ,1           ,16            ,'Outside'   ,'123123'        ,1                 ,11       ,''              ,''              ,0               ,0              ,0             ,0        , 1           , 14             ),
     (267  ,'2011-11-22 19:00:01'     ,'\"37060011238\" <37060011238>','37060011238','37060011221',60         ,50        ,'ANSWERED'    ,0          ,'2'           ,'1232113379.3',''          ,9               ,5               ,4        ,4            ,50             ,2            ,0             ,0               ,0                  ,34               ,'3706'   ,1           ,16            ,'Local'     ,'37060011221'   ,1                 ,28       ,''              ,''              ,0               ,0              ,0             ,0        , 1           , 14             ),
     (268  ,'2011-11-22 20:00:01'     ,'\"37060011239\" <37060011239>','37060011239','123123'     ,60         ,50        ,'ANSWERED'    ,0          ,'2'           ,'1232113379.3',''          ,9               ,0               ,4        ,4            ,50             ,12           ,0             ,0               ,0                  ,3                ,'3706'   ,1           ,16            ,'Outside'   ,'123123'        ,1                 ,29       ,''              ,''              ,0               ,0              ,0             ,0        , 1           , 14             ),
     (269  ,'2011-11-22 21:00:01'     ,'\"37060011238\" <37060011238>','37060011238','37060011223',60         ,50        ,'ANSWERED'    ,0          ,'2'           ,'1232113379.3',''          ,9               ,5               ,4        ,4            ,50             ,2            ,0             ,0               ,0                  ,3                ,'3706'   ,1           ,16            ,'Local'     ,'37060011223'   ,1                 ,28       ,''              ,''              ,0               ,0              ,0             ,0        , 1           , 14             ),
     (270  ,'2011-11-22 22:00:01'     ,'\"37060011238\" <37060011238>','37060011238','37060011221',60         ,50        ,'ANSWERED'    ,0          ,'2'           ,'1232113379.3',''          ,9               ,5               ,4        ,4            ,50             ,13           ,0             ,0               ,0                  ,9                ,'3706'   ,1           ,16            ,'Local'     ,'37060011221'   ,1                 ,28       ,''              ,''              ,0               ,0              ,0             ,0        , 1           , 14             ),
     (271  ,'2011-11-23 09:00:01'     ,'\"123123\" <123123>'          ,'123123'     ,'37060011225',60         ,50        ,'ANSWERED'    ,0          ,'2'           ,'1232113379.3',''          ,0               ,4               ,-1       ,4            ,50             ,2            ,-1            ,0               ,0                  ,12               ,'1231'   ,1           ,16            ,'Outside'   ,'37060011225'   ,1                 ,0        ,''              ,''              ,0               ,0              ,0             ,0        , 1           , 14             ),
     (272  ,'2011-11-23 12:00:01'     ,'\"37060011233\" <37060011233>','37060011233','37060011221',60         ,50        ,'ANSWERED'    ,0          ,'2'           ,'1232113379.3',''          ,8               ,5               ,5        ,4            ,50             ,14           ,3             ,0               ,50                 ,16               ,'3706'   ,1           ,16            ,'Local'     ,'37060011221'   ,12                ,23       ,''              ,''              ,0               ,0              ,0             ,0        , 12          , 16             ),
     (273  ,'2011-11-23 07:00:01'     ,'\"37060011233\" <37060011233>','37060011233','37060011224',60         ,50        ,'ANSWERED'    ,0          ,'2'           ,'1232113379.3',''          ,8               ,4               ,5        ,4            ,50             ,2            ,3             ,0               ,50                 ,16               ,'3706'   ,1           ,16            ,'Local'     ,'37060011224'   ,12                ,23       ,''              ,''              ,0               ,0              ,0             ,0        , 12          , 16             ),
     (274  ,'2011-11-23 13:00:01'     ,'\"123123\" <123123>'          ,'123123'     ,'37060011242',60         ,50        ,'ANSWERED'    ,0          ,'2'           ,'1232113379.3',''          ,0               ,9               ,-1       ,4            ,50             ,11           ,-1            ,0               ,0                  ,13               ,'1231'   ,1           ,16            ,'Outside'   ,'37060011242'   ,0                 ,0        ,''              ,''              ,0               ,0              ,0             ,0        , 1           , 14             ),
     (275  ,'2011-11-23 15:00:01'     ,'\"37060011233\" <37060011233>','37060011233','37060011225',60         ,50        ,'ANSWERED'    ,0          ,'2'           ,'1232113379.3',''          ,8               ,4               ,5        ,4            ,50             ,13           ,3             ,0               ,50                 ,16               ,'3706'   ,1           ,16            ,'Local'     ,'37060011225'   ,12                ,23       ,''              ,''              ,0               ,0              ,0             ,0        , 12          , 16             ),
     (276  ,'2011-11-23 16:00:01'     ,'\"123123\" <123123>'          ,'123123'     ,'37060011233',60         ,50        ,'ANSWERED'    ,0          ,'2'           ,'1232113379.3',''          ,0               ,8               ,-1       ,4            ,50             ,2            ,-1            ,0               ,0                  ,17               ,'1231'   ,1           ,16            ,'Outside'   ,'37060011221'   ,0                 ,0        ,''              ,''              ,0               ,0              ,0             ,0        , 1           , 14             ),
     (277  ,'2011-11-23 16:30:01'     ,'\"37060011233\" <37060011233>','37060011233','37060011226',60         ,50        ,'ANSWERED'    ,0          ,'2'           ,'1232113379.3',''          ,8               ,4               ,5        ,4            ,50             ,17           ,3             ,0               ,50                 ,16               ,'3706'   ,1           ,16            ,'Local'     ,'37060011226'   ,12                ,23       ,''              ,''              ,0               ,0              ,0             ,0        , 12          , 16             );
#Device
INSERT INTO `devices` (`id`, `name`, `host`  , `secret`, `context` , `ipaddr`, `port`     , `regseconds`, `accountcode` , `callerid`    , `extension`, `voicemail_active`, `username`, `device_type`, `user_id`, `primary_did_id`, `works_not_logged`, `forward_to`, `record`, `transfer`, `disallow`, `allow`         , `deny`          , `permit`, `nat`, `qualify`, `fullcontact`, `canreinvite`, `devicegroup_id`, `dtmfmode`, `callgroup`, `pickupgroup`, `fromuser`, `fromdomain`, `trustrpid`, `sendrpid`, `insecure`, `progressinband`, `videosupport`, `location_id`                  , `description`, `istrunk`, `cid_from_dids`, `pin`, `tell_balance`, `tell_time`, `tell_rtime_when_left`, `repeat_rtime_every`, `t38pt_udptl`, `regserver`, `ani`, `promiscredir`, `timeout`, `process_sipchaninfo`, `temporary_id`, `allow_duplicate_calls`, `call_limit`, `faststart`, `h245tunneling`, `latency`, `grace_time`, `recording_to_email`, `recording_keep`, `recording_email`)
VALUES                (8   ,'108'  ,'dynamic','108'    ,'mor_local','0.0.0.0',0           ,1175892667   ,2              ,'\"108\" <108>','108'       ,0                  ,'108'      ,'IAX2'        ,5         ,0               ,1                ,0                  ,0            ,'no'     ,'all'      ,'all'      ,'0.0.0.0/0.0.0.0','0.0.0.0/0.0.0.0','yes'    ,'yes' ,''        ,'no'          ,NULL          ,'rfc2833'        ,NULL       ,NULL        ,NULL          ,NULL       ,'no'         ,'no'        ,'no'       ,'never'    ,'no'             ,1              ,'Test Device for Resellers User',0             ,0         ,NULL            ,0     ,0              ,60          ,60                     ,'no'                 ,NULL          ,0           ,'no'  ,60             ,0         ,NULL                  ,0              ,0                       ,'yes'        ,'yes'       ,0               ,0         ,0            ,0                    ,NULL),
                      (9   ,'109'  ,'dynamic','109'    ,'mor_local','0.0.0.0',0           ,1175892667   ,2              ,'\"109\" <109>','109'       ,0                  ,'109'      ,'SIP'         ,4         ,0               ,1                ,0                  ,0            ,'no'     ,'all'      ,'all'      ,'0.0.0.0/0.0.0.0','0.0.0.0/0.0.0.0','yes'    ,'yes' ,''        ,'no'          ,NULL          ,'rfc2833'        ,NULL       ,NULL        ,NULL          ,NULL       ,'no'         ,'no'        ,'no'       ,'never'    ,'no'             ,1              ,'Test Device for Accountant'    ,0             ,0         ,NULL            ,0     ,0              ,60          ,60                     ,'no'                 ,NULL          ,0           ,'no'  ,60             ,0         ,NULL                  ,0              ,0                       ,'yes'        ,'yes'       ,0               ,0         ,0            ,0                    ,NULL);
#DIDs
INSERT INTO `dids` (`id`,`did`        ,`status`    ,`user_id`,`device_id`,`subscription_id`,`reseller_id`,`closed_till`        ,`dialplan_id`,`language`,`provider_id`,`comment`,`call_limit`,`sound_file_id`,`grace_time`,`t_digit`,`t_response`) VALUES
                   ( 11 ,'37060011221','active'    ,       0 ,       5   ,             0   ,           0 ,'2011-01-01 00:00:00',           0 ,'en'      ,           1 , NULL    ,          0 ,             0 ,          0 ,      10 ,         20 ),
                   ( 12 ,'37060011222','terminated',       0 ,       0   ,             0   ,           0 ,'2010-06-23 00:00:00',           0 ,''        ,           1 , NULL    ,          0 ,             0 ,          0 ,      10 ,         20 ),
                   ( 13 ,'37060011223','active'    ,       0 ,       5   ,             0   ,           0 ,'2011-01-01 00:00:00',           0 ,'en'      ,           1 , NULL    ,          0 ,             0 ,          0 ,      10 ,         20 ),
                   ( 14 ,'37060011224','active'    ,       2 ,       4   ,             0   ,           0 ,'2012-06-23 00:00:00',           0 ,'en'      ,           1 , NULL    ,          0 ,             0 ,          0 ,      10 ,         20 ),
                   ( 15 ,'37060011225','active'    ,       2 ,       4   ,             0   ,           0 ,'2012-11-01 00:00:00',           0 ,'en'      ,           1 , NULL    ,          0 ,             0 ,          0 ,      10 ,         20 ),
                   ( 16 ,'37060011226','active'    ,       2 ,       4   ,             0   ,           0 ,'2013-06-23 00:00:00',           0 ,'en'      ,           1 , NULL    ,          0 ,             0 ,          0 ,      10 ,         20 ),
                   ( 17 ,'37060011227','free'      ,       0 ,       0   ,             0   ,           0 ,'2009-01-01 00:00:00',           0 ,'en'      ,           1 , NULL    ,          0 ,             0 ,          0 ,      10 ,         20 ),
                   ( 18 ,'37060011228','active'    ,       2 ,       0   ,             0   ,           0 ,'2013-06-23 00:00:00',           0 ,'en'      ,           1 , NULL    ,          0 ,             0 ,          0 ,      10 ,         20 ),
                   ( 19 ,'37060011229','active'    ,       2 ,       0   ,             0   ,           0 ,'2011-01-01 00:00:00',           0 ,'en'      ,           1 , NULL    ,          0 ,             0 ,          0 ,      10 ,         20 ),
                   ( 20 ,'37060011230','reserved'  ,       5 ,       7   ,             0   ,           3 ,'2010-06-23 00:00:00',           0 ,'en'      ,           1 , NULL    ,          0 ,             0 ,          0 ,      10 ,         20 ),
                   ( 21 ,'37060011231','active'    ,       3 ,       0   ,             0   ,           0 ,'2022-01-01 00:00:00',           8 ,'en'      ,           1 , NULL    ,          0 ,             0 ,          0 ,      10 ,         20 ),
                   ( 22 ,'37060011232','active'    ,       3 ,       0   ,             0   ,           0 ,'2011-06-23 00:00:00',           9 ,'en'      ,           1 , NULL    ,          0 ,             0 ,          0 ,      10 ,         20 ),
                   ( 23 ,'37060011233','reserved'  ,       5 ,       8   ,             0   ,           3 ,'2011-01-01 00:00:00',           0 ,'en'      ,           1 , NULL    ,          0 ,             0 ,          0 ,      10 ,         20 ),
                   ( 24 ,'37060011234','reserved'  ,       5 ,       7   ,             0   ,           3 ,'2010-06-23 00:00:00',           0 ,'en'      ,           1 , NULL    ,          0 ,             0 ,          0 ,      10 ,         20 ),
                   ( 25 ,'37060011235','free'      ,       0 ,       0   ,             0   ,           0 ,'2011-01-01 00:00:00',           0 ,'en'      ,           1 , NULL    ,          0 ,             0 ,          0 ,      10 ,         20 ),
                   ( 26 ,'37060011236','terminated',       0 ,       0   ,             0   ,           0 ,'2010-06-23 00:00:00',           0 ,''        ,           1 , NULL    ,          0 ,             0 ,          0 ,      10 ,         20 ),
                   ( 27 ,'37060011237','free'      ,       0 ,       0   ,             0   ,           0 ,'2011-01-01 00:00:00',           0 ,'en'      ,           1 , NULL    ,          0 ,             0 ,          0 ,      10 ,         20 ),
                   ( 28 ,'37060011238','active'    ,       4 ,       9   ,             0   ,           0 ,'2012-06-23 00:00:00',           0 ,'en'      ,           1 , NULL    ,          0 ,             0 ,          0 ,      10 ,         20 ),
                   ( 29 ,'37060011239','active'    ,       4 ,       9   ,             0   ,           0 ,'2011-01-01 00:00:00',           0 ,'en'      ,           1 , NULL    ,          0 ,             0 ,          0 ,      10 ,         20 ),
                   ( 30 ,'37060011240','active'    ,       4 ,       9   ,             0   ,           0 ,'2010-06-23 00:00:00',           0 ,'en'      ,           1 , NULL    ,          0 ,             0 ,          0 ,      10 ,         20 ),
                   ( 31 ,'37060011241','free'      ,       0 ,       0   ,             0   ,           0 ,'2009-01-01 00:00:00',           0 ,'en'      ,           1 , NULL    ,          0 ,             0 ,          0 ,      10 ,         20 ),
                   ( 32 ,'37060011242','active'    ,       4 ,       9   ,             0   ,           0 ,'2013-06-23 00:00:00',           0 ,'en'      ,           1 , NULL    ,          0 ,             0 ,          0 ,      10 ,         20 ),
                   ( 33 ,'37060011243','active'    ,       3 ,       0   ,             0   ,           0 ,'2011-01-01 00:00:00',          10 ,'en'      ,           1 , NULL    ,          0 ,             0 ,          0 ,      10 ,         20 ),
                   ( 34 ,'37060011244','reserved'  ,       3 ,       0   ,             0   ,           0 ,'2010-06-23 00:00:00',           0 ,'en'      ,           1 , NULL    ,          0 ,             0 ,          0 ,      10 ,         20 ),
                   ( 35 ,'37060011245','active'    ,       0 ,       0   ,             0   ,           0 ,'2022-01-01 00:00:00',           5 ,'en'      ,           1 , NULL    ,          0 ,             0 ,          0 ,      10 ,         20 ),
                   ( 36 ,'37060011246','active'    ,       0 ,       0   ,             0   ,           0 ,'2011-06-23 00:00:00',           3 ,'en'      ,           1 , NULL    ,          0 ,             0 ,          0 ,      10 ,         20 ),
                   ( 37 ,'37060011247','reserved'  ,       3 ,       0   ,             0   ,           0 ,'2011-01-01 00:00:00',           0 ,'en'      ,           1 , NULL    ,          0 ,             0 ,          0 ,      10 ,         20 ),
                   ( 38 ,'37060011248','reserved'  ,       3 ,       0   ,             0   ,           0 ,'2010-06-23 00:00:00',           0 ,'en'      ,           1 , NULL    ,          0 ,             0 ,          0 ,      10 ,         20 ),
                   ( 39 ,'37060011249','closed'    ,       0 ,       6   ,             0   ,           0 ,'2019-06-23 00:00:00',           0 ,'en'      ,           1 , NULL    ,          0 ,             0 ,          0 ,      10 ,         20 ),
                   ( 40 ,'37060011250','closed'    ,       2 ,       3   ,             0   ,           0 ,'2019-01-01 00:00:00',           0 ,'en'      ,           1 , NULL    ,          0 ,             0 ,          0 ,      10 ,         20 ),
                   ( 41 ,'37060011251','closed'    ,       3 ,       6   ,             0   ,           0 ,'2019-06-23 00:00:00',           0 ,'en'      ,           1 , NULL    ,          0 ,             0 ,          0 ,      10 ,         20 ),
                   ( 42 ,'37060011252','closed'    ,       4 ,       9   ,             0   ,           0 ,'2019-01-01 00:00:00',           0 ,'en'      ,           1 , NULL    ,          0 ,             0 ,          0 ,      10 ,         20 ),
                   ( 43 ,'37060011253','closed'    ,       5 ,       7   ,             0   ,           3 ,'2019-06-23 00:00:00',           0 ,'en'      ,           1 , NULL    ,          0 ,             0 ,          0 ,      10 ,         20 );
INSERT INTO `conflines` (`id`,`value2`,`name`                            ,`value`,`owner_id`) VALUES
                        (1000,NULL    ,'Resellers_can_add_their_own_DIDs', 1     ,0         );
INSERT INTO `acc_groups`(`id`,`name`                 ,`only_view`,`group_type`,`description`) VALUES
                        ( 2 ,'Accountant_permissions', 0         ,'accountant', ''          ),
                        ( 1  ,'Reseller_permissions' ,         0 , 'reseller' , ''          ); 
UPDATE acc_group_rights set value =1 where acc_group_id =1;
update users set acc_group_id =1 where id=3;
#DialPlans
INSERT INTO `dialplans` (`id`,`name`                    ,`dptype`          ,`data1`,`data2`,`data3`,`data4`,`data5`,`data6`,`data7`,`data8`,`sound_file_id`,`user_id`) VALUES
                        (  2 ,'CallingCard'             ,'callingcard'     , 10    , 4     , 0     , 0     , 3     , 3     , 0     , NULL  ,             0 ,       0 ), 
                        (  3 ,'AuthByPIN'               ,'authbypin'       , 3     , 3     , 1     , 0     , NULL  , NULL  , NULL  , NULL  ,             0 ,       0 ), 
                        (  4 ,'IVRDialPlan'             ,'ivr'             ,''     ,''     ,''     , ''    ,  ''   , ''    ,''     , NULL  ,             0 ,       0 ), 
                        (  5 ,'CallBack'                ,'callback'        , 1     , 5     , 4     , NULL  , NULL  , 0     , NULL  , NULL  ,             0 ,       0 ),
                        (  6 ,'CallingCard re'          ,'callingcard'     , 10    , 4     , 0     , 0     , 3     , 3     , 0     , NULL  ,             0 ,       3 ), 
                        (  7 ,'AuthByPIN re'            ,'authbypin'       , 3     , 3     , 1     , 0     , NULL  , NULL  , NULL  , NULL  ,             0 ,       3 ), 
                        (  8 ,'IVRDialPlan re'          ,'ivr'             ,''     ,''     ,''     , ''    ,  ''   , ''    ,''     , NULL  ,             0 ,       3 ), 
                        (  9 ,'CallBack re'             ,'callback'        , 1     , 5     , 4     , NULL  , NULL  , 0     , NULL  , NULL  ,             0 ,       3 ), 
                        ( 10 ,'Quick Forward DIDs DP re','quickforwarddids', NULL  , NULL  , NULL  , NULL  , NULL  , NULL  , NULL  , NULL  ,             0 ,       3 ); 
#Subscriptions
INSERT INTO `subscriptions`
(`id`, `service_id`, `user_id`, `device_id`, `activation_start`, `activation_end`, `added`, `memo`) 
VALUES
(10,1,0,NULL,'2010-12-22 09:25:00','2017-07-22 09:25:00','2010-04-22 09:25:00','Test_preriodic_service_memo'),
(11,1,2,NULL,'2010-12-22 09:25:00','2017-07-22 09:25:00','2010-04-22 09:25:00','Test_preriodic_service_memo'),
(12,1,3,NULL,'2010-12-22 09:25:00','2017-07-22 09:25:00','2010-04-22 09:25:00','Test_preriodic_service_memo'),
(13,1,4,NULL,'2010-12-22 09:25:00','2017-07-22 09:25:00','2010-04-22 09:25:00','Test_preriodic_service_memo'),
(14,1,5,NULL,'2010-12-22 09:25:00','2017-07-22 09:25:00','2010-04-22 09:25:00','Test_preriodic_service_memo');
#providers
INSERT INTO `providers` 
(`id`,`name`                ,`tech`,`channel`,`login`               ,`password`     ,`server_ip`  ,`port` ,`priority`,`quality`,`tariff_id`,`cut_a`,`cut_b`,`add_a`,`add_b`,`device_id`,`ani` ,`timeout`,`call_limit`,`interpret_noanswer_as_failed`,`interpret_busy_as_failed`,`register`,`reg_extension`,`terminator_id`,`reg_line`,`hidden`,`use_p_asserted_identity`,`user_id`,`common_use`)
VALUES
( 11 ,'common_use_provider' ,'SIP' ,''       ,'common_use_provider' ,'please_change','0.0.0.0'    ,'5060' ,        1 ,       1 ,         1 ,     0 ,     0 ,  ''   ,  ''   ,        2 ,    0 ,      60 ,          0 ,                            0 ,                        0 ,        0 ,''             ,             0 , ''       ,      0 ,                       0 ,       0 ,          1 ), 
( 12 ,'RSPRO_provider'      ,'SIP' ,''       ,'RSPRO_provider'      ,'please_change','0.0.0.0'    ,'5060' ,        1 ,       1 ,         6 ,     0 ,     0 ,  ''   ,   ''  ,        3 ,    0 ,      60 ,          0 ,                            0 ,                        0 ,        0 , NULL          ,             0 , NULL     ,      0 ,                       0 ,       3 ,          0 ); 
#tariff for reseller provider
INSERT INTO `tariffs`
(`id`,`name`                    ,`purpose`       ,`owner_id`,`currency`)
VALUES
( 16 ,'RSPRO_provider_tariff'   ,'provider'      ,        3 ,'USD'     );
#lcr for reseller
INSERT INTO `lcrs`
(`id`,`name`            ,`order`,`user_id`,`first_provider_percent_limit`)
VALUES
( 11 ,'RSPRO_lcr'       ,'price',       0 ,                            0),
( 12 ,'RSPRO_lcr_common','price',       3 ,                            0);
#user_reseller
INSERT INTO `users` 
(`id`, `username` , `password`                               , `usertype`, `logged`, `first_name`, `last_name`, `calltime_normative`, `show_in_realtime_stats`, `balance`, `frozen_balance`, `lcr_id`, `postpaid`, `blocked`, `tariff_id`, `month_plan_perc`, `month_plan_updated`, `sales_this_month`, `sales_this_month_planned`, `show_billing_info`, `primary_device_id`, `credit`, `clientid`, `agreement_number`, `agreement_date`, `language`, `taxation_country`, `vat_number`, `vat_percent`, `address_id`, `accounting_number`, `owner_id`, `hidden`, `allow_loss_calls`, `vouchers_disabled_till`, `uniquehash`, `temporary_id`, `send_invoice_types`, `call_limit`, `sms_tariff_id`, `sms_lcr_id`, `sms_service_active`, `cyberplat_active`, `call_center_agent`, `generate_invoice`, `tax_1`, `tax_2`, `tax_3`, `tax_4`, `block_at`, `block_at_conditional`, `block_conditional_use`, `recording_enabled`, `recording_forced_enabled`, `recordings_email`, `recording_hdd_quota`, `warning_email_active`, `warning_email_balance`, `warning_email_sent`, `tax_id`, `invoice_zero_calls`, `acc_group_id`) VALUES 
(6   ,'user_rspro','6a9f8db8df3143d212fe44572d51576c66b0dca7','user'     ,0        ,'User'       ,'RSPRO'     ,3                    ,0                        ,0         ,0                , 12      ,1          ,0         ,3           ,0                 ,NULL                 ,0                  ,0                          ,1                   ,0                   ,-1       ,''         ,'0000000004'       ,'2011-03-31'     ,''         ,1                  ,''           ,19            ,4            ,''                  ,3          ,0        ,0                 ,  '20011-01-01 00:00:00'  ,NULL         ,NULL           ,0                    ,0            ,NULL           ,NULL          ,0                   ,0                  ,0                        ,1               ,0         ,0         ,0    ,0    ,'2009-01-01',15                    ,0                       ,0                   ,0                          ,NULL               ,100                   ,0                      ,0                        ,0                   ,3           ,1                          ,0);
UPDATE users SET lcr_id=11 where id=5;
update calls set did_inc_price=2 where calldate like "2011%";
update calls set did_price=4 where calldate like "2011%";
update calls set did_prov_price=1.2565 where calldate like "2011%";
