#resellers
INSERT INTO `users` (`id`, `username` , `password`  , `usertype`, `logged`, `first_name`  , `last_name`, `calltime_normative`, `show_in_realtime_stats`, `balance`, `frozen_balance`, `lcr_id`, `postpaid`, `blocked`, `tariff_id`, `month_plan_perc`, `month_plan_updated`, `sales_this_month`, `sales_this_month_planned`, `show_billing_info`, `primary_device_id`, `credit`, `clientid`, `agreement_number`, `agreement_date`, `language`, `taxation_country`, `vat_number`, `vat_percent`, `address_id`, `accounting_number`, `owner_id`, `hidden`, `allow_loss_calls`, `vouchers_disabled_till`, `uniquehash`, `c2c_service_active`, `temporary_id`, `send_invoice_types`, `call_limit`, `c2c_call_price`, `sms_tariff_id`, `sms_lcr_id`, `sms_service_active`, `cyberplat_active`, `call_center_agent`, `generate_invoice`, `tax_1`, `tax_2`, `tax_3`, `tax_4`, `block_at` , `block_at_conditional`, `block_conditional_use`, `recording_enabled`, `recording_forced_enabled`, `recordings_email`, `recording_hdd_quota`, `warning_email_active`, `warning_email_balance`, `warning_email_sent`, `tax_id`, `invoice_zero_calls`, `acc_group_id`) 
VALUES              (11  ,'test_re'   ,'dasddsdff'  ,'reseller' ,0        ,'Test Reseller','#2'        ,3                    ,1                        ,0         ,0                ,1        ,1          ,0         ,2           ,0                 ,'2007-01-01 00:00:00',0                  ,0                          ,1                   ,0                   ,-1       ,NULL       ,NULL               ,NULL             ,NULL       ,NULL               ,NULL         ,18            ,NULL         ,NULL                ,0          ,0        ,0                  ,'2008-01-01 00:00:00'    ,NULL         ,0                    ,NULL           ,1                    ,0            ,NULL             ,NULL            ,NULL         ,0                    ,                  0,0                   ,1                  ,0       ,0       ,0       ,0       ,'2008-01-01',15                     ,0                       ,0                   ,0                          ,NULL               ,100                   ,0                      ,0                       ,0                    ,0        ,1                    ,0), 
                    (12  ,'test_res'  ,'dasfdsdff'  ,'reseller' ,0        ,'Test Reseller','#3'        ,3                    ,1                        ,0         ,0                ,1        ,1          ,0         ,2           ,0                 ,'2007-01-01 00:00:00',0                  ,0                          ,1                   ,0                   ,-1       ,NULL       ,NULL               ,NULL             ,NULL       ,NULL               ,NULL         ,18            ,NULL         ,NULL                ,0          ,0        ,0                  ,'2008-01-01 00:00:00'    ,NULL         ,0                    ,NULL           ,1                    ,0            ,NULL             ,NULL            ,NULL         ,0                    ,                  0,0                   ,1                  ,0       ,0       ,0       ,0       ,'2008-01-01',15                     ,0                       ,0                   ,0                          ,NULL               ,100                   ,0                      ,0                       ,0                    ,0        ,1                    ,0), 
                    (13  ,'test_rese' ,'dasdfsdsdff','reseller' ,0        ,'Test Reseller','#4'        ,3                    ,1                        ,0         ,0                ,1        ,1          ,0         ,2           ,0                 ,'2007-01-01 00:00:00',0                  ,0                          ,1                   ,0                   ,-1       ,NULL       ,NULL               ,NULL             ,NULL       ,NULL               ,NULL         ,18            ,NULL         ,NULL                ,0          ,0        ,0                  ,'2008-01-01 00:00:00'    ,NULL         ,0                    ,NULL           ,1                    ,0            ,NULL             ,NULL            ,NULL         ,0                    ,                  0,0                   ,1                  ,0       ,0       ,0       ,0       ,'2008-01-01',15                     ,0                       ,0                   ,0                          ,NULL               ,100                   ,0                      ,0                       ,0                    ,0        ,1                    ,0), 
                    (14  ,'test_resel','dasdsdfssdf','reseller' ,0        ,'Test Reseller','#5'        ,3                    ,1                        ,0         ,0                ,1        ,1          ,0         ,2           ,0                 ,'2007-01-01 00:00:00',0                  ,0                          ,1                   ,0                   ,-1       ,NULL       ,NULL               ,NULL             ,NULL       ,NULL               ,NULL         ,18            ,NULL         ,NULL                ,0          ,0        ,0                  ,'2008-01-01 00:00:00'    ,NULL         ,0                    ,NULL           ,1                    ,0            ,NULL             ,NULL            ,NULL         ,0                    ,                  0,0                   ,1                  ,0       ,0       ,0       ,0       ,'2008-01-01',15                     ,0                       ,0                   ,0                          ,NULL               ,100                   ,0                      ,0                       ,0                    ,0        ,1                    ,0);
#devices
INSERT INTO `devices` (`id`, `name`, `host`  , `secret`, `context` , `ipaddr`, `port`     , `regseconds`, `accountcode` , `callerid`    , `extension`, `voicemail_active`, `username`       , `device_type`, `user_id`, `primary_did_id`, `works_not_logged`, `forward_to`, `record`, `transfer`, `disallow`, `allow`         , `deny`          , `permit`, `nat`, `qualify`, `fullcontact`, `canreinvite`, `devicegroup_id`, `dtmfmode`, `callgroup`, `pickupgroup`, `fromuser`, `fromdomain`, `trustrpid`, `sendrpid`, `insecure`, `progressinband`, `videosupport`, `location_id`                  , `description`, `istrunk`, `cid_from_dids`, `pin`, `tell_balance`, `tell_time`, `tell_rtime_when_left`, `repeat_rtime_every`, `t38pt_udptl`, `regserver`, `ani`, `promiscredir`, `timeout`, `process_sipchaninfo`, `temporary_id`, `allow_duplicate_calls`, `call_limit`, `faststart`, `h245tunneling`, `latency`, `grace_time`, `recording_to_email`, `recording_keep`, `recording_email`)
VALUES                (8   ,'108'  ,'dynamic','108'    ,'mor_local','0.0.0.0',0           ,1175892667   ,8              ,'\"108\" <108>','108'       ,0                  ,'test_re'         ,'IAX2'        ,11        ,0               ,1                ,0                  ,0            ,'no'     ,'all'      ,'all'      ,'0.0.0.0/0.0.0.0','0.0.0.0/0.0.0.0','yes'    ,'yes' ,''        ,'no'          ,NULL          ,'rfc2833'        ,NULL       ,NULL        ,NULL          ,NULL       ,'no'         ,'no'        ,'no'       ,'never'    ,'no'             ,1              ,'Test Device for Reseller'      ,0             ,0         ,NULL            ,0     ,0              ,60          ,60                     ,'no'                 ,NULL          ,0           ,'no'  ,60             ,0         ,NULL                  ,0              ,0                       ,'yes'        ,'yes'       ,0               ,0         ,0            ,0                    ,NULL),
                      (9   ,'109'  ,'dynamic','109'    ,'mor_local','0.0.0.0',0           ,1175892667   ,9              ,'\"109\" <109>','109'       ,0                  ,'test_res'        ,'SIP'         ,12        ,0               ,1                ,0                  ,0            ,'no'     ,'all'      ,'all'      ,'0.0.0.0/0.0.0.0','0.0.0.0/0.0.0.0','yes'    ,'yes' ,''        ,'no'          ,NULL          ,'rfc2833'        ,NULL       ,NULL        ,NULL          ,NULL       ,'no'         ,'no'        ,'no'       ,'never'    ,'no'             ,1              ,'Test Device for Reseller'      ,0             ,0         ,NULL            ,0     ,0              ,60          ,60                     ,'no'                 ,NULL          ,0           ,'no'  ,60             ,0         ,NULL                  ,0              ,0                       ,'yes'        ,'yes'       ,0               ,0         ,0            ,0                    ,NULL),
                      (10  ,'110'  ,'dynamic','110'    ,'mor_local','0.0.0.0',0           ,1175892667   ,10             ,'\"110\" <110>','110'       ,0                  ,'test_rese'       ,'IAX2'        ,13        ,0               ,1                ,0                  ,0            ,'no'     ,'all'      ,'all'      ,'0.0.0.0/0.0.0.0','0.0.0.0/0.0.0.0','yes'    ,'yes' ,''        ,'no'          ,NULL          ,'rfc2833'        ,NULL       ,NULL        ,NULL          ,NULL       ,'no'         ,'no'        ,'no'       ,'never'    ,'no'             ,1              ,'Test Device for Reseller'      ,0             ,0         ,NULL            ,0     ,0              ,60          ,60                     ,'no'                 ,NULL          ,0           ,'no'  ,60             ,0         ,NULL                  ,0              ,0                       ,'yes'        ,'yes'       ,0               ,0         ,0            ,0                    ,NULL),
                      (11  ,'111'  ,'dynamic','111'    ,'mor_local','0.0.0.0',0           ,1175892667   ,11             ,'\"111\" <111>','111'       ,0                  ,'test_resel'      ,'SIP'         ,14        ,0               ,1                ,0                  ,0            ,'no'     ,'all'      ,'all'      ,'0.0.0.0/0.0.0.0','0.0.0.0/0.0.0.0','yes'    ,'yes' ,''        ,'no'          ,NULL          ,'rfc2833'        ,NULL       ,NULL        ,NULL          ,NULL       ,'no'         ,'no'        ,'no'       ,'never'    ,'no'             ,1              ,'Test Device for Reseller'      ,0             ,0         ,NULL            ,0     ,0              ,60          ,60                     ,'no'                 ,NULL          ,0           ,'no'  ,60             ,0         ,NULL                  ,0              ,0                       ,'yes'        ,'yes'       ,0               ,0         ,0            ,0                    ,NULL),
                      (12  ,'112'  ,'dynamic','112'    ,'mor_local','0.0.0.0',0           ,1175892667   ,12             ,'\"112\" <112>','112'       ,0                  ,'test_re'         ,'IAX2'        ,11        ,0               ,1                ,0                  ,0            ,'no'     ,'all'      ,'all'      ,'0.0.0.0/0.0.0.0','0.0.0.0/0.0.0.0','yes'    ,'yes' ,''        ,'no'          ,NULL          ,'rfc2833'        ,NULL       ,NULL        ,NULL          ,NULL       ,'no'         ,'no'        ,'no'       ,'never'    ,'no'             ,1              ,'Test Device for Reseller'      ,0             ,0         ,NULL            ,0     ,0              ,60          ,60                     ,'no'                 ,NULL          ,0           ,'no'  ,60             ,0         ,NULL                  ,0              ,0                       ,'yes'        ,'yes'       ,0               ,0         ,0            ,0                    ,NULL),
                      (13  ,'113'  ,'dynamic','113'    ,'mor_local','0.0.0.0',0           ,1175892667   ,13             ,'\"113\" <113>','113'       ,0                  ,'test_res'        ,'SIP'         ,12        ,0               ,1                ,0                  ,0            ,'no'     ,'all'      ,'all'      ,'0.0.0.0/0.0.0.0','0.0.0.0/0.0.0.0','yes'    ,'yes' ,''        ,'no'          ,NULL          ,'rfc2833'        ,NULL       ,NULL        ,NULL          ,NULL       ,'no'         ,'no'        ,'no'       ,'never'    ,'no'             ,1              ,'Test Device for Reseller'      ,0             ,0         ,NULL            ,0     ,0              ,60          ,60                     ,'no'                 ,NULL          ,0           ,'no'  ,60             ,0         ,NULL                  ,0              ,0                       ,'yes'        ,'yes'       ,0               ,0         ,0            ,0                    ,NULL),
                      (14  ,'114'  ,'dynamic','114'    ,'mor_local','0.0.0.0',0           ,1175892667   ,14             ,'\"114\" <114>','114'       ,0                  ,'test_rese'       ,'IAX2'        ,13        ,0               ,1                ,0                  ,0            ,'no'     ,'all'      ,'all'      ,'0.0.0.0/0.0.0.0','0.0.0.0/0.0.0.0','yes'    ,'yes' ,''        ,'no'          ,NULL          ,'rfc2833'        ,NULL       ,NULL        ,NULL          ,NULL       ,'no'         ,'no'        ,'no'       ,'never'    ,'no'             ,1              ,'Test Device for Reseller'      ,0             ,0         ,NULL            ,0     ,0              ,60          ,60                     ,'no'                 ,NULL          ,0           ,'no'  ,60             ,0         ,NULL                  ,0              ,0                       ,'yes'        ,'yes'       ,0               ,0         ,0            ,0                    ,NULL),
                      (15  ,'115'  ,'dynamic','115'    ,'mor_local','0.0.0.0',0           ,1175892667   ,14             ,'\"115\" <115>','115'       ,0                  ,'test_resel'      ,'SIP'         ,14        ,0               ,1                ,0                  ,0            ,'no'     ,'all'      ,'all'      ,'0.0.0.0/0.0.0.0','0.0.0.0/0.0.0.0','yes'    ,'yes' ,''        ,'no'          ,NULL          ,'rfc2833'        ,NULL       ,NULL        ,NULL          ,NULL       ,'no'         ,'no'        ,'no'       ,'never'    ,'no'             ,1              ,'Test Device for Reseller'      ,0             ,0         ,NULL            ,0     ,0              ,60          ,60                     ,'no'                 ,NULL          ,0           ,'no'  ,60             ,0         ,NULL                  ,0              ,0                       ,'yes'        ,'yes'       ,0               ,0         ,0            ,0                    ,NULL);
#cards group
INSERT INTO `cardgroups` 
(`id`, `name`                      , `description`              , `price`, `setup_fee`, `ghost_min_perc`, `daily_charge`, `tariff_id`, `lcr_id`, `created_at`         , `valid_from`       , `valid_till`        , `vat_percent`, `number_length`, `pin_length`, `dialplan_id`, `image`     , `location_id`, `owner_id`, `tax_id`)
VALUES
(111 ,'Test_cardgroup_for_reseller','Test_cardgroup description',15      ,1           ,100              ,0.1            ,2           ,1        ,'2011-04-16 04:57:41','2011-04-16 00:00:00','2013-04-16 23:59:59',19            ,10              ,4            ,0             ,'example.jpg',1             ,0           ,6);
#cards
INSERT INTO `cards` 
(`id` ,`balance`         ,`cardgroup_id`,`sold`,`number`    ,`pin` ,`first_use`,`daily_charge_paid_till`,`frozen_balance`,`owner_id`,`callerid`,`language`,`name`,`user_id`)
VALUES
( 121 ,               15 ,          111 ,    1 ,'3706001121','3619', NULL      , NULL                   ,              0 ,        0 ,'\"37060011221\" <37060011221>','en'      ,  ''  ,      11 ),
( 122 ,               15 ,          111 ,    1 ,'3706001122','3699', NULL      , NULL                   ,              0 ,        0 ,'\"37060011222\" <37060011222>','en'      ,  ''  ,      12 ),
( 123 ,               15 ,          111 ,    1 ,'3706001123','3020', NULL      , NULL                   ,              0 ,        0 ,'\"37060011223\" <37060011223>','en'      ,  ''  ,      13 ),
( 124 ,               15 ,          111 ,    1 ,'3706001125','6465', NULL      , NULL                   ,              0 ,        0 ,'\"37060011225\" <37060011225>','en'      ,  ''  ,      14 ),
( 125 ,               15 ,          111 ,    1 ,'3706001124','6555', NULL      , NULL                   ,              0 ,        0 ,'\"37060011224\" <37060011224>','en'      ,  ''  ,      0  );
#calls
INSERT INTO `calls` (`id` , `calldate`               , `clid`                        ,`src`        ,`dst`        ,`dcontext` ,`channel` , `dstchannel`, `lastapp`, `lastdata`, `duration`, `billsec`, `disposition`, `amaflags`, `accountcode`, `uniqueid`   , `userfield`, `src_device_id`, `dst_device_id`, `processed`, `did_price`, `card_id`, `provider_id`, `provider_rate`, `provider_billsec`, `provider_price`, `user_id`, `user_rate`, `user_billsec`, `user_price`, `reseller_id`, `reseller_rate`, `reseller_billsec`, `reseller_price`, `partner_id`, `partner_rate`,`partner_billsec`,`partner_price`, `prefix`, `server_id`, `hangupcause`, `callertype`, `peerip`, `recvip`, `sipfrom`, `uri`, `useragent`, `peername`, `t38passthrough`, `did_inc_price`, `did_prov_price`, `localized_dst`, `did_provider_id`, `did_id`, `originator_ip`, `terminator_ip`, `real_duration`, `real_billsec`, `did_billsec`)VALUES 
                    (226  ,'2011-11-01 07:00:01'     ,'\"37060011221\" <37060011221>','37060011221','37060011224',''         ,''        ,''           ,''        ,''         ,40         ,30        ,'ANSWERED'    ,0          ,'8'           ,'1232113379.3',''          ,8               ,5               ,0           ,0           ,121       ,1             ,2               ,0                  ,3                ,11        ,4            ,1              ,5            ,11             ,6               ,0                  ,7                ,0            ,0              ,0                 ,7               ,'3706'   ,1           ,16            ,'Local'       ,''       ,''       ,''        ,''    ,''          ,''         ,0                ,6               ,3                ,'123123'        ,0                 ,0        ,''              ,''              ,0               ,0              ,0),
                    (227  ,'2011-11-02 07:00:01'     ,'\"37060011222\" <37060011222>','37060011222','37060011224',''         ,''        ,''           ,''        ,''         ,40         ,30        ,'ANSWERED'    ,0          ,'9'           ,'1232113379.3',''          ,9               ,5               ,0           ,0           ,122       ,1             ,3               ,0                  ,4                ,12        ,5            ,1              ,6            ,12             ,7               ,0                  ,8                ,0            ,0              ,0                 ,7               ,'3706'   ,1           ,16            ,'Local'       ,''       ,''       ,''        ,''    ,''          ,''         ,0                ,6               ,3                ,'123123'        ,0                 ,0        ,''              ,''              ,0               ,0              ,0),
                    (228  ,'2011-11-03 07:00:01'     ,'\"37060011223\" <37060011223>','37060011223','37060011224',''         ,''        ,''           ,''        ,''         ,40         ,30        ,'ANSWERED'    ,0          ,'10'           ,'1232113379.3',''          ,10             ,5               ,0           ,0           ,123       ,1             ,4               ,0                  ,5                ,13        ,6            ,1              ,7            ,13             ,8               ,0                  ,9                ,0            ,0              ,0                 ,7               ,'3706'   ,1           ,16            ,'Local'       ,''       ,''       ,''        ,''    ,''          ,''         ,0                ,6               ,3                ,'123123'        ,0                 ,0        ,''              ,''              ,0               ,0              ,0),
                    (229  ,'2011-11-04 07:00:01'     ,'\"37060011225\" <37060011225>','37060011225','37060011224',''         ,''        ,''           ,''        ,''         ,40         ,30        ,'ANSWERED'    ,0          ,'11'           ,'1232113379.3',''          ,11             ,5               ,0           ,0           ,124       ,1             ,5               ,0                  ,6                ,14        ,7            ,1              ,8            ,14             ,9               ,0                  ,10               ,0            ,0              ,0                 ,7               ,'3706'   ,1           ,16            ,'Local'       ,''       ,''       ,''        ,''    ,''          ,''         ,0                ,6               ,3                ,'123123'        ,0                 ,0        ,''              ,''              ,0               ,0              ,0),
                    (230  ,'2011-11-05 07:00:01'     ,'\"37060011221\" <37060011221>','37060011221','37060011224',''         ,''        ,''           ,''        ,''         ,40         ,30        ,'ANSWERED'    ,0          ,'8'           ,'1232113379.3',''          ,8               ,5               ,0           ,0           ,121       ,1             ,2               ,0                  ,3                ,11        ,4            ,1              ,5            ,11             ,6               ,0                  ,7                ,0            ,0              ,0                 ,7               ,'3706'   ,1           ,16            ,'Local'       ,''       ,''       ,''        ,''    ,''          ,''         ,0                ,6               ,3                ,'123123'        ,0                 ,0        ,''              ,''              ,0               ,0              ,0),
                    (231  ,'2011-11-06 07:00:01'     ,'\"37060011222\" <37060011222>','37060011222','37060011224',''         ,''        ,''           ,''        ,''         ,40         ,30        ,'ANSWERED'    ,0          ,'9'           ,'1232113379.3',''          ,9               ,5               ,0           ,0           ,122       ,1             ,3               ,0                  ,4                ,12        ,5            ,1              ,6            ,12             ,7               ,0                  ,8                ,0            ,0              ,0                 ,7               ,'3706'   ,1           ,16            ,'Local'       ,''       ,''       ,''        ,''    ,''          ,''         ,0                ,6               ,3                ,'123123'        ,0                 ,0        ,''              ,''              ,0               ,0              ,0),
                    (232  ,'2011-11-07 07:00:01'     ,'\"37060011223\" <37060011223>','37060011223','37060011224',''         ,''        ,''           ,''        ,''         ,40         ,30        ,'ANSWERED'    ,0          ,'10'           ,'1232113379.3',''          ,10             ,5               ,0           ,0           ,123       ,1             ,4               ,0                  ,5                ,13        ,6            ,1              ,7            ,13             ,8               ,0                  ,9                ,0            ,0              ,0                 ,7               ,'3706'   ,1           ,16            ,'Local'       ,''       ,''       ,''        ,''    ,''          ,''         ,0                ,6               ,3                ,'123123'        ,0                 ,0        ,''              ,''              ,0               ,0              ,0),
                    (233  ,'2011-11-08 07:00:01'     ,'\"37060011225\" <37060011225>','37060011225','37060011224',''         ,''        ,''           ,''        ,''         ,40         ,30        ,'ANSWERED'    ,0          ,'11'           ,'1232113379.3',''          ,11             ,5               ,0           ,0           ,124       ,1             ,5               ,0                  ,6                ,14        ,7            ,1              ,8            ,14             ,9               ,0                  ,10               ,0            ,0              ,0                 ,7               ,'3706'   ,1           ,16            ,'Local'       ,''       ,''       ,''        ,''    ,''          ,''         ,0                ,6               ,3                ,'123123'        ,0                 ,0        ,''              ,''              ,0               ,0              ,0),
                    (234  ,'2011-11-09 07:00:01'     ,'\"37060011221\" <37060011221>','37060011221','37060011224',''         ,''        ,''           ,''        ,''         ,40         ,30        ,'ANSWERED'    ,0          ,'8'           ,'1232113379.3',''          ,8               ,5               ,0           ,0           ,121       ,1             ,2               ,0                  ,3                ,11        ,4            ,1              ,5            ,11             ,6               ,0                  ,7                ,3            ,0              ,0                 ,7               ,'3706'   ,1           ,16            ,'Local'       ,''       ,''       ,''        ,''    ,''          ,''         ,0                ,6               ,3                ,'123123'        ,0                 ,0        ,''              ,''              ,0               ,0              ,0),
                    (235  ,'2011-11-10 07:00:01'     ,'\"37060011222\" <37060011222>','37060011222','37060011224',''         ,''        ,''           ,''        ,''         ,40         ,30        ,'ANSWERED'    ,0          ,'9'           ,'1232113379.3',''          ,9               ,5               ,0           ,0           ,122       ,1             ,3               ,0                  ,4                ,12        ,5            ,1              ,6            ,12             ,7               ,0                  ,8                ,3            ,0              ,0                 ,7               ,'3706'   ,1           ,16            ,'Local'       ,''       ,''       ,''        ,''    ,''          ,''         ,0                ,6               ,3                ,'123123'        ,0                 ,0        ,''              ,''              ,0               ,0              ,0),
                    (236  ,'2011-11-11 07:00:01'     ,'\"37060011223\" <37060011223>','37060011223','37060011224',''         ,''        ,''           ,''        ,''         ,40         ,30        ,'ANSWERED'    ,0          ,'10'           ,'1232113379.3',''          ,10             ,5               ,0           ,0           ,123       ,1             ,4               ,0                  ,5                ,13        ,6            ,1              ,7            ,13             ,8               ,0                  ,9                ,0            ,0              ,0                 ,7               ,'3706'   ,1           ,16            ,'Local'       ,''       ,''       ,''        ,''    ,''          ,''         ,0                ,6               ,3                ,'123123'        ,0                 ,0        ,''              ,''              ,0               ,0              ,0),
                    (237  ,'2011-11-12 07:00:01'     ,'\"37060011225\" <37060011225>','37060011225','37060011224',''         ,''        ,''           ,''        ,''         ,40         ,30        ,'ANSWERED'    ,0          ,'11'           ,'1232113379.3',''          ,11             ,5               ,0           ,0           ,124       ,1             ,5               ,0                  ,6                ,14        ,7            ,1              ,8            ,14             ,9               ,0                  ,10               ,3            ,0              ,0                 ,7               ,'3706'   ,1           ,16            ,'Local'       ,''       ,''       ,''        ,''    ,''          ,''         ,0                ,6               ,3                ,'123123'        ,0                 ,0        ,''              ,''              ,0               ,0              ,0),
                    (238  ,'2011-11-13 07:00:01'     ,'\"37060011221\" <37060011221>','37060011221','37060011224',''         ,''        ,''           ,''        ,''         ,40         ,30        ,'ANSWERED'    ,0          ,'8'           ,'1232113379.3',''          ,8               ,5               ,0           ,0           ,121       ,1             ,2               ,0                  ,3                ,11        ,4            ,1              ,5            ,11             ,6               ,0                  ,7                ,0            ,0              ,0                 ,7               ,'3706'   ,1           ,16            ,'Local'       ,''       ,''       ,''        ,''    ,''          ,''         ,0                ,6               ,3                ,'123123'        ,0                 ,0        ,''              ,''              ,0               ,0              ,0),
                    (239  ,'2011-11-14 07:00:01'     ,'\"37060011222\" <37060011222>','37060011222','37060011224',''         ,''        ,''           ,''        ,''         ,40         ,30        ,'ANSWERED'    ,0          ,'9'           ,'1232113379.3',''          ,9               ,5               ,0           ,0           ,122       ,1             ,3               ,0                  ,4                ,12        ,5            ,1              ,6            ,12             ,7               ,0                  ,8                ,0            ,0              ,0                 ,7               ,'3706'   ,1           ,16            ,'Local'       ,''       ,''       ,''        ,''    ,''          ,''         ,0                ,6               ,3                ,'123123'        ,0                 ,0        ,''              ,''              ,0               ,0              ,0),
                    (240  ,'2011-11-15 07:00:01'     ,'\"37060011223\" <37060011223>','37060011223','37060011224',''         ,''        ,''           ,''        ,''         ,40         ,30        ,'ANSWERED'    ,0          ,'10'           ,'1232113379.3',''          ,10             ,5               ,0           ,0           ,123       ,1             ,4               ,0                  ,5                ,13        ,6            ,1              ,7            ,13             ,8               ,0                  ,9                ,0            ,0              ,0                 ,7               ,'3706'   ,1           ,16            ,'Local'       ,''       ,''       ,''        ,''    ,''          ,''         ,0                ,6               ,3                ,'123123'        ,0                 ,0        ,''              ,''              ,0               ,0              ,0),
                    (241  ,'2011-11-16 07:00:01'     ,'\"37060011225\" <37060011225>','37060011225','37060011224',''         ,''        ,''           ,''        ,''         ,40         ,30        ,'ANSWERED'    ,0          ,'11'           ,'1232113379.3',''          ,11             ,5               ,0           ,0           ,124       ,1             ,5               ,0                  ,6                ,14        ,7            ,1              ,8            ,14             ,9               ,0                  ,10               ,0            ,0              ,0                 ,7               ,'3706'   ,1           ,16            ,'Local'       ,''       ,''       ,''        ,''    ,''          ,''         ,0                ,6               ,3                ,'123123'        ,0                 ,0        ,''              ,''              ,0               ,0              ,0),
                    (242  ,'2011-11-17 07:00:01'     ,'\"37060011221\" <37060011221>','37060011221','37060011224',''         ,''        ,''           ,''        ,''         ,40         ,30        ,'ANSWERED'    ,0          ,'8'           ,'1232113379.3',''          ,8               ,5               ,0           ,0           ,121       ,1             ,2               ,0                  ,3                ,11        ,4            ,1              ,5            ,11             ,6               ,0                  ,7                ,3            ,0              ,0                 ,7               ,'3706'   ,1           ,16            ,'Local'       ,''       ,''       ,''        ,''    ,''          ,''         ,0                ,6               ,3                ,'123123'        ,0                 ,0        ,''              ,''              ,0               ,0              ,0),
                    (243  ,'2011-11-18 07:00:01'     ,'\"37060011222\" <37060011222>','37060011222','37060011224',''         ,''        ,''           ,''        ,''         ,40         ,30        ,'ANSWERED'    ,0          ,'9'           ,'1232113379.3',''          ,9               ,5               ,0           ,0           ,122       ,1             ,3               ,0                  ,4                ,12        ,5            ,1              ,6            ,12             ,7               ,0                  ,8                ,3            ,0              ,0                 ,7               ,'3706'   ,1           ,16            ,'Local'       ,''       ,''       ,''        ,''    ,''          ,''         ,0                ,6               ,3                ,'123123'        ,0                 ,0        ,''              ,''              ,0               ,0              ,0),
                    (244  ,'2011-11-19 07:00:01'     ,'\"37060011221\" <37060011221>','37060011221','37060011224',''         ,''        ,''           ,''        ,''         ,40         ,30        ,'ANSWERED'    ,0          ,'12'           ,'1232113379.3',''          ,12               ,5               ,0           ,0           ,126       ,1             ,20              ,0                  ,30               ,11        ,4            ,1              ,10           ,11             ,6               ,0                  ,7                ,0            ,0              ,0                 ,7               ,'3706'   ,1           ,16            ,'Local'       ,''       ,''       ,''        ,''    ,''          ,''         ,0                ,6               ,3                ,'123123'        ,0                 ,0        ,''              ,''              ,0               ,0              ,0),
                    (245  ,'2011-11-20 07:00:01'     ,'\"37060011222\" <37060011222>','37060011222','37060011224',''         ,''        ,''           ,''        ,''         ,40         ,30        ,'ANSWERED'    ,0          ,'13'           ,'1232113379.3',''          ,13              ,5               ,0           ,0           ,127       ,1             ,30              ,0                  ,40               ,12        ,5            ,1              ,11           ,12             ,7               ,0                  ,8                ,0            ,0              ,0                 ,7               ,'3706'   ,1           ,16            ,'Local'       ,''       ,''       ,''        ,''    ,''          ,''         ,0                ,6               ,3                ,'123123'        ,0                 ,0        ,''              ,''              ,0               ,0              ,0),
                    (246  ,'2011-11-21 07:00:01'     ,'\"37060011223\" <37060011223>','37060011223','37060011224',''         ,''        ,''           ,''        ,''         ,40         ,30        ,'ANSWERED'    ,0          ,'14'           ,'1232113379.3',''          ,14             ,5               ,0           ,0           ,128       ,1             ,40              ,0                  ,50               ,13        ,6            ,1              ,12           ,13             ,8               ,0                  ,9                ,0            ,0              ,0                 ,7               ,'3706'   ,1           ,16            ,'Local'       ,''       ,''       ,''        ,''    ,''          ,''         ,0                ,6               ,3                ,'123123'        ,0                 ,0        ,''              ,''              ,0               ,0              ,0),
                    (247  ,'2011-11-22 07:00:01'     ,'\"37060011225\" <37060011225>','37060011225','37060011224',''         ,''        ,''           ,''        ,''         ,40         ,30        ,'ANSWERED'    ,0          ,'15'           ,'1232113379.3',''          ,15             ,5               ,0           ,0           ,129       ,1             ,50              ,0                  ,60               ,14        ,7            ,1              ,13           ,14             ,9               ,0                  ,10               ,0            ,0              ,0                 ,7               ,'3706'   ,1           ,16            ,'Local'       ,''       ,''       ,''        ,''    ,''          ,''         ,0                ,6               ,3                ,'123123'        ,0                 ,0        ,''              ,''              ,0               ,0              ,0),
                    (248  ,'2011-11-23 07:00:01'     ,'\"37060011221\" <37060011221>','37060011221','37060011224',''         ,''        ,''           ,''        ,''         ,40         ,30        ,'ANSWERED'    ,0          ,'12'           ,'1232113379.3',''          ,12              ,5               ,0           ,0           ,126       ,1             ,20              ,0                  ,30               ,11        ,4            ,1              ,10           ,11             ,6               ,0                  ,7                ,0            ,0              ,0                 ,7               ,'3706'   ,1           ,16            ,'Local'       ,''       ,''       ,''        ,''    ,''          ,''         ,0                ,6               ,3                ,'123123'        ,0                 ,0        ,''              ,''              ,0               ,0              ,0),
                    (249  ,'2011-11-24 07:00:01'     ,'\"37060011222\" <37060011222>','37060011222','37060011224',''         ,''        ,''           ,''        ,''         ,40         ,30        ,'ANSWERED'    ,0          ,'13'           ,'1232113379.3',''          ,13              ,5               ,0           ,0           ,127       ,1             ,30              ,0                  ,40               ,12        ,5            ,1              ,11           ,12             ,7               ,0                  ,8                ,0            ,0              ,0                 ,7               ,'3706'   ,1           ,16            ,'Local'       ,''       ,''       ,''        ,''    ,''          ,''         ,0                ,6               ,3                ,'123123'        ,0                 ,0        ,''              ,''              ,0               ,0              ,0),
                    (250  ,'2011-11-25 07:00:01'     ,'\"37060011223\" <37060011223>','37060011223','37060011224',''         ,''        ,''           ,''        ,''         ,40         ,30        ,'ANSWERED'    ,0          ,'14'           ,'1232113379.3',''          ,14             ,5               ,0           ,0           ,128       ,1             ,40              ,0                  ,50               ,13        ,6            ,1              ,12           ,13             ,8               ,0                  ,9                ,0            ,0              ,0                 ,7               ,'3706'   ,1           ,16            ,'Local'       ,''       ,''       ,''        ,''    ,''          ,''         ,0                ,6               ,3                ,'123123'        ,0                 ,0        ,''              ,''              ,0               ,0              ,0),
                    (251  ,'2011-11-26 07:00:01'     ,'\"37060011225\" <37060011225>','37060011225','37060011224',''         ,''        ,''           ,''        ,''         ,40         ,30        ,'ANSWERED'    ,0          ,'15'           ,'1232113379.3',''          ,15             ,5               ,0           ,0           ,129       ,1             ,50              ,0                  ,60               ,14        ,7            ,1              ,13           ,14             ,9               ,0                  ,10               ,0            ,0              ,0                 ,7               ,'3706'   ,1           ,16            ,'Local'       ,''       ,''       ,''        ,''    ,''          ,''         ,0                ,6               ,3                ,'123123'        ,0                 ,0        ,''              ,''              ,0               ,0              ,0),
                    (252  ,'2011-11-27 07:00:01'     ,'\"37060011221\" <37060011221>','37060011221','37060011224',''         ,''        ,''           ,''        ,''         ,40         ,30        ,'ANSWERED'    ,0          ,'12'           ,'1232113379.3',''          ,12              ,5               ,0           ,0           ,126       ,1             ,20              ,0                  ,30               ,11        ,4            ,1              ,10           ,11             ,6               ,0                  ,7                ,3            ,0              ,0                 ,7               ,'3706'   ,1           ,16            ,'Local'       ,''       ,''       ,''        ,''    ,''          ,''         ,0                ,6               ,3                ,'123123'        ,0                 ,0        ,''              ,''              ,0               ,0              ,0),
                    (253  ,'2011-11-28 07:00:01'     ,'\"37060011222\" <37060011222>','37060011222','37060011224',''         ,''        ,''           ,''        ,''         ,40         ,30        ,'ANSWERED'    ,0          ,'13'           ,'1232113379.3',''          ,13              ,5               ,0           ,0           ,127       ,1             ,30              ,0                  ,40               ,12        ,5            ,1              ,11           ,12             ,7               ,0                  ,8                ,3            ,0              ,0                 ,7               ,'3706'   ,1           ,16            ,'Local'       ,''       ,''       ,''        ,''    ,''          ,''         ,0                ,6               ,3                ,'123123'        ,0                 ,0        ,''              ,''              ,0               ,0              ,0),
                    (254  ,'2011-11-29 07:00:01'     ,'\"37060011223\" <37060011223>','37060011223','37060011224',''         ,''        ,''           ,''        ,''         ,40         ,30        ,'ANSWERED'    ,0          ,'14'           ,'1232113379.3',''          ,14             ,5               ,0           ,0           ,128       ,1             ,40              ,0                  ,50               ,13        ,6            ,1              ,12           ,13             ,8               ,0                  ,9                ,0            ,0              ,0                 ,7               ,'3706'   ,1           ,16            ,'Local'       ,''       ,''       ,''        ,''    ,''          ,''         ,0                ,6               ,3                ,'123123'        ,0                 ,0        ,''              ,''              ,0               ,0              ,0),
                    (255  ,'2011-11-30 07:00:01'     ,'\"37060011225\" <37060011225>','37060011225','37060011224',''         ,''        ,''           ,''        ,''         ,40         ,30        ,'ANSWERED'    ,0          ,'15'           ,'1232113379.3',''          ,15             ,5               ,0           ,0           ,129       ,1             ,50              ,0                  ,60               ,14        ,7            ,1              ,13           ,14             ,9               ,0                  ,10               ,3            ,0              ,0                 ,7               ,'3706'   ,1           ,16            ,'Local'       ,''       ,''       ,''        ,''    ,''          ,''         ,0                ,6               ,3                ,'123123'        ,0                 ,0        ,''              ,''              ,0               ,0              ,0),
                    (256  ,'2011-11-30 08:00:01'     ,'\"37060011221\" <37060011221>','37060011221','37060011224',''         ,''        ,''           ,''        ,''         ,40         ,30        ,'ANSWERED'    ,0          ,'12'           ,'1232113379.3',''          ,12              ,5               ,0           ,0           ,126       ,1             ,20              ,0                  ,30               ,11        ,4            ,1              ,10           ,11             ,6               ,0                  ,7                ,0            ,0              ,0                 ,7               ,'3706'   ,1           ,16            ,'Local'       ,''       ,''       ,''        ,''    ,''          ,''         ,0                ,6               ,3                ,'123123'        ,0                 ,0        ,''              ,''              ,0               ,0              ,0),
                    (257  ,'2011-11-30 09:00:01'     ,'\"37060011222\" <37060011222>','37060011222','37060011224',''         ,''        ,''           ,''        ,''         ,40         ,30        ,'ANSWERED'    ,0          ,'13'           ,'1232113379.3',''          ,13              ,5               ,0           ,0           ,127       ,1             ,30              ,0                  ,40               ,12        ,5            ,1              ,11           ,12             ,7               ,0                  ,8                ,0            ,0              ,0                 ,7               ,'3706'   ,1           ,16            ,'Local'       ,''       ,''       ,''        ,''    ,''          ,''         ,0                ,6               ,3                ,'123123'        ,0                 ,0        ,''              ,''              ,0               ,0              ,0),
                    (258  ,'2011-11-30 10:00:01'     ,'\"37060011223\" <37060011223>','37060011223','37060011224',''         ,''        ,''           ,''        ,''         ,40         ,30        ,'ANSWERED'    ,0          ,'14'           ,'1232113379.3',''          ,14             ,5               ,0           ,0           ,128       ,1             ,40              ,0                  ,50               ,13        ,6            ,1              ,12           ,13             ,8               ,0                  ,9                ,0            ,0              ,0                 ,7               ,'3706'   ,1           ,16            ,'Local'       ,''       ,''       ,''        ,''    ,''          ,''         ,0                ,6               ,3                ,'123123'        ,0                 ,0        ,''              ,''              ,0               ,0              ,0),
                    (259  ,'2011-11-30 11:00:01'     ,'\"37060011225\" <37060011225>','37060011225','37060011224',''         ,''        ,''           ,''        ,''         ,40         ,30        ,'ANSWERED'    ,0          ,'15'           ,'1232113379.3',''          ,15             ,5               ,0           ,0           ,129       ,1             ,50              ,0                  ,60               ,14        ,7            ,1              ,13           ,14             ,9               ,0                  ,10               ,0            ,0              ,0                 ,7               ,'3706'   ,1           ,16            ,'Local'       ,''       ,''       ,''        ,''    ,''          ,''         ,0                ,6               ,3                ,'123123'        ,0                 ,0        ,''              ,''              ,0               ,0              ,0),
                    (260  ,'2011-11-30 12:00:01'     ,'\"37060011221\" <37060011221>','37060011221','37060011224',''         ,''        ,''           ,''        ,''         ,40         ,30        ,'ANSWERED'    ,0          ,'12'           ,'1232113379.3',''          ,12              ,5               ,0           ,0           ,126       ,1             ,20              ,0                  ,30               ,11        ,4            ,1              ,10           ,11             ,6               ,0                  ,7                ,3            ,0              ,0                 ,7               ,'3706'   ,1           ,16            ,'Local'       ,''       ,''       ,''        ,''    ,''          ,''         ,0                ,6               ,3                ,'123123'        ,0                 ,0        ,''              ,''              ,0               ,0              ,0),
                    (261  ,'2011-11-30 13:00:01'     ,'\"37060011222\" <37060011222>','37060011222','37060011224',''         ,''        ,''           ,''        ,''         ,40         ,30        ,'ANSWERED'    ,0          ,'13'           ,'1232113379.3',''          ,13              ,5               ,0           ,0           ,127       ,1             ,30              ,0                  ,40               ,12        ,5            ,1              ,11           ,12             ,7               ,0                  ,8                ,3            ,0              ,0                 ,7               ,'3706'   ,1           ,16            ,'Local'       ,''       ,''       ,''        ,''    ,''          ,''         ,0                ,6               ,3                ,'123123'        ,0                 ,0        ,''              ,''              ,0               ,0              ,0);
